
firmware.elf:     file format elf64-littleriscv


Disassembly of section .text:

0000000000000000 <_start>:
       0:	30047073          	csrrci	zero,mstatus,8
       4:	10010137          	lui	sp,0x10010
       8:	00010113          	addi	sp,sp,0 # 10010000 <_stack_top>
       c:	100011b7          	lui	gp,0x10001
      10:	82018193          	addi	gp,gp,-2016 # 10000820 <__global_pointer$>
      14:	000022b7          	lui	t0,0x2
      18:	d0028293          	addi	t0,t0,-768 # 1d00 <freertos_risc_v_trap_handler>
      1c:	30529073          	csrrw	zero,mtvec,t0
      20:	000032b7          	lui	t0,0x3
      24:	a7028293          	addi	t0,t0,-1424 # 2a70 <_data_load>
      28:	10000337          	lui	t1,0x10000
      2c:	00030313          	addi	t1,t1,0 # 10000000 <pxCriticalNesting>
      30:	100003b7          	lui	t2,0x10000
      34:	01838393          	addi	t2,t2,24 # 10000018 <_data_end>

0000000000000038 <data_loop>:
      38:	00737c63          	bgeu	t1,t2,50 <data_done>
      3c:	0002be03          	ld	t3,0(t0)
      40:	01c33023          	sd	t3,0(t1)
      44:	00828293          	addi	t0,t0,8
      48:	00830313          	addi	t1,t1,8
      4c:	fedff06f          	jal	zero,38 <data_loop>

0000000000000050 <data_done>:
      50:	100002b7          	lui	t0,0x10000
      54:	02028293          	addi	t0,t0,32 # 10000020 <history>
      58:	10005337          	lui	t1,0x10005
      5c:	46030313          	addi	t1,t1,1120 # 10005460 <_bss_end>

0000000000000060 <bss_loop>:
      60:	0062f863          	bgeu	t0,t1,70 <bss_done>
      64:	0002b023          	sd	zero,0(t0)
      68:	00828293          	addi	t0,t0,8
      6c:	ff5ff06f          	jal	zero,60 <bss_loop>

0000000000000070 <bss_done>:
      70:	7e5000ef          	jal	ra,1054 <main>

0000000000000074 <halt>:
      74:	0000006f          	jal	zero,74 <halt>

0000000000000078 <memset>:
      78:	00c50633          	add	a2,a0,a2
      7c:	00050793          	addi	a5,a0,0
      80:	00c79463          	bne	a5,a2,88 <memset+0x10>
      84:	00008067          	jalr	zero,0(ra)
      88:	00178793          	addi	a5,a5,1
      8c:	feb78fa3          	sb	a1,-1(a5)
      90:	ff1ff06f          	jal	zero,80 <memset+0x8>

0000000000000094 <vram_putc>:
      94:	100055b7          	lui	a1,0x10005
      98:	00a00713          	addi	a4,zero,10
      9c:	3ac5a783          	lw	a5,940(a1) # 100053ac <vrow>
      a0:	10005637          	lui	a2,0x10005
      a4:	0ce50e63          	beq	a0,a4,180 <vram_putc+0xec>
      a8:	00d00713          	addi	a4,zero,13
      ac:	06e51a63          	bne	a0,a4,120 <vram_putc+0x8c>
      b0:	3a062423          	sw	zero,936(a2) # 100053a8 <vcol>
      b4:	3ac5a703          	lw	a4,940(a1)
      b8:	01d00793          	addi	a5,zero,29
      bc:	06e7d063          	bge	a5,a4,11c <vram_putc+0x88>
      c0:	100207b7          	lui	a5,0x10020
      c4:	10021637          	lui	a2,0x10021
      c8:	05078793          	addi	a5,a5,80 # 10020050 <_stack_top+0x10050>
      cc:	96060613          	addi	a2,a2,-1696 # 10020960 <_stack_top+0x10960>
      d0:	00078713          	addi	a4,a5,0
      d4:	05000693          	addi	a3,zero,80
      d8:	00074503          	lbu	a0,0(a4)
      dc:	fff6869b          	addiw	a3,a3,-1
      e0:	00170713          	addi	a4,a4,1
      e4:	faa707a3          	sb	a0,-81(a4)
      e8:	fe0698e3          	bne	a3,zero,d8 <vram_putc+0x44>
      ec:	05078793          	addi	a5,a5,80
      f0:	fec790e3          	bne	a5,a2,d0 <vram_putc+0x3c>
      f4:	100217b7          	lui	a5,0x10021
      f8:	10021737          	lui	a4,0x10021
      fc:	91078793          	addi	a5,a5,-1776 # 10020910 <_stack_top+0x10910>
     100:	02000693          	addi	a3,zero,32
     104:	96070713          	addi	a4,a4,-1696 # 10020960 <_stack_top+0x10960>
     108:	00d78023          	sb	a3,0(a5)
     10c:	00178793          	addi	a5,a5,1
     110:	fee79ce3          	bne	a5,a4,108 <vram_putc+0x74>
     114:	01d00793          	addi	a5,zero,29
     118:	3af5a623          	sw	a5,940(a1)
     11c:	00008067          	jalr	zero,0(ra)
     120:	00800693          	addi	a3,zero,8
     124:	3a862703          	lw	a4,936(a2)
     128:	02d51863          	bne	a0,a3,158 <vram_putc+0xc4>
     12c:	f8e054e3          	bge	zero,a4,b4 <vram_putc+0x20>
     130:	05000693          	addi	a3,zero,80
     134:	02d787bb          	mulw	a5,a5,a3
     138:	fff7071b          	addiw	a4,a4,-1
     13c:	3ae62423          	sw	a4,936(a2)
     140:	00e787bb          	addw	a5,a5,a4
     144:	10020737          	lui	a4,0x10020
     148:	00e787b3          	add	a5,a5,a4
     14c:	02000713          	addi	a4,zero,32
     150:	00e78023          	sb	a4,0(a5)
     154:	f61ff06f          	jal	zero,b4 <vram_putc+0x20>
     158:	05000693          	addi	a3,zero,80
     15c:	02d786bb          	mulw	a3,a5,a3
     160:	10020837          	lui	a6,0x10020
     164:	00e686bb          	addw	a3,a3,a4
     168:	010686b3          	add	a3,a3,a6
     16c:	0017071b          	addiw	a4,a4,1 # 10020001 <_stack_top+0x10001>
     170:	00a68023          	sb	a0,0(a3)
     174:	3ae62423          	sw	a4,936(a2)
     178:	04f00693          	addi	a3,zero,79
     17c:	f2e6dce3          	bge	a3,a4,b4 <vram_putc+0x20>
     180:	0017879b          	addiw	a5,a5,1
     184:	3a062423          	sw	zero,936(a2)
     188:	3af5a623          	sw	a5,940(a1)
     18c:	f29ff06f          	jal	zero,b4 <vram_putc+0x20>

0000000000000190 <vram_clear_all>:
     190:	10021737          	lui	a4,0x10021
     194:	100207b7          	lui	a5,0x10020
     198:	02000693          	addi	a3,zero,32
     19c:	96070713          	addi	a4,a4,-1696 # 10020960 <_stack_top+0x10960>
     1a0:	00d78023          	sb	a3,0(a5) # 10020000 <_stack_top+0x10000>
     1a4:	00178793          	addi	a5,a5,1
     1a8:	fee79ce3          	bne	a5,a4,1a0 <vram_clear_all+0x10>
     1ac:	100057b7          	lui	a5,0x10005
     1b0:	3a07a623          	sw	zero,940(a5) # 100053ac <vrow>
     1b4:	100057b7          	lui	a5,0x10005
     1b8:	3a07a423          	sw	zero,936(a5) # 100053a8 <vcol>
     1bc:	00008067          	jalr	zero,0(ra)

00000000000001c0 <hex2uint>:
     1c0:	00054703          	lbu	a4,0(a0)
     1c4:	03000793          	addi	a5,zero,48
     1c8:	00050693          	addi	a3,a0,0
     1cc:	00f71c63          	bne	a4,a5,1e4 <hex2uint+0x24>
     1d0:	00154783          	lbu	a5,1(a0)
     1d4:	05800713          	addi	a4,zero,88
     1d8:	0df7f793          	andi	a5,a5,223
     1dc:	00e79463          	bne	a5,a4,1e4 <hex2uint+0x24>
     1e0:	00250693          	addi	a3,a0,2
     1e4:	00000513          	addi	a0,zero,0
     1e8:	00900813          	addi	a6,zero,9
     1ec:	00500613          	addi	a2,zero,5
     1f0:	0006c703          	lbu	a4,0(a3)
     1f4:	00071463          	bne	a4,zero,1fc <hex2uint+0x3c>
     1f8:	00008067          	jalr	zero,0(ra)
     1fc:	fd07059b          	addiw	a1,a4,-48
     200:	0ff5f793          	andi	a5,a1,255
     204:	00f86a63          	bltu	a6,a5,218 <hex2uint+0x58>
     208:	00451793          	slli	a5,a0,0x4
     20c:	00f58533          	add	a0,a1,a5
     210:	00168693          	addi	a3,a3,1
     214:	fddff06f          	jal	zero,1f0 <hex2uint+0x30>
     218:	f9f7079b          	addiw	a5,a4,-97
     21c:	0ff7f793          	andi	a5,a5,255
     220:	00f66a63          	bltu	a2,a5,234 <hex2uint+0x74>
     224:	00451793          	slli	a5,a0,0x4
     228:	fa97071b          	addiw	a4,a4,-87
     22c:	00f70533          	add	a0,a4,a5
     230:	fe1ff06f          	jal	zero,210 <hex2uint+0x50>
     234:	fbf7079b          	addiw	a5,a4,-65
     238:	0ff7f793          	andi	a5,a5,255
     23c:	faf66ee3          	bltu	a2,a5,1f8 <hex2uint+0x38>
     240:	00451793          	slli	a5,a0,0x4
     244:	fc97071b          	addiw	a4,a4,-55
     248:	fe5ff06f          	jal	zero,22c <hex2uint+0x6c>

000000000000024c <uint2hex64>:
     24c:	03000793          	addi	a5,zero,48
     250:	00f58023          	sb	a5,0(a1)
     254:	00002637          	lui	a2,0x2
     258:	07800793          	addi	a5,zero,120
     25c:	00f580a3          	sb	a5,1(a1)
     260:	00258693          	addi	a3,a1,2
     264:	03c00713          	addi	a4,zero,60
     268:	1a060613          	addi	a2,a2,416 # 21a0 <__clzdi2+0x40>
     26c:	ffc00813          	addi	a6,zero,-4
     270:	00e557b3          	srl	a5,a0,a4
     274:	00f7f793          	andi	a5,a5,15
     278:	00c787b3          	add	a5,a5,a2
     27c:	0007c783          	lbu	a5,0(a5)
     280:	ffc7071b          	addiw	a4,a4,-4
     284:	00168693          	addi	a3,a3,1
     288:	fef68fa3          	sb	a5,-1(a3)
     28c:	ff0712e3          	bne	a4,a6,270 <uint2hex64+0x24>
     290:	00058923          	sb	zero,18(a1)
     294:	00008067          	jalr	zero,0(ra)

0000000000000298 <cmd_clear>:
     298:	ef9ff06f          	jal	zero,190 <vram_clear_all>

000000000000029c <uint2str>:
     29c:	00051a63          	bne	a0,zero,2b0 <uint2str+0x14>
     2a0:	03000793          	addi	a5,zero,48
     2a4:	00f58023          	sb	a5,0(a1)
     2a8:	000580a3          	sb	zero,1(a1)
     2ac:	00008067          	jalr	zero,0(ra)
     2b0:	fe010113          	addi	sp,sp,-32
     2b4:	00810693          	addi	a3,sp,8
     2b8:	00000713          	addi	a4,zero,0
     2bc:	00068893          	addi	a7,a3,0
     2c0:	00a00813          	addi	a6,zero,10
     2c4:	00900313          	addi	t1,zero,9
     2c8:	03057633          	remu	a2,a0,a6
     2cc:	00070793          	addi	a5,a4,0
     2d0:	00168693          	addi	a3,a3,1
     2d4:	0017071b          	addiw	a4,a4,1
     2d8:	0306061b          	addiw	a2,a2,48
     2dc:	fec68fa3          	sb	a2,-1(a3)
     2e0:	00050613          	addi	a2,a0,0
     2e4:	03055533          	divu	a0,a0,a6
     2e8:	fec360e3          	bltu	t1,a2,2c8 <uint2str+0x2c>
     2ec:	02079793          	slli	a5,a5,0x20
     2f0:	0207d793          	srli	a5,a5,0x20
     2f4:	00058693          	addi	a3,a1,0
     2f8:	fff00613          	addi	a2,zero,-1
     2fc:	0007851b          	addiw	a0,a5,0
     300:	00c51a63          	bne	a0,a2,314 <uint2str+0x78>
     304:	00e585b3          	add	a1,a1,a4
     308:	00058023          	sb	zero,0(a1)
     30c:	02010113          	addi	sp,sp,32
     310:	00008067          	jalr	zero,0(ra)
     314:	00f88533          	add	a0,a7,a5
     318:	00054503          	lbu	a0,0(a0)
     31c:	fff78793          	addi	a5,a5,-1
     320:	00168693          	addi	a3,a3,1
     324:	fea68fa3          	sb	a0,-1(a3)
     328:	fd5ff06f          	jal	zero,2fc <uint2str+0x60>

000000000000032c <puts_all>:
     32c:	fe010113          	addi	sp,sp,-32
     330:	01213023          	sd	s2,0(sp)
     334:	10010937          	lui	s2,0x10010
     338:	00813823          	sd	s0,16(sp)
     33c:	00913423          	sd	s1,8(sp)
     340:	00113c23          	sd	ra,24(sp)
     344:	00050413          	addi	s0,a0,0
     348:	00490493          	addi	s1,s2,4 # 10010004 <_stack_top+0x4>
     34c:	00044783          	lbu	a5,0(s0)
     350:	00079e63          	bne	a5,zero,36c <puts_all+0x40>
     354:	01813083          	ld	ra,24(sp)
     358:	01013403          	ld	s0,16(sp)
     35c:	00813483          	ld	s1,8(sp)
     360:	00013903          	ld	s2,0(sp)
     364:	02010113          	addi	sp,sp,32
     368:	00008067          	jalr	zero,0(ra)
     36c:	0004a703          	lw	a4,0(s1)
     370:	00177713          	andi	a4,a4,1
     374:	fe071ce3          	bne	a4,zero,36c <puts_all+0x40>
     378:	0007879b          	addiw	a5,a5,0
     37c:	00f92023          	sw	a5,0(s2)
     380:	00044503          	lbu	a0,0(s0)
     384:	00140413          	addi	s0,s0,1
     388:	d0dff0ef          	jal	ra,94 <vram_putc>
     38c:	fc1ff06f          	jal	zero,34c <puts_all+0x20>

0000000000000390 <print_hex_line64>:
     390:	fd010113          	addi	sp,sp,-48
     394:	02113423          	sd	ra,40(sp)
     398:	02813023          	sd	s0,32(sp)
     39c:	00058413          	addi	s0,a1,0
     3a0:	f8dff0ef          	jal	ra,32c <puts_all>
     3a4:	00002537          	lui	a0,0x2
     3a8:	1b850513          	addi	a0,a0,440 # 21b8 <__clzdi2+0x58>
     3ac:	f81ff0ef          	jal	ra,32c <puts_all>
     3b0:	00810593          	addi	a1,sp,8
     3b4:	00040513          	addi	a0,s0,0
     3b8:	e95ff0ef          	jal	ra,24c <uint2hex64>
     3bc:	00810513          	addi	a0,sp,8
     3c0:	f6dff0ef          	jal	ra,32c <puts_all>
     3c4:	02013403          	ld	s0,32(sp)
     3c8:	02813083          	ld	ra,40(sp)
     3cc:	00002537          	lui	a0,0x2
     3d0:	56850513          	addi	a0,a0,1384 # 2568 <__clzdi2+0x408>
     3d4:	03010113          	addi	sp,sp,48
     3d8:	f55ff06f          	jal	zero,32c <puts_all>

00000000000003dc <cmd_csr>:
     3dc:	ff010113          	addi	sp,sp,-16
     3e0:	00113423          	sd	ra,8(sp)
     3e4:	300025f3          	csrrs	a1,mstatus,zero
     3e8:	00002537          	lui	a0,0x2
     3ec:	1c050513          	addi	a0,a0,448 # 21c0 <__clzdi2+0x60>
     3f0:	fa1ff0ef          	jal	ra,390 <print_hex_line64>
     3f4:	304025f3          	csrrs	a1,mie,zero
     3f8:	00002537          	lui	a0,0x2
     3fc:	1d050513          	addi	a0,a0,464 # 21d0 <__clzdi2+0x70>
     400:	f91ff0ef          	jal	ra,390 <print_hex_line64>
     404:	344025f3          	csrrs	a1,mip,zero
     408:	00002537          	lui	a0,0x2
     40c:	1e050513          	addi	a0,a0,480 # 21e0 <__clzdi2+0x80>
     410:	f81ff0ef          	jal	ra,390 <print_hex_line64>
     414:	342025f3          	csrrs	a1,mcause,zero
     418:	00002537          	lui	a0,0x2
     41c:	1f050513          	addi	a0,a0,496 # 21f0 <__clzdi2+0x90>
     420:	f71ff0ef          	jal	ra,390 <print_hex_line64>
     424:	341025f3          	csrrs	a1,mepc,zero
     428:	00002537          	lui	a0,0x2
     42c:	20050513          	addi	a0,a0,512 # 2200 <__clzdi2+0xa0>
     430:	f61ff0ef          	jal	ra,390 <print_hex_line64>
     434:	305025f3          	csrrs	a1,mtvec,zero
     438:	00002537          	lui	a0,0x2
     43c:	21050513          	addi	a0,a0,528 # 2210 <__clzdi2+0xb0>
     440:	f51ff0ef          	jal	ra,390 <print_hex_line64>
     444:	b00025f3          	csrrs	a1,mcycle,zero
     448:	00002537          	lui	a0,0x2
     44c:	22050513          	addi	a0,a0,544 # 2220 <__clzdi2+0xc0>
     450:	f41ff0ef          	jal	ra,390 <print_hex_line64>
     454:	020007b7          	lui	a5,0x2000
     458:	0007b583          	ld	a1,0(a5) # 2000000 <_data_load+0x1ffd590>
     45c:	00002537          	lui	a0,0x2
     460:	23050513          	addi	a0,a0,560 # 2230 <__clzdi2+0xd0>
     464:	f2dff0ef          	jal	ra,390 <print_hex_line64>
     468:	020007b7          	lui	a5,0x2000
     46c:	00813083          	ld	ra,8(sp)
     470:	0087b583          	ld	a1,8(a5) # 2000008 <_data_load+0x1ffd598>
     474:	00002537          	lui	a0,0x2
     478:	24050513          	addi	a0,a0,576 # 2240 <__clzdi2+0xe0>
     47c:	01010113          	addi	sp,sp,16
     480:	f11ff06f          	jal	zero,390 <print_hex_line64>

0000000000000484 <cmd_help>:
     484:	00002537          	lui	a0,0x2
     488:	ff010113          	addi	sp,sp,-16
     48c:	25050513          	addi	a0,a0,592 # 2250 <__clzdi2+0xf0>
     490:	00113423          	sd	ra,8(sp)
     494:	e99ff0ef          	jal	ra,32c <puts_all>
     498:	00002537          	lui	a0,0x2
     49c:	26050513          	addi	a0,a0,608 # 2260 <__clzdi2+0x100>
     4a0:	e8dff0ef          	jal	ra,32c <puts_all>
     4a4:	00002537          	lui	a0,0x2
     4a8:	28850513          	addi	a0,a0,648 # 2288 <__clzdi2+0x128>
     4ac:	e81ff0ef          	jal	ra,32c <puts_all>
     4b0:	00002537          	lui	a0,0x2
     4b4:	2b050513          	addi	a0,a0,688 # 22b0 <__clzdi2+0x150>
     4b8:	e75ff0ef          	jal	ra,32c <puts_all>
     4bc:	00002537          	lui	a0,0x2
     4c0:	2d850513          	addi	a0,a0,728 # 22d8 <__clzdi2+0x178>
     4c4:	e69ff0ef          	jal	ra,32c <puts_all>
     4c8:	00002537          	lui	a0,0x2
     4cc:	30050513          	addi	a0,a0,768 # 2300 <__clzdi2+0x1a0>
     4d0:	e5dff0ef          	jal	ra,32c <puts_all>
     4d4:	00002537          	lui	a0,0x2
     4d8:	33050513          	addi	a0,a0,816 # 2330 <__clzdi2+0x1d0>
     4dc:	e51ff0ef          	jal	ra,32c <puts_all>
     4e0:	00002537          	lui	a0,0x2
     4e4:	36050513          	addi	a0,a0,864 # 2360 <__clzdi2+0x200>
     4e8:	e45ff0ef          	jal	ra,32c <puts_all>
     4ec:	00002537          	lui	a0,0x2
     4f0:	39050513          	addi	a0,a0,912 # 2390 <__clzdi2+0x230>
     4f4:	e39ff0ef          	jal	ra,32c <puts_all>
     4f8:	00002537          	lui	a0,0x2
     4fc:	3b850513          	addi	a0,a0,952 # 23b8 <__clzdi2+0x258>
     500:	e2dff0ef          	jal	ra,32c <puts_all>
     504:	00002537          	lui	a0,0x2
     508:	3f850513          	addi	a0,a0,1016 # 23f8 <__clzdi2+0x298>
     50c:	e21ff0ef          	jal	ra,32c <puts_all>
     510:	00002537          	lui	a0,0x2
     514:	42850513          	addi	a0,a0,1064 # 2428 <__clzdi2+0x2c8>
     518:	e15ff0ef          	jal	ra,32c <puts_all>
     51c:	00002537          	lui	a0,0x2
     520:	45850513          	addi	a0,a0,1112 # 2458 <__clzdi2+0x2f8>
     524:	e09ff0ef          	jal	ra,32c <puts_all>
     528:	00813083          	ld	ra,8(sp)
     52c:	00002537          	lui	a0,0x2
     530:	48050513          	addi	a0,a0,1152 # 2480 <__clzdi2+0x320>
     534:	01010113          	addi	sp,sp,16
     538:	df5ff06f          	jal	zero,32c <puts_all>

000000000000053c <cmd_echo>:
     53c:	fc010113          	addi	sp,sp,-64
     540:	000027b7          	lui	a5,0x2
     544:	02813823          	sd	s0,48(sp)
     548:	03213023          	sd	s2,32(sp)
     54c:	01313c23          	sd	s3,24(sp)
     550:	01413823          	sd	s4,16(sp)
     554:	01513423          	sd	s5,8(sp)
     558:	02113c23          	sd	ra,56(sp)
     55c:	02913423          	sd	s1,40(sp)
     560:	00050913          	addi	s2,a0,0
     564:	00058a93          	addi	s5,a1,0
     568:	00100413          	addi	s0,zero,1
     56c:	fff5099b          	addiw	s3,a0,-1
     570:	4b078a13          	addi	s4,a5,1200 # 24b0 <__clzdi2+0x350>
     574:	0004049b          	addiw	s1,s0,0
     578:	0324c863          	blt	s1,s2,5a8 <cmd_echo+0x6c>
     57c:	03013403          	ld	s0,48(sp)
     580:	03813083          	ld	ra,56(sp)
     584:	02813483          	ld	s1,40(sp)
     588:	02013903          	ld	s2,32(sp)
     58c:	01813983          	ld	s3,24(sp)
     590:	01013a03          	ld	s4,16(sp)
     594:	00813a83          	ld	s5,8(sp)
     598:	00002537          	lui	a0,0x2
     59c:	56850513          	addi	a0,a0,1384 # 2568 <__clzdi2+0x408>
     5a0:	04010113          	addi	sp,sp,64
     5a4:	d89ff06f          	jal	zero,32c <puts_all>
     5a8:	00341793          	slli	a5,s0,0x3
     5ac:	00fa87b3          	add	a5,s5,a5
     5b0:	0007b503          	ld	a0,0(a5)
     5b4:	d79ff0ef          	jal	ra,32c <puts_all>
     5b8:	00998663          	beq	s3,s1,5c4 <cmd_echo+0x88>
     5bc:	000a0513          	addi	a0,s4,0
     5c0:	d6dff0ef          	jal	ra,32c <puts_all>
     5c4:	00140413          	addi	s0,s0,1
     5c8:	fadff06f          	jal	zero,574 <cmd_echo+0x38>

00000000000005cc <cmd_info>:
     5cc:	00002537          	lui	a0,0x2
     5d0:	ff010113          	addi	sp,sp,-16
     5d4:	4b850513          	addi	a0,a0,1208 # 24b8 <__clzdi2+0x358>
     5d8:	00113423          	sd	ra,8(sp)
     5dc:	d51ff0ef          	jal	ra,32c <puts_all>
     5e0:	00002537          	lui	a0,0x2
     5e4:	4e050513          	addi	a0,a0,1248 # 24e0 <__clzdi2+0x380>
     5e8:	d45ff0ef          	jal	ra,32c <puts_all>
     5ec:	00002537          	lui	a0,0x2
     5f0:	50850513          	addi	a0,a0,1288 # 2508 <__clzdi2+0x3a8>
     5f4:	d39ff0ef          	jal	ra,32c <puts_all>
     5f8:	00002537          	lui	a0,0x2
     5fc:	54050513          	addi	a0,a0,1344 # 2540 <__clzdi2+0x3e0>
     600:	d2dff0ef          	jal	ra,32c <puts_all>
     604:	00813083          	ld	ra,8(sp)
     608:	00002537          	lui	a0,0x2
     60c:	57050513          	addi	a0,a0,1392 # 2570 <__clzdi2+0x410>
     610:	01010113          	addi	sp,sp,16
     614:	d19ff06f          	jal	zero,32c <puts_all>

0000000000000618 <cmd_memr>:
     618:	00100793          	addi	a5,zero,1
     61c:	00a7c863          	blt	a5,a0,62c <cmd_memr+0x14>
     620:	00002537          	lui	a0,0x2
     624:	59850513          	addi	a0,a0,1432 # 2598 <__clzdi2+0x438>
     628:	d05ff06f          	jal	zero,32c <puts_all>
     62c:	0085b503          	ld	a0,8(a1)
     630:	fc010113          	addi	sp,sp,-64
     634:	02813823          	sd	s0,48(sp)
     638:	02113c23          	sd	ra,56(sp)
     63c:	02913423          	sd	s1,40(sp)
     640:	b81ff0ef          	jal	ra,1c0 <hex2uint>
     644:	00357793          	andi	a5,a0,3
     648:	00050413          	addi	s0,a0,0
     64c:	02078063          	beq	a5,zero,66c <cmd_memr+0x54>
     650:	00002537          	lui	a0,0x2
     654:	5b050513          	addi	a0,a0,1456 # 25b0 <__clzdi2+0x450>
     658:	03013403          	ld	s0,48(sp)
     65c:	03813083          	ld	ra,56(sp)
     660:	02813483          	ld	s1,40(sp)
     664:	04010113          	addi	sp,sp,64
     668:	fc1ff06f          	jal	zero,628 <cmd_memr+0x10>
     66c:	00052483          	lw	s1,0(a0)
     670:	00002537          	lui	a0,0x2
     674:	5d850513          	addi	a0,a0,1496 # 25d8 <__clzdi2+0x478>
     678:	cb5ff0ef          	jal	ra,32c <puts_all>
     67c:	00810593          	addi	a1,sp,8
     680:	00040513          	addi	a0,s0,0
     684:	bc9ff0ef          	jal	ra,24c <uint2hex64>
     688:	00810513          	addi	a0,sp,8
     68c:	ca1ff0ef          	jal	ra,32c <puts_all>
     690:	00002537          	lui	a0,0x2
     694:	5e050513          	addi	a0,a0,1504 # 25e0 <__clzdi2+0x480>
     698:	c95ff0ef          	jal	ra,32c <puts_all>
     69c:	000087b7          	lui	a5,0x8
     6a0:	83078793          	addi	a5,a5,-2000 # 7830 <_data_load+0x4dc0>
     6a4:	00002637          	lui	a2,0x2
     6a8:	00f11423          	sh	a5,8(sp)
     6ac:	00810693          	addi	a3,sp,8
     6b0:	01c00713          	addi	a4,zero,28
     6b4:	1a060613          	addi	a2,a2,416 # 21a0 <__clzdi2+0x40>
     6b8:	ffc00593          	addi	a1,zero,-4
     6bc:	00e4d7bb          	srlw	a5,s1,a4
     6c0:	00f7f793          	andi	a5,a5,15
     6c4:	00c787b3          	add	a5,a5,a2
     6c8:	0007c783          	lbu	a5,0(a5)
     6cc:	ffc7071b          	addiw	a4,a4,-4
     6d0:	00168693          	addi	a3,a3,1
     6d4:	00f680a3          	sb	a5,1(a3)
     6d8:	feb712e3          	bne	a4,a1,6bc <cmd_memr+0xa4>
     6dc:	00810513          	addi	a0,sp,8
     6e0:	00010923          	sb	zero,18(sp)
     6e4:	c49ff0ef          	jal	ra,32c <puts_all>
     6e8:	00002537          	lui	a0,0x2
     6ec:	56850513          	addi	a0,a0,1384 # 2568 <__clzdi2+0x408>
     6f0:	f69ff06f          	jal	zero,658 <cmd_memr+0x40>

00000000000006f4 <cmd_dump>:
     6f4:	00200793          	addi	a5,zero,2
     6f8:	00a7c863          	blt	a5,a0,708 <cmd_dump+0x14>
     6fc:	00002537          	lui	a0,0x2
     700:	5e850513          	addi	a0,a0,1512 # 25e8 <__clzdi2+0x488>
     704:	c29ff06f          	jal	zero,32c <puts_all>
     708:	0085b503          	ld	a0,8(a1)
     70c:	f9010113          	addi	sp,sp,-112
     710:	06813023          	sd	s0,96(sp)
     714:	05413023          	sd	s4,64(sp)
     718:	00058413          	addi	s0,a1,0
     71c:	06113423          	sd	ra,104(sp)
     720:	04913c23          	sd	s1,88(sp)
     724:	05213823          	sd	s2,80(sp)
     728:	05313423          	sd	s3,72(sp)
     72c:	03513c23          	sd	s5,56(sp)
     730:	03613823          	sd	s6,48(sp)
     734:	03713423          	sd	s7,40(sp)
     738:	03813023          	sd	s8,32(sp)
     73c:	a85ff0ef          	jal	ra,1c0 <hex2uint>
     740:	01043703          	ld	a4,16(s0)
     744:	00050a13          	addi	s4,a0,0
     748:	00000413          	addi	s0,zero,0
     74c:	00900613          	addi	a2,zero,9
     750:	00a00593          	addi	a1,zero,10
     754:	00074683          	lbu	a3,0(a4)
     758:	fd06879b          	addiw	a5,a3,-48
     75c:	0ff7f793          	andi	a5,a5,255
     760:	04f67263          	bgeu	a2,a5,7a4 <cmd_dump+0xb0>
     764:	003a7793          	andi	a5,s4,3
     768:	04078863          	beq	a5,zero,7b8 <cmd_dump+0xc4>
     76c:	00002537          	lui	a0,0x2
     770:	5b050513          	addi	a0,a0,1456 # 25b0 <__clzdi2+0x450>
     774:	06013403          	ld	s0,96(sp)
     778:	06813083          	ld	ra,104(sp)
     77c:	05813483          	ld	s1,88(sp)
     780:	05013903          	ld	s2,80(sp)
     784:	04813983          	ld	s3,72(sp)
     788:	04013a03          	ld	s4,64(sp)
     78c:	03813a83          	ld	s5,56(sp)
     790:	03013b03          	ld	s6,48(sp)
     794:	02813b83          	ld	s7,40(sp)
     798:	02013c03          	ld	s8,32(sp)
     79c:	07010113          	addi	sp,sp,112
     7a0:	f65ff06f          	jal	zero,704 <cmd_dump+0x10>
     7a4:	02b4043b          	mulw	s0,s0,a1
     7a8:	00170713          	addi	a4,a4,1
     7ac:	fd04041b          	addiw	s0,s0,-48
     7b0:	0086843b          	addw	s0,a3,s0
     7b4:	fa1ff06f          	jal	zero,754 <cmd_dump+0x60>
     7b8:	00347793          	andi	a5,s0,3
     7bc:	00078663          	beq	a5,zero,7c8 <cmd_dump+0xd4>
     7c0:	0044041b          	addiw	s0,s0,4
     7c4:	ffc47413          	andi	s0,s0,-4
     7c8:	000027b7          	lui	a5,0x2
     7cc:	1b878b93          	addi	s7,a5,440 # 21b8 <__clzdi2+0x58>
     7d0:	00002937          	lui	s2,0x2
     7d4:	000027b7          	lui	a5,0x2
     7d8:	00000493          	addi	s1,zero,0
     7dc:	1a090913          	addi	s2,s2,416 # 21a0 <__clzdi2+0x40>
     7e0:	4b078c13          	addi	s8,a5,1200 # 24b0 <__clzdi2+0x350>
     7e4:	0084ec63          	bltu	s1,s0,7fc <cmd_dump+0x108>
     7e8:	00f47413          	andi	s0,s0,15
     7ec:	0a040663          	beq	s0,zero,898 <cmd_dump+0x1a4>
     7f0:	00002537          	lui	a0,0x2
     7f4:	56850513          	addi	a0,a0,1384 # 2568 <__clzdi2+0x408>
     7f8:	f7dff06f          	jal	zero,774 <cmd_dump+0x80>
     7fc:	02049993          	slli	s3,s1,0x20
     800:	0209d993          	srli	s3,s3,0x20
     804:	00f4f793          	andi	a5,s1,15
     808:	014989b3          	add	s3,s3,s4
     80c:	02079063          	bne	a5,zero,82c <cmd_dump+0x138>
     810:	00810593          	addi	a1,sp,8
     814:	00098513          	addi	a0,s3,0
     818:	a35ff0ef          	jal	ra,24c <uint2hex64>
     81c:	00810513          	addi	a0,sp,8
     820:	b0dff0ef          	jal	ra,32c <puts_all>
     824:	000b8513          	addi	a0,s7,0
     828:	b05ff0ef          	jal	ra,32c <puts_all>
     82c:	0009ab03          	lw	s6,0(s3)
     830:	02000a93          	addi	s5,zero,32
     834:	00000993          	addi	s3,zero,0
     838:	013b57bb          	srlw	a5,s6,s3
     83c:	03879693          	slli	a3,a5,0x38
     840:	03c6d713          	srli	a4,a3,0x3c
     844:	00f7f793          	andi	a5,a5,15
     848:	00e90733          	add	a4,s2,a4
     84c:	00f907b3          	add	a5,s2,a5
     850:	00074703          	lbu	a4,0(a4)
     854:	0007c783          	lbu	a5,0(a5)
     858:	00010513          	addi	a0,sp,0
     85c:	00e10023          	sb	a4,0(sp)
     860:	00f100a3          	sb	a5,1(sp)
     864:	00010123          	sb	zero,2(sp)
     868:	ac5ff0ef          	jal	ra,32c <puts_all>
     86c:	000c0513          	addi	a0,s8,0
     870:	0089899b          	addiw	s3,s3,8
     874:	ab9ff0ef          	jal	ra,32c <puts_all>
     878:	fd5990e3          	bne	s3,s5,838 <cmd_dump+0x144>
     87c:	0044849b          	addiw	s1,s1,4
     880:	00f4f793          	andi	a5,s1,15
     884:	f60790e3          	bne	a5,zero,7e4 <cmd_dump+0xf0>
     888:	00002537          	lui	a0,0x2
     88c:	56850513          	addi	a0,a0,1384 # 2568 <__clzdi2+0x408>
     890:	a9dff0ef          	jal	ra,32c <puts_all>
     894:	f51ff06f          	jal	zero,7e4 <cmd_dump+0xf0>
     898:	06813083          	ld	ra,104(sp)
     89c:	06013403          	ld	s0,96(sp)
     8a0:	05813483          	ld	s1,88(sp)
     8a4:	05013903          	ld	s2,80(sp)
     8a8:	04813983          	ld	s3,72(sp)
     8ac:	04013a03          	ld	s4,64(sp)
     8b0:	03813a83          	ld	s5,56(sp)
     8b4:	03013b03          	ld	s6,48(sp)
     8b8:	02813b83          	ld	s7,40(sp)
     8bc:	02013c03          	ld	s8,32(sp)
     8c0:	07010113          	addi	sp,sp,112
     8c4:	00008067          	jalr	zero,0(ra)

00000000000008c8 <cmd_history>:
     8c8:	100057b7          	lui	a5,0x10005
     8cc:	3a47a783          	lw	a5,932(a5) # 100053a4 <history_count>
     8d0:	08078663          	beq	a5,zero,95c <cmd_history+0x94>
     8d4:	fb010113          	addi	sp,sp,-80
     8d8:	04113423          	sd	ra,72(sp)
     8dc:	04813023          	sd	s0,64(sp)
     8e0:	02913c23          	sd	s1,56(sp)
     8e4:	03213823          	sd	s2,48(sp)
     8e8:	03313423          	sd	s3,40(sp)
     8ec:	03413023          	sd	s4,32(sp)
     8f0:	01513c23          	sd	s5,24(sp)
     8f4:	01613823          	sd	s6,16(sp)
     8f8:	00800693          	addi	a3,zero,8
     8fc:	00078713          	addi	a4,a5,0
     900:	00f6d463          	bge	a3,a5,908 <cmd_history+0x40>
     904:	00068713          	addi	a4,a3,0
     908:	40e7843b          	subw	s0,a5,a4
     90c:	000027b7          	lui	a5,0x2
     910:	61878a93          	addi	s5,a5,1560 # 2618 <__clzdi2+0x4b8>
     914:	100009b7          	lui	s3,0x10000
     918:	000027b7          	lui	a5,0x2
     91c:	00070a1b          	addiw	s4,a4,0
     920:	00000493          	addi	s1,zero,0
     924:	02098993          	addi	s3,s3,32 # 10000020 <history>
     928:	56878b13          	addi	s6,a5,1384 # 2568 <__clzdi2+0x408>
     92c:	0004879b          	addiw	a5,s1,0
     930:	0347cc63          	blt	a5,s4,968 <cmd_history+0xa0>
     934:	04813083          	ld	ra,72(sp)
     938:	04013403          	ld	s0,64(sp)
     93c:	03813483          	ld	s1,56(sp)
     940:	03013903          	ld	s2,48(sp)
     944:	02813983          	ld	s3,40(sp)
     948:	02013a03          	ld	s4,32(sp)
     94c:	01813a83          	ld	s5,24(sp)
     950:	01013b03          	ld	s6,16(sp)
     954:	05010113          	addi	sp,sp,80
     958:	00008067          	jalr	zero,0(ra)
     95c:	00002537          	lui	a0,0x2
     960:	60850513          	addi	a0,a0,1544 # 2608 <__clzdi2+0x4a8>
     964:	9c9ff06f          	jal	zero,32c <puts_all>
     968:	00800793          	addi	a5,zero,8
     96c:	0094093b          	addw	s2,s0,s1
     970:	02f9693b          	remw	s2,s2,a5
     974:	00148493          	addi	s1,s1,1
     978:	00010593          	addi	a1,sp,0
     97c:	00048513          	addi	a0,s1,0
     980:	91dff0ef          	jal	ra,29c <uint2str>
     984:	00010513          	addi	a0,sp,0
     988:	9a5ff0ef          	jal	ra,32c <puts_all>
     98c:	000a8513          	addi	a0,s5,0
     990:	99dff0ef          	jal	ra,32c <puts_all>
     994:	00691513          	slli	a0,s2,0x6
     998:	00a98533          	add	a0,s3,a0
     99c:	991ff0ef          	jal	ra,32c <puts_all>
     9a0:	000b0513          	addi	a0,s6,0
     9a4:	989ff0ef          	jal	ra,32c <puts_all>
     9a8:	f85ff06f          	jal	zero,92c <cmd_history+0x64>

00000000000009ac <cmd_fill>:
     9ac:	00100793          	addi	a5,zero,1
     9b0:	00a7c863          	blt	a5,a0,9c0 <cmd_fill+0x14>
     9b4:	00002537          	lui	a0,0x2
     9b8:	62050513          	addi	a0,a0,1568 # 2620 <__clzdi2+0x4c0>
     9bc:	971ff06f          	jal	zero,32c <puts_all>
     9c0:	0085b783          	ld	a5,8(a1)
     9c4:	10021737          	lui	a4,0x10021
     9c8:	96070713          	addi	a4,a4,-1696 # 10020960 <_stack_top+0x10960>
     9cc:	0007c683          	lbu	a3,0(a5)
     9d0:	100207b7          	lui	a5,0x10020
     9d4:	00d78023          	sb	a3,0(a5) # 10020000 <_stack_top+0x10000>
     9d8:	00178793          	addi	a5,a5,1
     9dc:	fee79ce3          	bne	a5,a4,9d4 <cmd_fill+0x28>
     9e0:	100057b7          	lui	a5,0x10005
     9e4:	3a07a623          	sw	zero,940(a5) # 100053ac <vrow>
     9e8:	00002537          	lui	a0,0x2
     9ec:	100057b7          	lui	a5,0x10005
     9f0:	3a07a423          	sw	zero,936(a5) # 100053a8 <vcol>
     9f4:	63850513          	addi	a0,a0,1592 # 2638 <__clzdi2+0x4d8>
     9f8:	fc5ff06f          	jal	zero,9bc <cmd_fill+0x10>

00000000000009fc <run_command>:
     9fc:	fb010113          	addi	sp,sp,-80
     a00:	00050793          	addi	a5,a0,0
     a04:	04113423          	sd	ra,72(sp)
     a08:	00010713          	addi	a4,sp,0
     a0c:	00000513          	addi	a0,zero,0
     a10:	02000693          	addi	a3,zero,32
     a14:	00800593          	addi	a1,zero,8
     a18:	0007c603          	lbu	a2,0(a5)
     a1c:	00061c63          	bne	a2,zero,a34 <run_command+0x38>
     a20:	04051263          	bne	a0,zero,a64 <run_command+0x68>
     a24:	04813083          	ld	ra,72(sp)
     a28:	05010113          	addi	sp,sp,80
     a2c:	00008067          	jalr	zero,0(ra)
     a30:	00178793          	addi	a5,a5,1
     a34:	0007c603          	lbu	a2,0(a5)
     a38:	fed60ce3          	beq	a2,a3,a30 <run_command+0x34>
     a3c:	fe0602e3          	beq	a2,zero,a20 <run_command+0x24>
     a40:	0015051b          	addiw	a0,a0,1
     a44:	00f73023          	sd	a5,0(a4)
     a48:	0007c603          	lbu	a2,0(a5)
     a4c:	00060863          	beq	a2,zero,a5c <run_command+0x60>
     a50:	04d61663          	bne	a2,a3,a9c <run_command+0xa0>
     a54:	00078023          	sb	zero,0(a5)
     a58:	00178793          	addi	a5,a5,1
     a5c:	00870713          	addi	a4,a4,8
     a60:	fab51ce3          	bne	a0,a1,a18 <run_command+0x1c>
     a64:	00013803          	ld	a6,0(sp)
     a68:	000037b7          	lui	a5,0x3
     a6c:	87878793          	addi	a5,a5,-1928 # 2878 <cmds>
     a70:	0007b703          	ld	a4,0(a5)
     a74:	04071863          	bne	a4,zero,ac4 <run_command+0xc8>
     a78:	00002537          	lui	a0,0x2
     a7c:	64050513          	addi	a0,a0,1600 # 2640 <__clzdi2+0x4e0>
     a80:	8adff0ef          	jal	ra,32c <puts_all>
     a84:	00013503          	ld	a0,0(sp)
     a88:	8a5ff0ef          	jal	ra,32c <puts_all>
     a8c:	00002537          	lui	a0,0x2
     a90:	56850513          	addi	a0,a0,1384 # 2568 <__clzdi2+0x408>
     a94:	899ff0ef          	jal	ra,32c <puts_all>
     a98:	f8dff06f          	jal	zero,a24 <run_command+0x28>
     a9c:	00178793          	addi	a5,a5,1
     aa0:	fa9ff06f          	jal	zero,a48 <run_command+0x4c>
     aa4:	00168693          	addi	a3,a3,1
     aa8:	00170713          	addi	a4,a4,1
     aac:	0006c583          	lbu	a1,0(a3)
     ab0:	00074603          	lbu	a2,0(a4)
     ab4:	00058c63          	beq	a1,zero,acc <run_command+0xd0>
     ab8:	fec586e3          	beq	a1,a2,aa4 <run_command+0xa8>
     abc:	01078793          	addi	a5,a5,16
     ac0:	fb1ff06f          	jal	zero,a70 <run_command+0x74>
     ac4:	00080693          	addi	a3,a6,0 # 10020000 <_stack_top+0x10000>
     ac8:	fe5ff06f          	jal	zero,aac <run_command+0xb0>
     acc:	fe0618e3          	bne	a2,zero,abc <run_command+0xc0>
     ad0:	0087b783          	ld	a5,8(a5)
     ad4:	00010593          	addi	a1,sp,0
     ad8:	000780e7          	jalr	ra,0(a5)
     adc:	f49ff06f          	jal	zero,a24 <run_command+0x28>

0000000000000ae0 <Shell_Task>:
     ae0:	f8010113          	addi	sp,sp,-128
     ae4:	06113c23          	sd	ra,120(sp)
     ae8:	06813823          	sd	s0,112(sp)
     aec:	06913423          	sd	s1,104(sp)
     af0:	07213023          	sd	s2,96(sp)
     af4:	05313c23          	sd	s3,88(sp)
     af8:	05413823          	sd	s4,80(sp)
     afc:	05613023          	sd	s6,64(sp)
     b00:	05513423          	sd	s5,72(sp)
     b04:	e8cff0ef          	jal	ra,190 <vram_clear_all>
     b08:	00002537          	lui	a0,0x2
     b0c:	65050513          	addi	a0,a0,1616 # 2650 <__clzdi2+0x4f0>
     b10:	81dff0ef          	jal	ra,32c <puts_all>
     b14:	00002537          	lui	a0,0x2
     b18:	66850513          	addi	a0,a0,1640 # 2668 <__clzdi2+0x508>
     b1c:	811ff0ef          	jal	ra,32c <puts_all>
     b20:	00002a37          	lui	s4,0x2
     b24:	690a0513          	addi	a0,s4,1680 # 2690 <__clzdi2+0x530>
     b28:	805ff0ef          	jal	ra,32c <puts_all>
     b2c:	000039b7          	lui	s3,0x3
     b30:	000027b7          	lui	a5,0x2
     b34:	00000413          	addi	s0,zero,0
     b38:	00100493          	addi	s1,zero,1
     b3c:	10005937          	lui	s2,0x10005
     b40:	82098993          	addi	s3,s3,-2016 # 2820 <CSWTCH.58>
     b44:	69878b13          	addi	s6,a5,1688 # 2698 <__clzdi2+0x538>
     b48:	10030737          	lui	a4,0x10030
     b4c:	00472783          	lw	a5,4(a4) # 10030004 <_stack_top+0x20004>
     b50:	00470713          	addi	a4,a4,4
     b54:	0017f793          	andi	a5,a5,1
     b58:	02078263          	beq	a5,zero,b7c <Shell_Task+0x9c>
     b5c:	100307b7          	lui	a5,0x10030
     b60:	0007a783          	lw	a5,0(a5) # 10030000 <_stack_top+0x20000>
     b64:	00972023          	sw	s1,0(a4)
     b68:	0e000713          	addi	a4,zero,224
     b6c:	0ff7f793          	andi	a5,a5,255
     b70:	00e79a63          	bne	a5,a4,b84 <Shell_Task+0xa4>
     b74:	100057b7          	lui	a5,0x10005
     b78:	3a9780a3          	sb	s1,929(a5) # 100053a1 <extended_flag.1>
     b7c:	00040a93          	addi	s5,s0,0
     b80:	0e40006f          	jal	zero,c64 <Shell_Task+0x184>
     b84:	0f000713          	addi	a4,zero,240
     b88:	00e79663          	bne	a5,a4,b94 <Shell_Task+0xb4>
     b8c:	3a990023          	sb	s1,928(s2) # 100053a0 <break_flag.0>
     b90:	fedff06f          	jal	zero,b7c <Shell_Task+0x9c>
     b94:	3a094683          	lbu	a3,928(s2)
     b98:	10005737          	lui	a4,0x10005
     b9c:	00068863          	beq	a3,zero,bac <Shell_Task+0xcc>
     ba0:	3a090023          	sb	zero,928(s2)
     ba4:	3a0700a3          	sb	zero,929(a4) # 100053a1 <extended_flag.1>
     ba8:	fd5ff06f          	jal	zero,b7c <Shell_Task+0x9c>
     bac:	3a174a83          	lbu	s5,929(a4)
     bb0:	fe0a9ae3          	bne	s5,zero,ba4 <Shell_Task+0xc4>
     bb4:	feb7879b          	addiw	a5,a5,-21
     bb8:	0ff7f793          	andi	a5,a5,255
     bbc:	05100713          	addi	a4,zero,81
     bc0:	faf76ee3          	bltu	a4,a5,b7c <Shell_Task+0x9c>
     bc4:	00f987b3          	add	a5,s3,a5
     bc8:	0007c503          	lbu	a0,0(a5)
     bcc:	00a00793          	addi	a5,zero,10
     bd0:	0af51263          	bne	a0,a5,c74 <Shell_Task+0x194>
     bd4:	0004079b          	addiw	a5,s0,0
     bd8:	04078793          	addi	a5,a5,64
     bdc:	00002537          	lui	a0,0x2
     be0:	002787b3          	add	a5,a5,sp
     be4:	56850513          	addi	a0,a0,1384 # 2568 <__clzdi2+0x408>
     be8:	fc078023          	sb	zero,-64(a5)
     bec:	f40ff0ef          	jal	ra,32c <puts_all>
     bf0:	06040663          	beq	s0,zero,c5c <Shell_Task+0x17c>
     bf4:	00000793          	addi	a5,zero,0
     bf8:	00010513          	addi	a0,sp,0
     bfc:	00078713          	addi	a4,a5,0
     c00:	00178793          	addi	a5,a5,1
     c04:	00f506b3          	add	a3,a0,a5
     c08:	fff6c683          	lbu	a3,-1(a3)
     c0c:	fe0698e3          	bne	a3,zero,bfc <Shell_Task+0x11c>
     c10:	0007079b          	addiw	a5,a4,0
     c14:	04078263          	beq	a5,zero,c58 <Shell_Task+0x178>
     c18:	10005637          	lui	a2,0x10005
     c1c:	3a462703          	lw	a4,932(a2) # 100053a4 <history_count>
     c20:	00800793          	addi	a5,zero,8
     c24:	100006b7          	lui	a3,0x10000
     c28:	02f767bb          	remw	a5,a4,a5
     c2c:	02068693          	addi	a3,a3,32 # 10000020 <history>
     c30:	00679793          	slli	a5,a5,0x6
     c34:	00d787b3          	add	a5,a5,a3
     c38:	00050693          	addi	a3,a0,0
     c3c:	0006c583          	lbu	a1,0(a3)
     c40:	00168693          	addi	a3,a3,1
     c44:	00178793          	addi	a5,a5,1
     c48:	feb78fa3          	sb	a1,-1(a5)
     c4c:	fe0598e3          	bne	a1,zero,c3c <Shell_Task+0x15c>
     c50:	0017071b          	addiw	a4,a4,1
     c54:	3ae62223          	sw	a4,932(a2)
     c58:	da5ff0ef          	jal	ra,9fc <run_command>
     c5c:	690a0513          	addi	a0,s4,1680
     c60:	eccff0ef          	jal	ra,32c <puts_all>
     c64:	00100513          	addi	a0,zero,1
     c68:	529000ef          	jal	ra,1990 <vTaskDelay>
     c6c:	000a8413          	addi	s0,s5,0
     c70:	ed9ff06f          	jal	zero,b48 <Shell_Task+0x68>
     c74:	00800793          	addi	a5,zero,8
     c78:	00f51c63          	bne	a0,a5,c90 <Shell_Task+0x1b0>
     c7c:	fe0404e3          	beq	s0,zero,c64 <Shell_Task+0x184>
     c80:	fff4041b          	addiw	s0,s0,-1
     c84:	0ff47a93          	andi	s5,s0,255
     c88:	000b0513          	addi	a0,s6,0
     c8c:	fd5ff06f          	jal	zero,c60 <Shell_Task+0x180>
     c90:	0004079b          	addiw	a5,s0,0
     c94:	03f7b713          	sltiu	a4,a5,63
     c98:	ee0702e3          	beq	a4,zero,b7c <Shell_Task+0x9c>
     c9c:	0005069b          	addiw	a3,a0,0
     ca0:	ec050ee3          	beq	a0,zero,b7c <Shell_Task+0x9c>
     ca4:	04078793          	addi	a5,a5,64
     ca8:	0014041b          	addiw	s0,s0,1
     cac:	002787b3          	add	a5,a5,sp
     cb0:	10010737          	lui	a4,0x10010
     cb4:	0ff47a93          	andi	s5,s0,255
     cb8:	fca78023          	sb	a0,-64(a5)
     cbc:	00470713          	addi	a4,a4,4 # 10010004 <_stack_top+0x4>
     cc0:	00072783          	lw	a5,0(a4)
     cc4:	0017f793          	andi	a5,a5,1
     cc8:	fe079ce3          	bne	a5,zero,cc0 <Shell_Task+0x1e0>
     ccc:	100107b7          	lui	a5,0x10010
     cd0:	00d7a023          	sw	a3,0(a5) # 10010000 <_stack_top>
     cd4:	bc0ff0ef          	jal	ra,94 <vram_putc>
     cd8:	f8dff06f          	jal	zero,c64 <Shell_Task+0x184>

0000000000000cdc <cmd_free>:
     cdc:	fe010113          	addi	sp,sp,-32
     ce0:	00113c23          	sd	ra,24(sp)
     ce4:	00813823          	sd	s0,16(sp)
     ce8:	46c010ef          	jal	ra,2154 <xPortGetFreeHeapSize>
     cec:	00050413          	addi	s0,a0,0
     cf0:	00002537          	lui	a0,0x2
     cf4:	6a050513          	addi	a0,a0,1696 # 26a0 <__clzdi2+0x540>
     cf8:	e34ff0ef          	jal	ra,32c <puts_all>
     cfc:	02041513          	slli	a0,s0,0x20
     d00:	00010593          	addi	a1,sp,0
     d04:	02055513          	srli	a0,a0,0x20
     d08:	d94ff0ef          	jal	ra,29c <uint2str>
     d0c:	00010513          	addi	a0,sp,0
     d10:	e1cff0ef          	jal	ra,32c <puts_all>
     d14:	01013403          	ld	s0,16(sp)
     d18:	01813083          	ld	ra,24(sp)
     d1c:	00002537          	lui	a0,0x2
     d20:	6b050513          	addi	a0,a0,1712 # 26b0 <__clzdi2+0x550>
     d24:	02010113          	addi	sp,sp,32
     d28:	e04ff06f          	jal	zero,32c <puts_all>

0000000000000d2c <cmd_uptime>:
     d2c:	fc010113          	addi	sp,sp,-64
     d30:	020007b7          	lui	a5,0x2000
     d34:	02113c23          	sd	ra,56(sp)
     d38:	02813823          	sd	s0,48(sp)
     d3c:	02913423          	sd	s1,40(sp)
     d40:	0007b403          	ld	s0,0(a5) # 2000000 <_data_load+0x1ffd590>
     d44:	081000ef          	jal	ra,15c4 <xTaskGetTickCount>
     d48:	00050493          	addi	s1,a0,0
     d4c:	00002537          	lui	a0,0x2
     d50:	6b850513          	addi	a0,a0,1720 # 26b8 <__clzdi2+0x558>
     d54:	dd8ff0ef          	jal	ra,32c <puts_all>
     d58:	00810593          	addi	a1,sp,8
     d5c:	00040513          	addi	a0,s0,0
     d60:	cecff0ef          	jal	ra,24c <uint2hex64>
     d64:	00810513          	addi	a0,sp,8
     d68:	dc4ff0ef          	jal	ra,32c <puts_all>
     d6c:	00002437          	lui	s0,0x2
     d70:	56840513          	addi	a0,s0,1384 # 2568 <__clzdi2+0x408>
     d74:	db8ff0ef          	jal	ra,32c <puts_all>
     d78:	00002537          	lui	a0,0x2
     d7c:	6c850513          	addi	a0,a0,1736 # 26c8 <__clzdi2+0x568>
     d80:	dacff0ef          	jal	ra,32c <puts_all>
     d84:	02049513          	slli	a0,s1,0x20
     d88:	00810593          	addi	a1,sp,8
     d8c:	02055513          	srli	a0,a0,0x20
     d90:	d0cff0ef          	jal	ra,29c <uint2str>
     d94:	00810513          	addi	a0,sp,8
     d98:	d94ff0ef          	jal	ra,32c <puts_all>
     d9c:	56840513          	addi	a0,s0,1384
     da0:	03013403          	ld	s0,48(sp)
     da4:	03813083          	ld	ra,56(sp)
     da8:	02813483          	ld	s1,40(sp)
     dac:	04010113          	addi	sp,sp,64
     db0:	d7cff06f          	jal	zero,32c <puts_all>

0000000000000db4 <cmd_memw>:
     db4:	00200793          	addi	a5,zero,2
     db8:	00a7c863          	blt	a5,a0,dc8 <cmd_memw+0x14>
     dbc:	00002537          	lui	a0,0x2
     dc0:	6d850513          	addi	a0,a0,1752 # 26d8 <__clzdi2+0x578>
     dc4:	d68ff06f          	jal	zero,32c <puts_all>
     dc8:	0085b503          	ld	a0,8(a1)
     dcc:	fc010113          	addi	sp,sp,-64
     dd0:	02113c23          	sd	ra,56(sp)
     dd4:	02813823          	sd	s0,48(sp)
     dd8:	02913423          	sd	s1,40(sp)
     ddc:	00058493          	addi	s1,a1,0
     de0:	be0ff0ef          	jal	ra,1c0 <hex2uint>
     de4:	00050413          	addi	s0,a0,0
     de8:	0104b503          	ld	a0,16(s1)
     dec:	bd4ff0ef          	jal	ra,1c0 <hex2uint>
     df0:	00347793          	andi	a5,s0,3
     df4:	02078063          	beq	a5,zero,e14 <cmd_memw+0x60>
     df8:	00002537          	lui	a0,0x2
     dfc:	5b050513          	addi	a0,a0,1456 # 25b0 <__clzdi2+0x450>
     e00:	03013403          	ld	s0,48(sp)
     e04:	03813083          	ld	ra,56(sp)
     e08:	02813483          	ld	s1,40(sp)
     e0c:	04010113          	addi	sp,sp,64
     e10:	fb5ff06f          	jal	zero,dc4 <cmd_memw+0x10>
     e14:	0005049b          	addiw	s1,a0,0
     e18:	00002537          	lui	a0,0x2
     e1c:	5d850513          	addi	a0,a0,1496 # 25d8 <__clzdi2+0x478>
     e20:	00942023          	sw	s1,0(s0)
     e24:	d08ff0ef          	jal	ra,32c <puts_all>
     e28:	00810593          	addi	a1,sp,8
     e2c:	00040513          	addi	a0,s0,0
     e30:	c1cff0ef          	jal	ra,24c <uint2hex64>
     e34:	00810513          	addi	a0,sp,8
     e38:	cf4ff0ef          	jal	ra,32c <puts_all>
     e3c:	00002537          	lui	a0,0x2
     e40:	5e050513          	addi	a0,a0,1504 # 25e0 <__clzdi2+0x480>
     e44:	ce8ff0ef          	jal	ra,32c <puts_all>
     e48:	000087b7          	lui	a5,0x8
     e4c:	83078793          	addi	a5,a5,-2000 # 7830 <_data_load+0x4dc0>
     e50:	00002637          	lui	a2,0x2
     e54:	00f11423          	sh	a5,8(sp)
     e58:	00810693          	addi	a3,sp,8
     e5c:	01c00713          	addi	a4,zero,28
     e60:	1a060613          	addi	a2,a2,416 # 21a0 <__clzdi2+0x40>
     e64:	ffc00593          	addi	a1,zero,-4
     e68:	00e4d7bb          	srlw	a5,s1,a4
     e6c:	00f7f793          	andi	a5,a5,15
     e70:	00c787b3          	add	a5,a5,a2
     e74:	0007c783          	lbu	a5,0(a5)
     e78:	ffc7071b          	addiw	a4,a4,-4
     e7c:	00168693          	addi	a3,a3,1
     e80:	00f680a3          	sb	a5,1(a3)
     e84:	feb712e3          	bne	a4,a1,e68 <cmd_memw+0xb4>
     e88:	00810513          	addi	a0,sp,8
     e8c:	00010923          	sb	zero,18(sp)
     e90:	c9cff0ef          	jal	ra,32c <puts_all>
     e94:	00002537          	lui	a0,0x2
     e98:	6f850513          	addi	a0,a0,1784 # 26f8 <__clzdi2+0x598>
     e9c:	f65ff06f          	jal	zero,e00 <cmd_memw+0x4c>

0000000000000ea0 <cmd_repeat>:
     ea0:	00200793          	addi	a5,zero,2
     ea4:	00a7c863          	blt	a5,a0,eb4 <cmd_repeat+0x14>
     ea8:	00002537          	lui	a0,0x2
     eac:	70050513          	addi	a0,a0,1792 # 2700 <__clzdi2+0x5a0>
     eb0:	c7cff06f          	jal	zero,32c <puts_all>
     eb4:	0085b703          	ld	a4,8(a1)
     eb8:	f3010113          	addi	sp,sp,-208
     ebc:	0a913c23          	sd	s1,184(sp)
     ec0:	0c113423          	sd	ra,200(sp)
     ec4:	0c813023          	sd	s0,192(sp)
     ec8:	0b213823          	sd	s2,176(sp)
     ecc:	0b313423          	sd	s3,168(sp)
     ed0:	0b413023          	sd	s4,160(sp)
     ed4:	09513c23          	sd	s5,152(sp)
     ed8:	09613823          	sd	s6,144(sp)
     edc:	00000493          	addi	s1,zero,0
     ee0:	00900613          	addi	a2,zero,9
     ee4:	00a00813          	addi	a6,zero,10
     ee8:	00074683          	lbu	a3,0(a4)
     eec:	fd06879b          	addiw	a5,a3,-48
     ef0:	0ff7f793          	andi	a5,a5,255
     ef4:	0af67e63          	bgeu	a2,a5,fb0 <cmd_repeat+0x110>
     ef8:	01058593          	addi	a1,a1,16
     efc:	00000413          	addi	s0,zero,0
     f00:	00200793          	addi	a5,zero,2
     f04:	03e00893          	addi	a7,zero,62
     f08:	01010313          	addi	t1,sp,16
     f0c:	fff5081b          	addiw	a6,a0,-1
     f10:	02000e13          	addi	t3,zero,32
     f14:	0005b683          	ld	a3,0(a1)
     f18:	00040713          	addi	a4,s0,0
     f1c:	0006c603          	lbu	a2,0(a3)
     f20:	0007041b          	addiw	s0,a4,0
     f24:	00060463          	beq	a2,zero,f2c <cmd_repeat+0x8c>
     f28:	09141e63          	bne	s0,a7,fc4 <cmd_repeat+0x124>
     f2c:	0107da63          	bge	a5,a6,f40 <cmd_repeat+0xa0>
     f30:	09040713          	addi	a4,s0,144
     f34:	00270733          	add	a4,a4,sp
     f38:	f9c70023          	sb	t3,-128(a4)
     f3c:	0014041b          	addiw	s0,s0,1
     f40:	0017879b          	addiw	a5,a5,1
     f44:	00858593          	addi	a1,a1,8
     f48:	00a7d663          	bge	a5,a0,f54 <cmd_repeat+0xb4>
     f4c:	03e42713          	slti	a4,s0,62
     f50:	fc0712e3          	bne	a4,zero,f14 <cmd_repeat+0x74>
     f54:	09040793          	addi	a5,s0,144
     f58:	002787b3          	add	a5,a5,sp
     f5c:	f8078023          	sb	zero,-128(a5)
     f60:	000027b7          	lui	a5,0x2
     f64:	72078993          	addi	s3,a5,1824 # 2720 <__clzdi2+0x5c0>
     f68:	000027b7          	lui	a5,0x2
     f6c:	72878a13          	addi	s4,a5,1832 # 2728 <__clzdi2+0x5c8>
     f70:	02049a93          	slli	s5,s1,0x20
     f74:	000027b7          	lui	a5,0x2
     f78:	00000913          	addi	s2,zero,0
     f7c:	020ada93          	srli	s5,s5,0x20
     f80:	73078b13          	addi	s6,a5,1840 # 2730 <__clzdi2+0x5d0>
     f84:	04991a63          	bne	s2,s1,fd8 <cmd_repeat+0x138>
     f88:	0c813083          	ld	ra,200(sp)
     f8c:	0c013403          	ld	s0,192(sp)
     f90:	0b813483          	ld	s1,184(sp)
     f94:	0b013903          	ld	s2,176(sp)
     f98:	0a813983          	ld	s3,168(sp)
     f9c:	0a013a03          	ld	s4,160(sp)
     fa0:	09813a83          	ld	s5,152(sp)
     fa4:	09013b03          	ld	s6,144(sp)
     fa8:	0d010113          	addi	sp,sp,208
     fac:	00008067          	jalr	zero,0(ra)
     fb0:	030487bb          	mulw	a5,s1,a6
     fb4:	00170713          	addi	a4,a4,1
     fb8:	fd07879b          	addiw	a5,a5,-48
     fbc:	00f684bb          	addw	s1,a3,a5
     fc0:	f29ff06f          	jal	zero,ee8 <cmd_repeat+0x48>
     fc4:	00e30eb3          	add	t4,t1,a4
     fc8:	00168693          	addi	a3,a3,1
     fcc:	00ce8023          	sb	a2,0(t4)
     fd0:	00170713          	addi	a4,a4,1
     fd4:	f49ff06f          	jal	zero,f1c <cmd_repeat+0x7c>
     fd8:	00098513          	addi	a0,s3,0
     fdc:	b50ff0ef          	jal	ra,32c <puts_all>
     fe0:	0019091b          	addiw	s2,s2,1
     fe4:	02091513          	slli	a0,s2,0x20
     fe8:	00010593          	addi	a1,sp,0
     fec:	02055513          	srli	a0,a0,0x20
     ff0:	aacff0ef          	jal	ra,29c <uint2str>
     ff4:	00010513          	addi	a0,sp,0
     ff8:	b34ff0ef          	jal	ra,32c <puts_all>
     ffc:	000a0513          	addi	a0,s4,0
    1000:	b2cff0ef          	jal	ra,32c <puts_all>
    1004:	00010593          	addi	a1,sp,0
    1008:	000a8513          	addi	a0,s5,0
    100c:	a90ff0ef          	jal	ra,29c <uint2str>
    1010:	00010513          	addi	a0,sp,0
    1014:	b18ff0ef          	jal	ra,32c <puts_all>
    1018:	000b0513          	addi	a0,s6,0
    101c:	b10ff0ef          	jal	ra,32c <puts_all>
    1020:	00000793          	addi	a5,zero,0
    1024:	05010513          	addi	a0,sp,80
    1028:	01010693          	addi	a3,sp,16
    102c:	0007871b          	addiw	a4,a5,0
    1030:	00e45663          	bge	s0,a4,103c <cmd_repeat+0x19c>
    1034:	9c9ff0ef          	jal	ra,9fc <run_command>
    1038:	f4dff06f          	jal	zero,f84 <cmd_repeat+0xe4>
    103c:	00f68633          	add	a2,a3,a5
    1040:	00064603          	lbu	a2,0(a2)
    1044:	00f50733          	add	a4,a0,a5
    1048:	00178793          	addi	a5,a5,1
    104c:	00c70023          	sb	a2,0(a4)
    1050:	fddff06f          	jal	zero,102c <cmd_repeat+0x18c>

0000000000001054 <main>:
    1054:	ff010113          	addi	sp,sp,-16
    1058:	00113423          	sd	ra,8(sp)
    105c:	00813023          	sd	s0,0(sp)
    1060:	930ff0ef          	jal	ra,190 <vram_clear_all>
    1064:	100007b7          	lui	a5,0x10000
    1068:	0107b703          	ld	a4,16(a5) # 10000010 <pullNextTime>
    106c:	100057b7          	lui	a5,0x10005
    1070:	43078793          	addi	a5,a5,1072 # 10005430 <ullNextTime>
    1074:	00f70863          	beq	a4,a5,1084 <main+0x30>
    1078:	00002537          	lui	a0,0x2
    107c:	73850513          	addi	a0,a0,1848 # 2738 <__clzdi2+0x5d8>
    1080:	aacff0ef          	jal	ra,32c <puts_all>
    1084:	100007b7          	lui	a5,0x10000
    1088:	0007b703          	ld	a4,0(a5) # 10000000 <pxCriticalNesting>
    108c:	10000437          	lui	s0,0x10000
    1090:	00840793          	addi	a5,s0,8 # 10000008 <xCriticalNesting>
    1094:	00f70863          	beq	a4,a5,10a4 <main+0x50>
    1098:	00002537          	lui	a0,0x2
    109c:	75850513          	addi	a0,a0,1880 # 2758 <__clzdi2+0x5f8>
    10a0:	a8cff0ef          	jal	ra,32c <puts_all>
    10a4:	555557b7          	lui	a5,0x55555
    10a8:	00843703          	ld	a4,8(s0)
    10ac:	55578793          	addi	a5,a5,1365 # 55555555 <_stack_top+0x45545555>
    10b0:	00179793          	slli	a5,a5,0x1
    10b4:	00f70863          	beq	a4,a5,10c4 <main+0x70>
    10b8:	00002537          	lui	a0,0x2
    10bc:	78050513          	addi	a0,a0,1920 # 2780 <__clzdi2+0x620>
    10c0:	a6cff0ef          	jal	ra,32c <puts_all>
    10c4:	000025b7          	lui	a1,0x2
    10c8:	00001537          	lui	a0,0x1
    10cc:	00000793          	addi	a5,zero,0
    10d0:	00100713          	addi	a4,zero,1
    10d4:	00000693          	addi	a3,zero,0
    10d8:	40000613          	addi	a2,zero,1024
    10dc:	7a858593          	addi	a1,a1,1960 # 27a8 <__clzdi2+0x648>
    10e0:	ae050513          	addi	a0,a0,-1312 # ae0 <Shell_Task>
    10e4:	1a4000ef          	jal	ra,1288 <xTaskCreate>
    10e8:	438000ef          	jal	ra,1520 <vTaskStartScheduler>
    10ec:	0000006f          	jal	zero,10ec <main+0x98>

00000000000010f0 <prvIdleTask>:
    10f0:	00100713          	addi	a4,zero,1
    10f4:	aa01b683          	ld	a3,-1376(gp) # 100002c0 <pxReadyTasksLists>
    10f8:	00d76463          	bltu	a4,a3,1100 <prvIdleTask+0x10>
    10fc:	0000006f          	jal	zero,10fc <prvIdleTask+0xc>
    1100:	00000073          	ecall
    1104:	ff1ff06f          	jal	zero,10f4 <prvIdleTask+0x4>

0000000000001108 <prvAddCurrentTaskToDelayedList>:
    1108:	fc010113          	addi	sp,sp,-64
    110c:	100057b7          	lui	a5,0x10005
    1110:	03213023          	sd	s2,32(sp)
    1114:	3f87b903          	ld	s2,1016(a5) # 100053f8 <xTickCount>
    1118:	100057b7          	lui	a5,0x10005
    111c:	4107b783          	ld	a5,1040(a5) # 10005410 <pxDelayedTaskList>
    1120:	02813823          	sd	s0,48(sp)
    1124:	01313c23          	sd	s3,24(sp)
    1128:	10005437          	lui	s0,0x10005
    112c:	00078993          	addi	s3,a5,0
    1130:	100057b7          	lui	a5,0x10005
    1134:	4087b783          	ld	a5,1032(a5) # 10005408 <pxOverflowDelayedTaskList>
    1138:	02913423          	sd	s1,40(sp)
    113c:	00050493          	addi	s1,a0,0
    1140:	41843503          	ld	a0,1048(s0) # 10005418 <pxCurrentTCB>
    1144:	01413823          	sd	s4,16(sp)
    1148:	00b13423          	sd	a1,8(sp)
    114c:	00850513          	addi	a0,a0,8
    1150:	02113c23          	sd	ra,56(sp)
    1154:	00078a13          	addi	s4,a5,0
    1158:	185000ef          	jal	ra,1adc <uxListRemove>
    115c:	00813583          	ld	a1,8(sp)
    1160:	02051463          	bne	a0,zero,1188 <prvAddCurrentTaskToDelayedList+0x80>
    1164:	41843783          	ld	a5,1048(s0)
    1168:	10005737          	lui	a4,0x10005
    116c:	3f073683          	ld	a3,1008(a4) # 100053f0 <uxTopReadyPriority>
    1170:	0587b603          	ld	a2,88(a5)
    1174:	00100793          	addi	a5,zero,1
    1178:	00c797b3          	sll	a5,a5,a2
    117c:	fff7c793          	xori	a5,a5,-1
    1180:	00d7f7b3          	and	a5,a5,a3
    1184:	3ef73823          	sd	a5,1008(a4)
    1188:	00148793          	addi	a5,s1,1
    118c:	06079a63          	bne	a5,zero,1200 <prvAddCurrentTaskToDelayedList+0xf8>
    1190:	0015f593          	andi	a1,a1,1
    1194:	06058663          	beq	a1,zero,1200 <prvAddCurrentTaskToDelayedList+0xf8>
    1198:	a0018793          	addi	a5,gp,-1536 # 10000220 <xSuspendedTaskList>
    119c:	0087b703          	ld	a4,8(a5)
    11a0:	41843683          	ld	a3,1048(s0)
    11a4:	00e6b823          	sd	a4,16(a3)
    11a8:	01073603          	ld	a2,16(a4)
    11ac:	41843683          	ld	a3,1048(s0)
    11b0:	00c6bc23          	sd	a2,24(a3)
    11b4:	41843683          	ld	a3,1048(s0)
    11b8:	00868693          	addi	a3,a3,8
    11bc:	00d63423          	sd	a3,8(a2)
    11c0:	41843683          	ld	a3,1048(s0)
    11c4:	00868693          	addi	a3,a3,8
    11c8:	00d73823          	sd	a3,16(a4)
    11cc:	41843703          	ld	a4,1048(s0)
    11d0:	02f73423          	sd	a5,40(a4)
    11d4:	0007b703          	ld	a4,0(a5)
    11d8:	00170713          	addi	a4,a4,1
    11dc:	00e7b023          	sd	a4,0(a5)
    11e0:	03813083          	ld	ra,56(sp)
    11e4:	03013403          	ld	s0,48(sp)
    11e8:	02813483          	ld	s1,40(sp)
    11ec:	02013903          	ld	s2,32(sp)
    11f0:	01813983          	ld	s3,24(sp)
    11f4:	01013a03          	ld	s4,16(sp)
    11f8:	04010113          	addi	sp,sp,64
    11fc:	00008067          	jalr	zero,0(ra)
    1200:	41843783          	ld	a5,1048(s0)
    1204:	41843583          	ld	a1,1048(s0)
    1208:	009904b3          	add	s1,s2,s1
    120c:	0097b423          	sd	s1,8(a5)
    1210:	00858593          	addi	a1,a1,8
    1214:	0324f463          	bgeu	s1,s2,123c <prvAddCurrentTaskToDelayedList+0x134>
    1218:	03013403          	ld	s0,48(sp)
    121c:	03813083          	ld	ra,56(sp)
    1220:	02813483          	ld	s1,40(sp)
    1224:	02013903          	ld	s2,32(sp)
    1228:	01813983          	ld	s3,24(sp)
    122c:	000a0513          	addi	a0,s4,0
    1230:	01013a03          	ld	s4,16(sp)
    1234:	04010113          	addi	sp,sp,64
    1238:	0550006f          	jal	zero,1a8c <vListInsert>
    123c:	00098513          	addi	a0,s3,0
    1240:	04d000ef          	jal	ra,1a8c <vListInsert>
    1244:	100057b7          	lui	a5,0x10005
    1248:	3c07b703          	ld	a4,960(a5) # 100053c0 <xNextTaskUnblockTime>
    124c:	f8e4fae3          	bgeu	s1,a4,11e0 <prvAddCurrentTaskToDelayedList+0xd8>
    1250:	3c97b023          	sd	s1,960(a5)
    1254:	f8dff06f          	jal	zero,11e0 <prvAddCurrentTaskToDelayedList+0xd8>

0000000000001258 <prvResetNextTaskUnblockTime>:
    1258:	10005737          	lui	a4,0x10005
    125c:	41073783          	ld	a5,1040(a4) # 10005410 <pxDelayedTaskList>
    1260:	0007b683          	ld	a3,0(a5)
    1264:	100057b7          	lui	a5,0x10005
    1268:	00069863          	bne	a3,zero,1278 <prvResetNextTaskUnblockTime+0x20>
    126c:	fff00713          	addi	a4,zero,-1
    1270:	3ce7b023          	sd	a4,960(a5) # 100053c0 <xNextTaskUnblockTime>
    1274:	00008067          	jalr	zero,0(ra)
    1278:	41073703          	ld	a4,1040(a4)
    127c:	01873703          	ld	a4,24(a4)
    1280:	00073703          	ld	a4,0(a4)
    1284:	fedff06f          	jal	zero,1270 <prvResetNextTaskUnblockTime+0x18>

0000000000001288 <xTaskCreate>:
    1288:	fb010113          	addi	sp,sp,-80
    128c:	01613823          	sd	s6,16(sp)
    1290:	00050b13          	addi	s6,a0,0
    1294:	00361513          	slli	a0,a2,0x3
    1298:	02913c23          	sd	s1,56(sp)
    129c:	03313423          	sd	s3,40(sp)
    12a0:	03413023          	sd	s4,32(sp)
    12a4:	01513c23          	sd	s5,24(sp)
    12a8:	01713423          	sd	s7,8(sp)
    12ac:	04113423          	sd	ra,72(sp)
    12b0:	04813023          	sd	s0,64(sp)
    12b4:	03213823          	sd	s2,48(sp)
    12b8:	00058a13          	addi	s4,a1,0
    12bc:	00060993          	addi	s3,a2,0
    12c0:	00068b93          	addi	s7,a3,0
    12c4:	00070493          	addi	s1,a4,0
    12c8:	00078a93          	addi	s5,a5,0
    12cc:	425000ef          	jal	ra,1ef0 <pvPortMalloc>
    12d0:	02051a63          	bne	a0,zero,1304 <xTaskCreate+0x7c>
    12d4:	fff00513          	addi	a0,zero,-1
    12d8:	04813083          	ld	ra,72(sp)
    12dc:	04013403          	ld	s0,64(sp)
    12e0:	03813483          	ld	s1,56(sp)
    12e4:	03013903          	ld	s2,48(sp)
    12e8:	02813983          	ld	s3,40(sp)
    12ec:	02013a03          	ld	s4,32(sp)
    12f0:	01813a83          	ld	s5,24(sp)
    12f4:	01013b03          	ld	s6,16(sp)
    12f8:	00813b83          	ld	s7,8(sp)
    12fc:	05010113          	addi	sp,sp,80
    1300:	00008067          	jalr	zero,0(ra)
    1304:	00050913          	addi	s2,a0,0
    1308:	09000513          	addi	a0,zero,144
    130c:	3e5000ef          	jal	ra,1ef0 <pvPortMalloc>
    1310:	00050413          	addi	s0,a0,0
    1314:	1c050a63          	beq	a0,zero,14e8 <xTaskCreate+0x260>
    1318:	00399993          	slli	s3,s3,0x3
    131c:	09000613          	addi	a2,zero,144
    1320:	00000593          	addi	a1,zero,0
    1324:	ff898993          	addi	s3,s3,-8
    1328:	d51fe0ef          	jal	ra,78 <memset>
    132c:	07243023          	sd	s2,96(s0)
    1330:	01390933          	add	s2,s2,s3
    1334:	ff097913          	andi	s2,s2,-16
    1338:	020a0663          	beq	s4,zero,1364 <xTaskCreate+0xdc>
    133c:	00000793          	addi	a5,zero,0
    1340:	01000693          	addi	a3,zero,16
    1344:	00fa0733          	add	a4,s4,a5
    1348:	00074703          	lbu	a4,0(a4)
    134c:	00f40633          	add	a2,s0,a5
    1350:	06e60423          	sb	a4,104(a2)
    1354:	00070663          	beq	a4,zero,1360 <xTaskCreate+0xd8>
    1358:	00178793          	addi	a5,a5,1
    135c:	fed794e3          	bne	a5,a3,1344 <xTaskCreate+0xbc>
    1360:	06040ba3          	sb	zero,119(s0)
    1364:	00400793          	addi	a5,zero,4
    1368:	0097f463          	bgeu	a5,s1,1370 <xTaskCreate+0xe8>
    136c:	00078493          	addi	s1,a5,0
    1370:	00840a13          	addi	s4,s0,8
    1374:	000a0513          	addi	a0,s4,0
    1378:	04943c23          	sd	s1,88(s0)
    137c:	06943c23          	sd	s1,120(s0)
    1380:	704000ef          	jal	ra,1a84 <vListInitialiseItem>
    1384:	03040513          	addi	a0,s0,48
    1388:	6fc000ef          	jal	ra,1a84 <vListInitialiseItem>
    138c:	00500793          	addi	a5,zero,5
    1390:	409787b3          	sub	a5,a5,s1
    1394:	02843023          	sd	s0,32(s0)
    1398:	02f43823          	sd	a5,48(s0)
    139c:	04843423          	sd	s0,72(s0)
    13a0:	000b8613          	addi	a2,s7,0
    13a4:	000b0593          	addi	a1,s6,0
    13a8:	00090513          	addi	a0,s2,0
    13ac:	011000ef          	jal	ra,1bbc <pxPortInitialiseStack>
    13b0:	00a43023          	sd	a0,0(s0)
    13b4:	000a8463          	beq	s5,zero,13bc <xTaskCreate+0x134>
    13b8:	008ab023          	sd	s0,0(s5)
    13bc:	30047073          	csrrci	zero,mstatus,8
    13c0:	100009b7          	lui	s3,0x10000
    13c4:	0089b783          	ld	a5,8(s3) # 10000008 <xCriticalNesting>
    13c8:	10005737          	lui	a4,0x10005
    13cc:	10005937          	lui	s2,0x10005
    13d0:	00178793          	addi	a5,a5,1
    13d4:	00f9b423          	sd	a5,8(s3)
    13d8:	40073783          	ld	a5,1024(a4) # 10005400 <uxCurrentNumberOfTasks>
    13dc:	00178793          	addi	a5,a5,1
    13e0:	40f73023          	sd	a5,1024(a4)
    13e4:	41893683          	ld	a3,1048(s2) # 10005418 <pxCurrentTCB>
    13e8:	aa018493          	addi	s1,gp,-1376 # 100002c0 <pxReadyTasksLists>
    13ec:	10069463          	bne	a3,zero,14f4 <xTaskCreate+0x26c>
    13f0:	40893c23          	sd	s0,1048(s2)
    13f4:	40073703          	ld	a4,1024(a4)
    13f8:	00100793          	addi	a5,zero,1
    13fc:	04f71a63          	bne	a4,a5,1450 <xTaskCreate+0x1c8>
    1400:	00048a93          	addi	s5,s1,0
    1404:	0c848b13          	addi	s6,s1,200
    1408:	000a8513          	addi	a0,s5,0
    140c:	028a8a93          	addi	s5,s5,40
    1410:	654000ef          	jal	ra,1a64 <vListInitialise>
    1414:	ff5b1ae3          	bne	s6,s5,1408 <xTaskCreate+0x180>
    1418:	a7818513          	addi	a0,gp,-1416 # 10000298 <xDelayedTaskList1>
    141c:	648000ef          	jal	ra,1a64 <vListInitialise>
    1420:	a5018513          	addi	a0,gp,-1456 # 10000270 <xDelayedTaskList2>
    1424:	640000ef          	jal	ra,1a64 <vListInitialise>
    1428:	a2818513          	addi	a0,gp,-1496 # 10000248 <xPendingReadyList>
    142c:	638000ef          	jal	ra,1a64 <vListInitialise>
    1430:	a0018513          	addi	a0,gp,-1536 # 10000220 <xSuspendedTaskList>
    1434:	630000ef          	jal	ra,1a64 <vListInitialise>
    1438:	100057b7          	lui	a5,0x10005
    143c:	a7818b13          	addi	s6,gp,-1416 # 10000298 <xDelayedTaskList1>
    1440:	4167b823          	sd	s6,1040(a5) # 10005410 <pxDelayedTaskList>
    1444:	a5018a93          	addi	s5,gp,-1456 # 10000270 <xDelayedTaskList2>
    1448:	100057b7          	lui	a5,0x10005
    144c:	4157b423          	sd	s5,1032(a5) # 10005408 <pxOverflowDelayedTaskList>
    1450:	10005737          	lui	a4,0x10005
    1454:	3c873783          	ld	a5,968(a4) # 100053c8 <uxTaskNumber>
    1458:	100056b7          	lui	a3,0x10005
    145c:	3f06b603          	ld	a2,1008(a3) # 100053f0 <uxTopReadyPriority>
    1460:	00178793          	addi	a5,a5,1
    1464:	3cf73423          	sd	a5,968(a4)
    1468:	05843703          	ld	a4,88(s0)
    146c:	00100793          	addi	a5,zero,1
    1470:	00e797b3          	sll	a5,a5,a4
    1474:	00c7e7b3          	or	a5,a5,a2
    1478:	3ef6b823          	sd	a5,1008(a3)
    147c:	02800793          	addi	a5,zero,40
    1480:	02f70733          	mul	a4,a4,a5
    1484:	00e487b3          	add	a5,s1,a4
    1488:	0087b703          	ld	a4,8(a5)
    148c:	00e43823          	sd	a4,16(s0)
    1490:	01073683          	ld	a3,16(a4)
    1494:	00d43c23          	sd	a3,24(s0)
    1498:	0146b423          	sd	s4,8(a3)
    149c:	01473823          	sd	s4,16(a4)
    14a0:	0007b703          	ld	a4,0(a5)
    14a4:	02f43423          	sd	a5,40(s0)
    14a8:	00170713          	addi	a4,a4,1
    14ac:	00e7b023          	sd	a4,0(a5)
    14b0:	0089b783          	ld	a5,8(s3)
    14b4:	fff78793          	addi	a5,a5,-1
    14b8:	00f9b423          	sd	a5,8(s3)
    14bc:	00079463          	bne	a5,zero,14c4 <xTaskCreate+0x23c>
    14c0:	30046073          	csrrsi	zero,mstatus,8
    14c4:	100057b7          	lui	a5,0x10005
    14c8:	3e87b783          	ld	a5,1000(a5) # 100053e8 <xSchedulerRunning>
    14cc:	00078a63          	beq	a5,zero,14e0 <xTaskCreate+0x258>
    14d0:	41893783          	ld	a5,1048(s2)
    14d4:	0587b703          	ld	a4,88(a5)
    14d8:	05843783          	ld	a5,88(s0)
    14dc:	02f76e63          	bltu	a4,a5,1518 <xTaskCreate+0x290>
    14e0:	00100513          	addi	a0,zero,1
    14e4:	df5ff06f          	jal	zero,12d8 <xTaskCreate+0x50>
    14e8:	00090513          	addi	a0,s2,0
    14ec:	391000ef          	jal	ra,207c <vPortFree>
    14f0:	de5ff06f          	jal	zero,12d4 <xTaskCreate+0x4c>
    14f4:	100057b7          	lui	a5,0x10005
    14f8:	3e87b783          	ld	a5,1000(a5) # 100053e8 <xSchedulerRunning>
    14fc:	f4079ae3          	bne	a5,zero,1450 <xTaskCreate+0x1c8>
    1500:	41893783          	ld	a5,1048(s2)
    1504:	0587b703          	ld	a4,88(a5)
    1508:	05843783          	ld	a5,88(s0)
    150c:	f4e7e2e3          	bltu	a5,a4,1450 <xTaskCreate+0x1c8>
    1510:	40893c23          	sd	s0,1048(s2)
    1514:	f3dff06f          	jal	zero,1450 <xTaskCreate+0x1c8>
    1518:	00000073          	ecall
    151c:	fc5ff06f          	jal	zero,14e0 <xTaskCreate+0x258>

0000000000001520 <vTaskStartScheduler>:
    1520:	fe010113          	addi	sp,sp,-32
    1524:	000037b7          	lui	a5,0x3
    1528:	00113c23          	sd	ra,24(sp)
    152c:	00013023          	sd	zero,0(sp)
    1530:	00013423          	sd	zero,8(sp)
    1534:	81878793          	addi	a5,a5,-2024 # 2818 <__clzdi2+0x6b8>
    1538:	00010713          	addi	a4,sp,0
    153c:	0007c683          	lbu	a3,0(a5)
    1540:	00170713          	addi	a4,a4,1
    1544:	00178793          	addi	a5,a5,1
    1548:	fed70fa3          	sb	a3,-1(a4)
    154c:	fe0698e3          	bne	a3,zero,153c <vTaskStartScheduler+0x1c>
    1550:	100057b7          	lui	a5,0x10005
    1554:	00001537          	lui	a0,0x1
    1558:	3b878793          	addi	a5,a5,952 # 100053b8 <xIdleTaskHandles>
    155c:	00000713          	addi	a4,zero,0
    1560:	10000613          	addi	a2,zero,256
    1564:	00010593          	addi	a1,sp,0
    1568:	0f050513          	addi	a0,a0,240 # 10f0 <prvIdleTask>
    156c:	d1dff0ef          	jal	ra,1288 <xTaskCreate>
    1570:	00100793          	addi	a5,zero,1
    1574:	02f51463          	bne	a0,a5,159c <vTaskStartScheduler+0x7c>
    1578:	30047073          	csrrci	zero,mstatus,8
    157c:	100057b7          	lui	a5,0x10005
    1580:	fff00713          	addi	a4,zero,-1
    1584:	3ce7b023          	sd	a4,960(a5) # 100053c0 <xNextTaskUnblockTime>
    1588:	100057b7          	lui	a5,0x10005
    158c:	3ea7b423          	sd	a0,1000(a5) # 100053e8 <xSchedulerRunning>
    1590:	100057b7          	lui	a5,0x10005
    1594:	3e07bc23          	sd	zero,1016(a5) # 100053f8 <xTickCount>
    1598:	5f8000ef          	jal	ra,1b90 <xPortStartScheduler>
    159c:	01813083          	ld	ra,24(sp)
    15a0:	000037b7          	lui	a5,0x3
    15a4:	a587b783          	ld	a5,-1448(a5) # 2a58 <uxTopUsedPriority>
    15a8:	02010113          	addi	sp,sp,32
    15ac:	00008067          	jalr	zero,0(ra)

00000000000015b0 <vTaskSuspendAll>:
    15b0:	10005737          	lui	a4,0x10005
    15b4:	3b073783          	ld	a5,944(a4) # 100053b0 <uxSchedulerSuspended>
    15b8:	00178793          	addi	a5,a5,1
    15bc:	3af73823          	sd	a5,944(a4)
    15c0:	00008067          	jalr	zero,0(ra)

00000000000015c4 <xTaskGetTickCount>:
    15c4:	100057b7          	lui	a5,0x10005
    15c8:	3f87b503          	ld	a0,1016(a5) # 100053f8 <xTickCount>
    15cc:	00008067          	jalr	zero,0(ra)

00000000000015d0 <xTaskIncrementTick>:
    15d0:	100057b7          	lui	a5,0x10005
    15d4:	3b07b783          	ld	a5,944(a5) # 100053b0 <uxSchedulerSuspended>
    15d8:	1c079063          	bne	a5,zero,1798 <xTaskIncrementTick+0x1c8>
    15dc:	ff010113          	addi	sp,sp,-16
    15e0:	100057b7          	lui	a5,0x10005
    15e4:	00813023          	sd	s0,0(sp)
    15e8:	3f87b403          	ld	s0,1016(a5) # 100053f8 <xTickCount>
    15ec:	00113423          	sd	ra,8(sp)
    15f0:	00140413          	addi	s0,s0,1
    15f4:	3e87bc23          	sd	s0,1016(a5)
    15f8:	02041863          	bne	s0,zero,1628 <xTaskIncrementTick+0x58>
    15fc:	10005737          	lui	a4,0x10005
    1600:	100057b7          	lui	a5,0x10005
    1604:	41073683          	ld	a3,1040(a4) # 10005410 <pxDelayedTaskList>
    1608:	4087b603          	ld	a2,1032(a5) # 10005408 <pxOverflowDelayedTaskList>
    160c:	40c73823          	sd	a2,1040(a4)
    1610:	40d7b423          	sd	a3,1032(a5)
    1614:	10005737          	lui	a4,0x10005
    1618:	3d073783          	ld	a5,976(a4) # 100053d0 <xNumOfOverflows>
    161c:	00178793          	addi	a5,a5,1
    1620:	3cf73823          	sd	a5,976(a4)
    1624:	c35ff0ef          	jal	ra,1258 <prvResetNextTaskUnblockTime>
    1628:	10005837          	lui	a6,0x10005
    162c:	3c083783          	ld	a5,960(a6) # 100053c0 <xNextTaskUnblockTime>
    1630:	aa018693          	addi	a3,gp,-1376 # 100002c0 <pxReadyTasksLists>
    1634:	100058b7          	lui	a7,0x10005
    1638:	00000613          	addi	a2,zero,0
    163c:	02f46463          	bltu	s0,a5,1664 <xTaskIncrementTick+0x94>
    1640:	10005e37          	lui	t3,0x10005
    1644:	10005337          	lui	t1,0x10005
    1648:	00100f13          	addi	t5,zero,1
    164c:	02800e93          	addi	t4,zero,40
    1650:	410e3783          	ld	a5,1040(t3) # 10005410 <pxDelayedTaskList>
    1654:	0007b783          	ld	a5,0(a5)
    1658:	04079863          	bne	a5,zero,16a8 <xTaskIncrementTick+0xd8>
    165c:	fff00793          	addi	a5,zero,-1
    1660:	3cf83023          	sd	a5,960(a6)
    1664:	4188b703          	ld	a4,1048(a7) # 10005418 <pxCurrentTCB>
    1668:	02800593          	addi	a1,zero,40
    166c:	100057b7          	lui	a5,0x10005
    1670:	05873703          	ld	a4,88(a4)
    1674:	3d87b783          	ld	a5,984(a5) # 100053d8 <xYieldPendings>
    1678:	00813083          	ld	ra,8(sp)
    167c:	02b70733          	mul	a4,a4,a1
    1680:	00013403          	ld	s0,0(sp)
    1684:	00f037b3          	sltu	a5,zero,a5
    1688:	00e686b3          	add	a3,a3,a4
    168c:	0006b503          	ld	a0,0(a3)
    1690:	01010113          	addi	sp,sp,16
    1694:	00253513          	sltiu	a0,a0,2
    1698:	00153513          	sltiu	a0,a0,1
    169c:	00f56533          	or	a0,a0,a5
    16a0:	00c56533          	or	a0,a0,a2
    16a4:	00008067          	jalr	zero,0(ra)
    16a8:	410e3783          	ld	a5,1040(t3)
    16ac:	0187b783          	ld	a5,24(a5)
    16b0:	0187b783          	ld	a5,24(a5)
    16b4:	0087b703          	ld	a4,8(a5)
    16b8:	00e47663          	bgeu	s0,a4,16c4 <xTaskIncrementTick+0xf4>
    16bc:	3ce83023          	sd	a4,960(a6)
    16c0:	fa5ff06f          	jal	zero,1664 <xTaskIncrementTick+0x94>
    16c4:	0107b503          	ld	a0,16(a5)
    16c8:	0187b583          	ld	a1,24(a5)
    16cc:	0287b703          	ld	a4,40(a5)
    16d0:	00b53823          	sd	a1,16(a0)
    16d4:	0107b503          	ld	a0,16(a5)
    16d8:	00a5b423          	sd	a0,8(a1)
    16dc:	00873583          	ld	a1,8(a4)
    16e0:	00878513          	addi	a0,a5,8
    16e4:	00a59663          	bne	a1,a0,16f0 <xTaskIncrementTick+0x120>
    16e8:	0187b583          	ld	a1,24(a5)
    16ec:	00b73423          	sd	a1,8(a4)
    16f0:	00073583          	ld	a1,0(a4)
    16f4:	fff58593          	addi	a1,a1,-1
    16f8:	00b73023          	sd	a1,0(a4)
    16fc:	0507b703          	ld	a4,80(a5)
    1700:	02070e63          	beq	a4,zero,173c <xTaskIncrementTick+0x16c>
    1704:	0387bf83          	ld	t6,56(a5)
    1708:	0407b583          	ld	a1,64(a5)
    170c:	00bfb823          	sd	a1,16(t6)
    1710:	0387bf83          	ld	t6,56(a5)
    1714:	01f5b423          	sd	t6,8(a1)
    1718:	00873f83          	ld	t6,8(a4)
    171c:	03078593          	addi	a1,a5,48
    1720:	00bf9663          	bne	t6,a1,172c <xTaskIncrementTick+0x15c>
    1724:	0407b583          	ld	a1,64(a5)
    1728:	00b73423          	sd	a1,8(a4)
    172c:	00073583          	ld	a1,0(a4)
    1730:	0407b823          	sd	zero,80(a5)
    1734:	fff58593          	addi	a1,a1,-1
    1738:	00b73023          	sd	a1,0(a4)
    173c:	0587b703          	ld	a4,88(a5)
    1740:	3f033f83          	ld	t6,1008(t1) # 100053f0 <uxTopReadyPriority>
    1744:	00ef15b3          	sll	a1,t5,a4
    1748:	03d70733          	mul	a4,a4,t4
    174c:	01f5e5b3          	or	a1,a1,t6
    1750:	3eb33823          	sd	a1,1008(t1)
    1754:	00e68733          	add	a4,a3,a4
    1758:	00873583          	ld	a1,8(a4)
    175c:	00b7b823          	sd	a1,16(a5)
    1760:	0105bf83          	ld	t6,16(a1)
    1764:	01f7bc23          	sd	t6,24(a5)
    1768:	00afb423          	sd	a0,8(t6)
    176c:	00a5b823          	sd	a0,16(a1)
    1770:	00073583          	ld	a1,0(a4)
    1774:	02e7b423          	sd	a4,40(a5)
    1778:	00158593          	addi	a1,a1,1
    177c:	00b73023          	sd	a1,0(a4)
    1780:	4188b703          	ld	a4,1048(a7)
    1784:	0587b783          	ld	a5,88(a5)
    1788:	05873703          	ld	a4,88(a4)
    178c:	00f737b3          	sltu	a5,a4,a5
    1790:	00f66633          	or	a2,a2,a5
    1794:	ebdff06f          	jal	zero,1650 <xTaskIncrementTick+0x80>
    1798:	10005737          	lui	a4,0x10005
    179c:	3e073783          	ld	a5,992(a4) # 100053e0 <xPendedTicks>
    17a0:	00000513          	addi	a0,zero,0
    17a4:	00178793          	addi	a5,a5,1
    17a8:	3ef73023          	sd	a5,992(a4)
    17ac:	00008067          	jalr	zero,0(ra)

00000000000017b0 <xTaskResumeAll>:
    17b0:	fd010113          	addi	sp,sp,-48
    17b4:	02113423          	sd	ra,40(sp)
    17b8:	02813023          	sd	s0,32(sp)
    17bc:	00913c23          	sd	s1,24(sp)
    17c0:	01213823          	sd	s2,16(sp)
    17c4:	01313423          	sd	s3,8(sp)
    17c8:	01413023          	sd	s4,0(sp)
    17cc:	30047073          	csrrci	zero,mstatus,8
    17d0:	10000437          	lui	s0,0x10000
    17d4:	00843783          	ld	a5,8(s0) # 10000008 <xCriticalNesting>
    17d8:	00178793          	addi	a5,a5,1
    17dc:	00f43423          	sd	a5,8(s0)
    17e0:	100057b7          	lui	a5,0x10005
    17e4:	3b07b703          	ld	a4,944(a5) # 100053b0 <uxSchedulerSuspended>
    17e8:	fff70713          	addi	a4,a4,-1
    17ec:	3ae7b823          	sd	a4,944(a5)
    17f0:	3b07b783          	ld	a5,944(a5)
    17f4:	02078e63          	beq	a5,zero,1830 <xTaskResumeAll+0x80>
    17f8:	00000513          	addi	a0,zero,0
    17fc:	00843783          	ld	a5,8(s0)
    1800:	fff78793          	addi	a5,a5,-1
    1804:	00f43423          	sd	a5,8(s0)
    1808:	00079463          	bne	a5,zero,1810 <xTaskResumeAll+0x60>
    180c:	30046073          	csrrsi	zero,mstatus,8
    1810:	02813083          	ld	ra,40(sp)
    1814:	02013403          	ld	s0,32(sp)
    1818:	01813483          	ld	s1,24(sp)
    181c:	01013903          	ld	s2,16(sp)
    1820:	00813983          	ld	s3,8(sp)
    1824:	00013a03          	ld	s4,0(sp)
    1828:	03010113          	addi	sp,sp,48
    182c:	00008067          	jalr	zero,0(ra)
    1830:	100057b7          	lui	a5,0x10005
    1834:	4007b783          	ld	a5,1024(a5) # 10005400 <uxCurrentNumberOfTasks>
    1838:	fc0780e3          	beq	a5,zero,17f8 <xTaskResumeAll+0x48>
    183c:	00000793          	addi	a5,zero,0
    1840:	a2818693          	addi	a3,gp,-1496 # 10000248 <xPendingReadyList>
    1844:	10005837          	lui	a6,0x10005
    1848:	00100893          	addi	a7,zero,1
    184c:	aa018613          	addi	a2,gp,-1376 # 100002c0 <pxReadyTasksLists>
    1850:	02800e13          	addi	t3,zero,40
    1854:	10005eb7          	lui	t4,0x10005
    1858:	10005f37          	lui	t5,0x10005
    185c:	0d80006f          	jal	zero,1934 <xTaskResumeAll+0x184>
    1860:	0186b783          	ld	a5,24(a3)
    1864:	0187b783          	ld	a5,24(a5)
    1868:	0387b503          	ld	a0,56(a5)
    186c:	0407b583          	ld	a1,64(a5)
    1870:	0507b703          	ld	a4,80(a5)
    1874:	00b53823          	sd	a1,16(a0)
    1878:	0387b503          	ld	a0,56(a5)
    187c:	00a5b423          	sd	a0,8(a1)
    1880:	00873503          	ld	a0,8(a4)
    1884:	03078593          	addi	a1,a5,48
    1888:	00b51663          	bne	a0,a1,1894 <xTaskResumeAll+0xe4>
    188c:	0407b583          	ld	a1,64(a5)
    1890:	00b73423          	sd	a1,8(a4)
    1894:	00073583          	ld	a1,0(a4)
    1898:	0407b823          	sd	zero,80(a5)
    189c:	fff58593          	addi	a1,a1,-1
    18a0:	00b73023          	sd	a1,0(a4)
    18a4:	0107b503          	ld	a0,16(a5)
    18a8:	0187b583          	ld	a1,24(a5)
    18ac:	0287b703          	ld	a4,40(a5)
    18b0:	00b53823          	sd	a1,16(a0)
    18b4:	0107b503          	ld	a0,16(a5)
    18b8:	00a5b423          	sd	a0,8(a1)
    18bc:	00873583          	ld	a1,8(a4)
    18c0:	00878513          	addi	a0,a5,8
    18c4:	00a59663          	bne	a1,a0,18d0 <xTaskResumeAll+0x120>
    18c8:	0187b583          	ld	a1,24(a5)
    18cc:	00b73423          	sd	a1,8(a4)
    18d0:	00073583          	ld	a1,0(a4)
    18d4:	3f083303          	ld	t1,1008(a6) # 100053f0 <uxTopReadyPriority>
    18d8:	fff58593          	addi	a1,a1,-1
    18dc:	00b73023          	sd	a1,0(a4)
    18e0:	0587b703          	ld	a4,88(a5)
    18e4:	00e895b3          	sll	a1,a7,a4
    18e8:	03c70733          	mul	a4,a4,t3
    18ec:	0065e5b3          	or	a1,a1,t1
    18f0:	3eb83823          	sd	a1,1008(a6)
    18f4:	00e60733          	add	a4,a2,a4
    18f8:	00873583          	ld	a1,8(a4)
    18fc:	00b7b823          	sd	a1,16(a5)
    1900:	0105b303          	ld	t1,16(a1)
    1904:	0067bc23          	sd	t1,24(a5)
    1908:	00a33423          	sd	a0,8(t1)
    190c:	00a5b823          	sd	a0,16(a1)
    1910:	00073583          	ld	a1,0(a4)
    1914:	02e7b423          	sd	a4,40(a5)
    1918:	00158593          	addi	a1,a1,1
    191c:	00b73023          	sd	a1,0(a4)
    1920:	418eb703          	ld	a4,1048(t4) # 10005418 <pxCurrentTCB>
    1924:	0587b583          	ld	a1,88(a5)
    1928:	05873703          	ld	a4,88(a4)
    192c:	00b77463          	bgeu	a4,a1,1934 <xTaskResumeAll+0x184>
    1930:	3d1f3c23          	sd	a7,984(t5) # 100053d8 <xYieldPendings>
    1934:	0006b703          	ld	a4,0(a3)
    1938:	f20714e3          	bne	a4,zero,1860 <xTaskResumeAll+0xb0>
    193c:	00078463          	beq	a5,zero,1944 <xTaskResumeAll+0x194>
    1940:	919ff0ef          	jal	ra,1258 <prvResetNextTaskUnblockTime>
    1944:	10005937          	lui	s2,0x10005
    1948:	3e093483          	ld	s1,992(s2) # 100053e0 <xPendedTicks>
    194c:	02048263          	beq	s1,zero,1970 <xTaskResumeAll+0x1c0>
    1950:	100059b7          	lui	s3,0x10005
    1954:	00100a13          	addi	s4,zero,1
    1958:	c79ff0ef          	jal	ra,15d0 <xTaskIncrementTick>
    195c:	00050463          	beq	a0,zero,1964 <xTaskResumeAll+0x1b4>
    1960:	3d49bc23          	sd	s4,984(s3) # 100053d8 <xYieldPendings>
    1964:	fff48493          	addi	s1,s1,-1
    1968:	fe0498e3          	bne	s1,zero,1958 <xTaskResumeAll+0x1a8>
    196c:	3e093023          	sd	zero,992(s2)
    1970:	100057b7          	lui	a5,0x10005
    1974:	3d87b783          	ld	a5,984(a5) # 100053d8 <xYieldPendings>
    1978:	e80780e3          	beq	a5,zero,17f8 <xTaskResumeAll+0x48>
    197c:	100057b7          	lui	a5,0x10005
    1980:	4187b783          	ld	a5,1048(a5) # 10005418 <pxCurrentTCB>
    1984:	00000073          	ecall
    1988:	00100513          	addi	a0,zero,1
    198c:	e71ff06f          	jal	zero,17fc <xTaskResumeAll+0x4c>

0000000000001990 <vTaskDelay>:
    1990:	00051663          	bne	a0,zero,199c <vTaskDelay+0xc>
    1994:	00000073          	ecall
    1998:	00008067          	jalr	zero,0(ra)
    199c:	fe010113          	addi	sp,sp,-32
    19a0:	00113c23          	sd	ra,24(sp)
    19a4:	00a13423          	sd	a0,8(sp)
    19a8:	c09ff0ef          	jal	ra,15b0 <vTaskSuspendAll>
    19ac:	00813503          	ld	a0,8(sp)
    19b0:	00000593          	addi	a1,zero,0
    19b4:	f54ff0ef          	jal	ra,1108 <prvAddCurrentTaskToDelayedList>
    19b8:	df9ff0ef          	jal	ra,17b0 <xTaskResumeAll>
    19bc:	00051463          	bne	a0,zero,19c4 <vTaskDelay+0x34>
    19c0:	00000073          	ecall
    19c4:	01813083          	ld	ra,24(sp)
    19c8:	02010113          	addi	sp,sp,32
    19cc:	00008067          	jalr	zero,0(ra)

00000000000019d0 <vTaskSwitchContext>:
    19d0:	100057b7          	lui	a5,0x10005
    19d4:	3b07b703          	ld	a4,944(a5) # 100053b0 <uxSchedulerSuspended>
    19d8:	100057b7          	lui	a5,0x10005
    19dc:	00070863          	beq	a4,zero,19ec <vTaskSwitchContext+0x1c>
    19e0:	00100713          	addi	a4,zero,1
    19e4:	3ce7bc23          	sd	a4,984(a5) # 100053d8 <xYieldPendings>
    19e8:	00008067          	jalr	zero,0(ra)
    19ec:	ff010113          	addi	sp,sp,-16
    19f0:	3c07bc23          	sd	zero,984(a5)
    19f4:	100057b7          	lui	a5,0x10005
    19f8:	3f07b503          	ld	a0,1008(a5) # 100053f0 <uxTopReadyPriority>
    19fc:	00113423          	sd	ra,8(sp)
    1a00:	02051513          	slli	a0,a0,0x20
    1a04:	02055513          	srli	a0,a0,0x20
    1a08:	758000ef          	jal	ra,2160 <__clzdi2>
    1a0c:	fe05051b          	addiw	a0,a0,-32
    1a10:	01f00793          	addi	a5,zero,31
    1a14:	02800713          	addi	a4,zero,40
    1a18:	40a787b3          	sub	a5,a5,a0
    1a1c:	02e787b3          	mul	a5,a5,a4
    1a20:	aa018613          	addi	a2,gp,-1376 # 100002c0 <pxReadyTasksLists>
    1a24:	00f606b3          	add	a3,a2,a5
    1a28:	0086b703          	ld	a4,8(a3)
    1a2c:	01078793          	addi	a5,a5,16
    1a30:	00c787b3          	add	a5,a5,a2
    1a34:	00873703          	ld	a4,8(a4)
    1a38:	00e6b423          	sd	a4,8(a3)
    1a3c:	00f71663          	bne	a4,a5,1a48 <vTaskSwitchContext+0x78>
    1a40:	0186b703          	ld	a4,24(a3)
    1a44:	00e6b423          	sd	a4,8(a3)
    1a48:	01873703          	ld	a4,24(a4)
    1a4c:	00813083          	ld	ra,8(sp)
    1a50:	100057b7          	lui	a5,0x10005
    1a54:	40e7bc23          	sd	a4,1048(a5) # 10005418 <pxCurrentTCB>
    1a58:	4187b783          	ld	a5,1048(a5)
    1a5c:	01010113          	addi	sp,sp,16
    1a60:	00008067          	jalr	zero,0(ra)

0000000000001a64 <vListInitialise>:
    1a64:	01050793          	addi	a5,a0,16
    1a68:	fff00713          	addi	a4,zero,-1
    1a6c:	00f53423          	sd	a5,8(a0)
    1a70:	00e53823          	sd	a4,16(a0)
    1a74:	00f53c23          	sd	a5,24(a0)
    1a78:	02f53023          	sd	a5,32(a0)
    1a7c:	00053023          	sd	zero,0(a0)
    1a80:	00008067          	jalr	zero,0(ra)

0000000000001a84 <vListInitialiseItem>:
    1a84:	02053023          	sd	zero,32(a0)
    1a88:	00008067          	jalr	zero,0(ra)

0000000000001a8c <vListInsert>:
    1a8c:	0005b683          	ld	a3,0(a1)
    1a90:	fff00793          	addi	a5,zero,-1
    1a94:	01050713          	addi	a4,a0,16
    1a98:	02f69863          	bne	a3,a5,1ac8 <vListInsert+0x3c>
    1a9c:	02053783          	ld	a5,32(a0)
    1aa0:	0087b703          	ld	a4,8(a5)
    1aa4:	00e5b423          	sd	a4,8(a1)
    1aa8:	00b73823          	sd	a1,16(a4)
    1aac:	00f5b823          	sd	a5,16(a1)
    1ab0:	00b7b423          	sd	a1,8(a5)
    1ab4:	00053783          	ld	a5,0(a0)
    1ab8:	02a5b023          	sd	a0,32(a1)
    1abc:	00178793          	addi	a5,a5,1
    1ac0:	00f53023          	sd	a5,0(a0)
    1ac4:	00008067          	jalr	zero,0(ra)
    1ac8:	00070793          	addi	a5,a4,0
    1acc:	00873703          	ld	a4,8(a4)
    1ad0:	00073603          	ld	a2,0(a4)
    1ad4:	fec6fae3          	bgeu	a3,a2,1ac8 <vListInsert+0x3c>
    1ad8:	fc9ff06f          	jal	zero,1aa0 <vListInsert+0x14>

0000000000001adc <uxListRemove>:
    1adc:	00853683          	ld	a3,8(a0)
    1ae0:	01053703          	ld	a4,16(a0)
    1ae4:	02053783          	ld	a5,32(a0)
    1ae8:	00e6b823          	sd	a4,16(a3)
    1aec:	00d73423          	sd	a3,8(a4)
    1af0:	0087b683          	ld	a3,8(a5)
    1af4:	00a69463          	bne	a3,a0,1afc <uxListRemove+0x20>
    1af8:	00e7b423          	sd	a4,8(a5)
    1afc:	02053023          	sd	zero,32(a0)
    1b00:	0007b503          	ld	a0,0(a5)
    1b04:	fff50513          	addi	a0,a0,-1
    1b08:	00a7b023          	sd	a0,0(a5)
    1b0c:	00008067          	jalr	zero,0(ra)

0000000000001b10 <vPortSetupTimerInterrupt>:
    1b10:	ff010113          	addi	sp,sp,-16
    1b14:	f14027f3          	csrrs	a5,mhartid,zero
    1b18:	00f12623          	sw	a5,12(sp)
    1b1c:	00c12783          	lw	a5,12(sp)
    1b20:	00400737          	lui	a4,0x400
    1b24:	00170713          	addi	a4,a4,1 # 400001 <_data_load+0x3fd591>
    1b28:	02079793          	slli	a5,a5,0x20
    1b2c:	0207d793          	srli	a5,a5,0x20
    1b30:	00e787b3          	add	a5,a5,a4
    1b34:	00379793          	slli	a5,a5,0x3
    1b38:	10005737          	lui	a4,0x10005
    1b3c:	02000837          	lui	a6,0x2000
    1b40:	42f73423          	sd	a5,1064(a4) # 10005428 <pullMachineTimerCompareRegister>
    1b44:	00480693          	addi	a3,a6,4 # 2000004 <_data_load+0x1ffd594>
    1b48:	0006a503          	lw	a0,0(a3)
    1b4c:	00082603          	lw	a2,0(a6)
    1b50:	0006a583          	lw	a1,0(a3)
    1b54:	0005871b          	addiw	a4,a1,0
    1b58:	fea598e3          	bne	a1,a0,1b48 <vPortSetupTimerInterrupt+0x38>
    1b5c:	02061693          	slli	a3,a2,0x20
    1b60:	0206d693          	srli	a3,a3,0x20
    1b64:	02071713          	slli	a4,a4,0x20
    1b68:	00d76733          	or	a4,a4,a3
    1b6c:	00170713          	addi	a4,a4,1
    1b70:	100056b7          	lui	a3,0x10005
    1b74:	42e6b823          	sd	a4,1072(a3) # 10005430 <ullNextTime>
    1b78:	00e7b023          	sd	a4,0(a5)
    1b7c:	4306b783          	ld	a5,1072(a3)
    1b80:	00178793          	addi	a5,a5,1
    1b84:	42f6b823          	sd	a5,1072(a3)
    1b88:	01010113          	addi	sp,sp,16
    1b8c:	00008067          	jalr	zero,0(ra)

0000000000001b90 <xPortStartScheduler>:
    1b90:	ff010113          	addi	sp,sp,-16
    1b94:	00113423          	sd	ra,8(sp)
    1b98:	f79ff0ef          	jal	ra,1b10 <vPortSetupTimerInterrupt>
    1b9c:	000017b7          	lui	a5,0x1
    1ba0:	8807879b          	addiw	a5,a5,-1920 # 880 <cmd_dump+0x18c>
    1ba4:	3047a073          	csrrs	zero,mie,a5
    1ba8:	074000ef          	jal	ra,1c1c <xPortStartFirstTask>
    1bac:	00813083          	ld	ra,8(sp)
    1bb0:	00000513          	addi	a0,zero,0
    1bb4:	01010113          	addi	sp,sp,16
    1bb8:	00008067          	jalr	zero,0(ra)

0000000000001bbc <pxPortInitialiseStack>:
    1bbc:	ff850513          	addi	a0,a0,-8
    1bc0:	00053023          	sd	zero,0(a0)
    1bc4:	f5050513          	addi	a0,a0,-176
    1bc8:	00c53023          	sd	a2,0(a0)
    1bcc:	fd050513          	addi	a0,a0,-48
    1bd0:	10004297          	auipc	t0,0x10004
    1bd4:	8502b283          	ld	t0,-1968(t0) # 10005420 <xTaskReturnAddress>
    1bd8:	00553023          	sd	t0,0(a0)
    1bdc:	300022f3          	csrrs	t0,mstatus,zero
    1be0:	ff72f293          	andi	t0,t0,-9
    1be4:	18800313          	addi	t1,zero,392
    1be8:	00431313          	slli	t1,t1,0x4
    1bec:	0062e2b3          	or	t0,t0,t1
    1bf0:	ff850513          	addi	a0,a0,-8
    1bf4:	00553023          	sd	t0,0(a0)
    1bf8:	00000293          	addi	t0,zero,0

0000000000001bfc <chip_specific_stack_frame>:
    1bfc:	00028a63          	beq	t0,zero,1c10 <chip_specific_stack_frame+0x14>
    1c00:	ff850513          	addi	a0,a0,-8
    1c04:	00053023          	sd	zero,0(a0)
    1c08:	fff28293          	addi	t0,t0,-1
    1c0c:	ff1ff06f          	jal	zero,1bfc <chip_specific_stack_frame>
    1c10:	ff850513          	addi	a0,a0,-8
    1c14:	00b53023          	sd	a1,0(a0)
    1c18:	00008067          	jalr	zero,0(ra)

0000000000001c1c <xPortStartFirstTask>:
    1c1c:	10003117          	auipc	sp,0x10003
    1c20:	7fc13103          	ld	sp,2044(sp) # 10005418 <pxCurrentTCB>
    1c24:	00013103          	ld	sp,0(sp)
    1c28:	00013083          	ld	ra,0(sp)
    1c2c:	00813283          	ld	t0,8(sp)
    1c30:	00828293          	addi	t0,t0,8
    1c34:	30029073          	csrrw	zero,mstatus,t0
    1c38:	02813383          	ld	t2,40(sp)
    1c3c:	03013403          	ld	s0,48(sp)
    1c40:	03813483          	ld	s1,56(sp)
    1c44:	04013503          	ld	a0,64(sp)
    1c48:	04813583          	ld	a1,72(sp)
    1c4c:	05013603          	ld	a2,80(sp)
    1c50:	05813683          	ld	a3,88(sp)
    1c54:	06013703          	ld	a4,96(sp)
    1c58:	06813783          	ld	a5,104(sp)
    1c5c:	07013803          	ld	a6,112(sp)
    1c60:	07813883          	ld	a7,120(sp)
    1c64:	08013903          	ld	s2,128(sp)
    1c68:	08813983          	ld	s3,136(sp)
    1c6c:	09013a03          	ld	s4,144(sp)
    1c70:	09813a83          	ld	s5,152(sp)
    1c74:	0a013b03          	ld	s6,160(sp)
    1c78:	0a813b83          	ld	s7,168(sp)
    1c7c:	0b013c03          	ld	s8,176(sp)
    1c80:	0b813c83          	ld	s9,184(sp)
    1c84:	0c013d03          	ld	s10,192(sp)
    1c88:	0c813d83          	ld	s11,200(sp)
    1c8c:	0d013e03          	ld	t3,208(sp)
    1c90:	0d813e83          	ld	t4,216(sp)
    1c94:	0e013f03          	ld	t5,224(sp)
    1c98:	0e813f83          	ld	t6,232(sp)
    1c9c:	0f013283          	ld	t0,240(sp)
    1ca0:	0fffe317          	auipc	t1,0xfffe
    1ca4:	36033303          	ld	t1,864(t1) # 10000000 <pxCriticalNesting>
    1ca8:	00533023          	sd	t0,0(t1)
    1cac:	01813283          	ld	t0,24(sp)
    1cb0:	02013303          	ld	t1,32(sp)
    1cb4:	0f810113          	addi	sp,sp,248
    1cb8:	00008067          	jalr	zero,0(ra)

0000000000001cbc <freertos_risc_v_application_exception_handler>:
    1cbc:	342022f3          	csrrs	t0,mcause,zero
    1cc0:	34102373          	csrrs	t1,mepc,zero
    1cc4:	300023f3          	csrrs	t2,mstatus,zero
    1cc8:	0000006f          	jal	zero,1cc8 <freertos_risc_v_application_exception_handler+0xc>

0000000000001ccc <freertos_risc_v_application_interrupt_handler>:
    1ccc:	342022f3          	csrrs	t0,mcause,zero
    1cd0:	34102373          	csrrs	t1,mepc,zero
    1cd4:	300023f3          	csrrs	t2,mstatus,zero
    1cd8:	0000006f          	jal	zero,1cd8 <freertos_risc_v_application_interrupt_handler+0xc>
	...

0000000000001d00 <freertos_risc_v_trap_handler>:
    1d00:	f0810113          	addi	sp,sp,-248
    1d04:	00113823          	sd	ra,16(sp)
    1d08:	00513c23          	sd	t0,24(sp)
    1d0c:	02613023          	sd	t1,32(sp)
    1d10:	02713423          	sd	t2,40(sp)
    1d14:	02813823          	sd	s0,48(sp)
    1d18:	02913c23          	sd	s1,56(sp)
    1d1c:	04a13023          	sd	a0,64(sp)
    1d20:	04b13423          	sd	a1,72(sp)
    1d24:	04c13823          	sd	a2,80(sp)
    1d28:	04d13c23          	sd	a3,88(sp)
    1d2c:	06e13023          	sd	a4,96(sp)
    1d30:	06f13423          	sd	a5,104(sp)
    1d34:	07013823          	sd	a6,112(sp)
    1d38:	07113c23          	sd	a7,120(sp)
    1d3c:	09213023          	sd	s2,128(sp)
    1d40:	09313423          	sd	s3,136(sp)
    1d44:	09413823          	sd	s4,144(sp)
    1d48:	09513c23          	sd	s5,152(sp)
    1d4c:	0b613023          	sd	s6,160(sp)
    1d50:	0b713423          	sd	s7,168(sp)
    1d54:	0b813823          	sd	s8,176(sp)
    1d58:	0b913c23          	sd	s9,184(sp)
    1d5c:	0da13023          	sd	s10,192(sp)
    1d60:	0db13423          	sd	s11,200(sp)
    1d64:	0dc13823          	sd	t3,208(sp)
    1d68:	0dd13c23          	sd	t4,216(sp)
    1d6c:	0fe13023          	sd	t5,224(sp)
    1d70:	0ff13423          	sd	t6,232(sp)
    1d74:	0fffe297          	auipc	t0,0xfffe
    1d78:	2942b283          	ld	t0,660(t0) # 10000008 <xCriticalNesting>
    1d7c:	0e513823          	sd	t0,240(sp)
    1d80:	300022f3          	csrrs	t0,mstatus,zero
    1d84:	00513423          	sd	t0,8(sp)
    1d88:	10003297          	auipc	t0,0x10003
    1d8c:	6902b283          	ld	t0,1680(t0) # 10005418 <pxCurrentTCB>
    1d90:	0022b023          	sd	sp,0(t0)
    1d94:	34202573          	csrrs	a0,mcause,zero
    1d98:	341025f3          	csrrs	a1,mepc,zero
    1d9c:	00055a63          	bge	a0,zero,1db0 <synchronous_exception>

0000000000001da0 <asynchronous_interrupt>:
    1da0:	00b13023          	sd	a1,0(sp)
    1da4:	00001117          	auipc	sp,0x1
    1da8:	cc413103          	ld	sp,-828(sp) # 2a68 <xISRStackTop>
    1dac:	0180006f          	jal	zero,1dc4 <handle_interrupt>

0000000000001db0 <synchronous_exception>:
    1db0:	00458593          	addi	a1,a1,4
    1db4:	00b13023          	sd	a1,0(sp)
    1db8:	00001117          	auipc	sp,0x1
    1dbc:	cb013103          	ld	sp,-848(sp) # 2a68 <xISRStackTop>
    1dc0:	0540006f          	jal	zero,1e14 <handle_exception>

0000000000001dc4 <handle_interrupt>:
    1dc4:	00100293          	addi	t0,zero,1
    1dc8:	03f29293          	slli	t0,t0,0x3f
    1dcc:	00728313          	addi	t1,t0,7
    1dd0:	02651e63          	bne	a0,t1,1e0c <application_interrupt_handler>
    1dd4:	10003517          	auipc	a0,0x10003
    1dd8:	65453503          	ld	a0,1620(a0) # 10005428 <pullMachineTimerCompareRegister>
    1ddc:	0fffe597          	auipc	a1,0xfffe
    1de0:	2345b583          	ld	a1,564(a1) # 10000010 <pullNextTime>
    1de4:	0005b383          	ld	t2,0(a1)
    1de8:	00753023          	sd	t2,0(a0)
    1dec:	00001297          	auipc	t0,0x1
    1df0:	c742b283          	ld	t0,-908(t0) # 2a60 <uxTimerIncrementsForOneTick>
    1df4:	00728eb3          	add	t4,t0,t2
    1df8:	01d5b023          	sd	t4,0(a1)
    1dfc:	fd4ff0ef          	jal	ra,15d0 <xTaskIncrementTick>
    1e00:	02050663          	beq	a0,zero,1e2c <processed_source>
    1e04:	bcdff0ef          	jal	ra,19d0 <vTaskSwitchContext>
    1e08:	0240006f          	jal	zero,1e2c <processed_source>

0000000000001e0c <application_interrupt_handler>:
    1e0c:	ec1ff0ef          	jal	ra,1ccc <freertos_risc_v_application_interrupt_handler>
    1e10:	01c0006f          	jal	zero,1e2c <processed_source>

0000000000001e14 <handle_exception>:
    1e14:	00b00293          	addi	t0,zero,11
    1e18:	00551663          	bne	a0,t0,1e24 <application_exception_handler>
    1e1c:	bb5ff0ef          	jal	ra,19d0 <vTaskSwitchContext>
    1e20:	00c0006f          	jal	zero,1e2c <processed_source>

0000000000001e24 <application_exception_handler>:
    1e24:	e99ff0ef          	jal	ra,1cbc <freertos_risc_v_application_exception_handler>
    1e28:	0040006f          	jal	zero,1e2c <processed_source>

0000000000001e2c <processed_source>:
    1e2c:	10003317          	auipc	t1,0x10003
    1e30:	5ec33303          	ld	t1,1516(t1) # 10005418 <pxCurrentTCB>
    1e34:	00033103          	ld	sp,0(t1)
    1e38:	00013283          	ld	t0,0(sp)
    1e3c:	34129073          	csrrw	zero,mepc,t0
    1e40:	00813e03          	ld	t3,8(sp)
    1e44:	300e1073          	csrrw	zero,mstatus,t3
    1e48:	0f013283          	ld	t0,240(sp)
    1e4c:	0fffe317          	auipc	t1,0xfffe
    1e50:	1b433303          	ld	t1,436(t1) # 10000000 <pxCriticalNesting>
    1e54:	00533023          	sd	t0,0(t1)
    1e58:	01013083          	ld	ra,16(sp)
    1e5c:	01813283          	ld	t0,24(sp)
    1e60:	02013303          	ld	t1,32(sp)
    1e64:	02813383          	ld	t2,40(sp)
    1e68:	03013403          	ld	s0,48(sp)
    1e6c:	03813483          	ld	s1,56(sp)
    1e70:	04013503          	ld	a0,64(sp)
    1e74:	04813583          	ld	a1,72(sp)
    1e78:	05013603          	ld	a2,80(sp)
    1e7c:	05813683          	ld	a3,88(sp)
    1e80:	06013703          	ld	a4,96(sp)
    1e84:	06813783          	ld	a5,104(sp)
    1e88:	07013803          	ld	a6,112(sp)
    1e8c:	07813883          	ld	a7,120(sp)
    1e90:	08013903          	ld	s2,128(sp)
    1e94:	08813983          	ld	s3,136(sp)
    1e98:	09013a03          	ld	s4,144(sp)
    1e9c:	09813a83          	ld	s5,152(sp)
    1ea0:	0a013b03          	ld	s6,160(sp)
    1ea4:	0a813b83          	ld	s7,168(sp)
    1ea8:	0b013c03          	ld	s8,176(sp)
    1eac:	0b813c83          	ld	s9,184(sp)
    1eb0:	0c013d03          	ld	s10,192(sp)
    1eb4:	0c813d83          	ld	s11,200(sp)
    1eb8:	0d013e03          	ld	t3,208(sp)
    1ebc:	0d813e83          	ld	t4,216(sp)
    1ec0:	0e013f03          	ld	t5,224(sp)
    1ec4:	0e813f83          	ld	t6,232(sp)
    1ec8:	0f810113          	addi	sp,sp,248
    1ecc:	30200073          	mret
    1ed0:	00000013          	addi	zero,zero,0
    1ed4:	00000013          	addi	zero,zero,0
    1ed8:	00000013          	addi	zero,zero,0
    1edc:	00000013          	addi	zero,zero,0
    1ee0:	00000013          	addi	zero,zero,0
    1ee4:	00000013          	addi	zero,zero,0
    1ee8:	00000013          	addi	zero,zero,0
    1eec:	00000013          	addi	zero,zero,0

0000000000001ef0 <pvPortMalloc>:
    1ef0:	fe010113          	addi	sp,sp,-32
    1ef4:	00813823          	sd	s0,16(sp)
    1ef8:	00113c23          	sd	ra,24(sp)
    1efc:	00913423          	sd	s1,8(sp)
    1f00:	fff50713          	addi	a4,a0,-1
    1f04:	fee00793          	addi	a5,zero,-18
    1f08:	00000413          	addi	s0,zero,0
    1f0c:	02e7e063          	bltu	a5,a4,1f2c <pvPortMalloc+0x3c>
    1f10:	00f57793          	andi	a5,a0,15
    1f14:	01050413          	addi	s0,a0,16
    1f18:	00078a63          	beq	a5,zero,1f2c <pvPortMalloc+0x3c>
    1f1c:	fef78713          	addi	a4,a5,-17
    1f20:	14876463          	bltu	a4,s0,2068 <pvPortMalloc+0x178>
    1f24:	02050513          	addi	a0,a0,32
    1f28:	40f50433          	sub	s0,a0,a5
    1f2c:	e84ff0ef          	jal	ra,15b0 <vTaskSuspendAll>
    1f30:	100055b7          	lui	a1,0x10005
    1f34:	4585b783          	ld	a5,1112(a1) # 10005458 <pxEnd>
    1f38:	06079663          	bne	a5,zero,1fa4 <pvPortMalloc+0xb4>
    1f3c:	10001737          	lui	a4,0x10001
    1f40:	3a070713          	addi	a4,a4,928 # 100013a0 <ucHeap>
    1f44:	00f77693          	andi	a3,a4,15
    1f48:	000047b7          	lui	a5,0x4
    1f4c:	00068a63          	beq	a3,zero,1f60 <pvPortMalloc+0x70>
    1f50:	00f707b3          	add	a5,a4,a5
    1f54:	00f70713          	addi	a4,a4,15
    1f58:	ff077713          	andi	a4,a4,-16
    1f5c:	40e787b3          	sub	a5,a5,a4
    1f60:	100016b7          	lui	a3,0x10001
    1f64:	00f707b3          	add	a5,a4,a5
    1f68:	39068693          	addi	a3,a3,912 # 10001390 <xStart>
    1f6c:	ff078793          	addi	a5,a5,-16 # 3ff0 <_data_load+0x1580>
    1f70:	ff07f793          	andi	a5,a5,-16
    1f74:	0006b423          	sd	zero,8(a3)
    1f78:	00e6b023          	sd	a4,0(a3)
    1f7c:	0007b423          	sd	zero,8(a5)
    1f80:	0007b023          	sd	zero,0(a5)
    1f84:	40e786b3          	sub	a3,a5,a4
    1f88:	44f5bc23          	sd	a5,1112(a1)
    1f8c:	00f73023          	sd	a5,0(a4)
    1f90:	100057b7          	lui	a5,0x10005
    1f94:	44d7b423          	sd	a3,1096(a5) # 10005448 <xMinimumEverFreeBytesRemaining>
    1f98:	100057b7          	lui	a5,0x10005
    1f9c:	00d73423          	sd	a3,8(a4)
    1fa0:	44d7b823          	sd	a3,1104(a5) # 10005450 <xFreeBytesRemaining>
    1fa4:	00000493          	addi	s1,zero,0
    1fa8:	0a805263          	bge	zero,s0,204c <pvPortMalloc+0x15c>
    1fac:	10005537          	lui	a0,0x10005
    1fb0:	45053603          	ld	a2,1104(a0) # 10005450 <xFreeBytesRemaining>
    1fb4:	08866c63          	bltu	a2,s0,204c <pvPortMalloc+0x15c>
    1fb8:	100016b7          	lui	a3,0x10001
    1fbc:	3906b783          	ld	a5,912(a3) # 10001390 <xStart>
    1fc0:	39068693          	addi	a3,a3,912
    1fc4:	0087b703          	ld	a4,8(a5)
    1fc8:	00877663          	bgeu	a4,s0,1fd4 <pvPortMalloc+0xe4>
    1fcc:	0007b803          	ld	a6,0(a5)
    1fd0:	0a081063          	bne	a6,zero,2070 <pvPortMalloc+0x180>
    1fd4:	4585b583          	ld	a1,1112(a1)
    1fd8:	00000493          	addi	s1,zero,0
    1fdc:	06f58863          	beq	a1,a5,204c <pvPortMalloc+0x15c>
    1fe0:	0007b583          	ld	a1,0(a5)
    1fe4:	0006b483          	ld	s1,0(a3)
    1fe8:	40870833          	sub	a6,a4,s0
    1fec:	00b6b023          	sd	a1,0(a3)
    1ff0:	02000893          	addi	a7,zero,32
    1ff4:	01048493          	addi	s1,s1,16
    1ff8:	0108fc63          	bgeu	a7,a6,2010 <pvPortMalloc+0x120>
    1ffc:	00878733          	add	a4,a5,s0
    2000:	01073423          	sd	a6,8(a4)
    2004:	00b73023          	sd	a1,0(a4)
    2008:	00e6b023          	sd	a4,0(a3)
    200c:	00040713          	addi	a4,s0,0
    2010:	40e606b3          	sub	a3,a2,a4
    2014:	10005637          	lui	a2,0x10005
    2018:	44863583          	ld	a1,1096(a2) # 10005448 <xMinimumEverFreeBytesRemaining>
    201c:	44d53823          	sd	a3,1104(a0)
    2020:	00b6f463          	bgeu	a3,a1,2028 <pvPortMalloc+0x138>
    2024:	44d63423          	sd	a3,1096(a2)
    2028:	fff00693          	addi	a3,zero,-1
    202c:	03f69693          	slli	a3,a3,0x3f
    2030:	00d76733          	or	a4,a4,a3
    2034:	00e7b423          	sd	a4,8(a5)
    2038:	10005737          	lui	a4,0x10005
    203c:	0007b023          	sd	zero,0(a5)
    2040:	44073783          	ld	a5,1088(a4) # 10005440 <xNumberOfSuccessfulAllocations>
    2044:	00178793          	addi	a5,a5,1
    2048:	44f73023          	sd	a5,1088(a4)
    204c:	f64ff0ef          	jal	ra,17b0 <xTaskResumeAll>
    2050:	01813083          	ld	ra,24(sp)
    2054:	01013403          	ld	s0,16(sp)
    2058:	00048513          	addi	a0,s1,0
    205c:	00813483          	ld	s1,8(sp)
    2060:	02010113          	addi	sp,sp,32
    2064:	00008067          	jalr	zero,0(ra)
    2068:	00000413          	addi	s0,zero,0
    206c:	ec1ff06f          	jal	zero,1f2c <pvPortMalloc+0x3c>
    2070:	00078693          	addi	a3,a5,0
    2074:	00080793          	addi	a5,a6,0
    2078:	f4dff06f          	jal	zero,1fc4 <pvPortMalloc+0xd4>

000000000000207c <vPortFree>:
    207c:	0c050a63          	beq	a0,zero,2150 <vPortFree+0xd4>
    2080:	ff853783          	ld	a5,-8(a0)
    2084:	0c07d663          	bge	a5,zero,2150 <vPortFree+0xd4>
    2088:	ff053703          	ld	a4,-16(a0)
    208c:	0c071263          	bne	a4,zero,2150 <vPortFree+0xd4>
    2090:	fe010113          	addi	sp,sp,-32
    2094:	00179793          	slli	a5,a5,0x1
    2098:	00813823          	sd	s0,16(sp)
    209c:	0017d793          	srli	a5,a5,0x1
    20a0:	00113c23          	sd	ra,24(sp)
    20a4:	fef53c23          	sd	a5,-8(a0)
    20a8:	ff050413          	addi	s0,a0,-16
    20ac:	00a13423          	sd	a0,8(sp)
    20b0:	d00ff0ef          	jal	ra,15b0 <vTaskSuspendAll>
    20b4:	00813503          	ld	a0,8(sp)
    20b8:	10005737          	lui	a4,0x10005
    20bc:	45073783          	ld	a5,1104(a4) # 10005450 <xFreeBytesRemaining>
    20c0:	ff853683          	ld	a3,-8(a0)
    20c4:	00d787b3          	add	a5,a5,a3
    20c8:	44f73823          	sd	a5,1104(a4)
    20cc:	100017b7          	lui	a5,0x10001
    20d0:	39078793          	addi	a5,a5,912 # 10001390 <xStart>
    20d4:	00078713          	addi	a4,a5,0
    20d8:	0007b783          	ld	a5,0(a5)
    20dc:	fe87ece3          	bltu	a5,s0,20d4 <vPortFree+0x58>
    20e0:	00873603          	ld	a2,8(a4)
    20e4:	00c705b3          	add	a1,a4,a2
    20e8:	00b41863          	bne	s0,a1,20f8 <vPortFree+0x7c>
    20ec:	00c686b3          	add	a3,a3,a2
    20f0:	00d73423          	sd	a3,8(a4)
    20f4:	00070413          	addi	s0,a4,0
    20f8:	00843603          	ld	a2,8(s0)
    20fc:	00078693          	addi	a3,a5,0
    2100:	00c405b3          	add	a1,s0,a2
    2104:	02b79063          	bne	a5,a1,2124 <vPortFree+0xa8>
    2108:	100056b7          	lui	a3,0x10005
    210c:	4586b683          	ld	a3,1112(a3) # 10005458 <pxEnd>
    2110:	00d78a63          	beq	a5,a3,2124 <vPortFree+0xa8>
    2114:	0087b683          	ld	a3,8(a5)
    2118:	00c686b3          	add	a3,a3,a2
    211c:	00d43423          	sd	a3,8(s0)
    2120:	0007b683          	ld	a3,0(a5)
    2124:	00d43023          	sd	a3,0(s0)
    2128:	00870463          	beq	a4,s0,2130 <vPortFree+0xb4>
    212c:	00873023          	sd	s0,0(a4)
    2130:	10005737          	lui	a4,0x10005
    2134:	43873783          	ld	a5,1080(a4) # 10005438 <xNumberOfSuccessfulFrees>
    2138:	01013403          	ld	s0,16(sp)
    213c:	01813083          	ld	ra,24(sp)
    2140:	00178793          	addi	a5,a5,1
    2144:	42f73c23          	sd	a5,1080(a4)
    2148:	02010113          	addi	sp,sp,32
    214c:	e64ff06f          	jal	zero,17b0 <xTaskResumeAll>
    2150:	00008067          	jalr	zero,0(ra)

0000000000002154 <xPortGetFreeHeapSize>:
    2154:	100057b7          	lui	a5,0x10005
    2158:	4507b503          	ld	a0,1104(a5) # 10005450 <xFreeBytesRemaining>
    215c:	00008067          	jalr	zero,0(ra)

0000000000002160 <__clzdi2>:
    2160:	03800793          	addi	a5,zero,56
    2164:	00f55733          	srl	a4,a0,a5
    2168:	0ff77693          	andi	a3,a4,255
    216c:	02069663          	bne	a3,zero,2198 <__clzdi2+0x38>
    2170:	ff878793          	addi	a5,a5,-8
    2174:	fe0798e3          	bne	a5,zero,2164 <__clzdi2+0x4>
    2178:	04000713          	addi	a4,zero,64
    217c:	40f70733          	sub	a4,a4,a5
    2180:	000037b7          	lui	a5,0x3
    2184:	95878793          	addi	a5,a5,-1704 # 2958 <__clz_tab>
    2188:	00a787b3          	add	a5,a5,a0
    218c:	0007c503          	lbu	a0,0(a5)
    2190:	40a7053b          	subw	a0,a4,a0
    2194:	00008067          	jalr	zero,0(ra)
    2198:	00070513          	addi	a0,a4,0
    219c:	fddff06f          	jal	zero,2178 <__clzdi2+0x18>
