Copyright 1986-2022 Xilinx, Inc. All Rights Reserved. Copyright 2022-2025 Advanced Micro Devices, Inc. All Rights Reserved.
-----------------------------------------------------------------------------------------------------------------------------------------------------------------------------------------------------------------------------------------------
| Tool Version : Vivado v.2025.2 (lin64) Build 6299465 Fri Nov 14 12:34:56 MST 2025
| Date         : Sat May  9 19:25:26 2026
| Host         : khwl-ThinkPad-X1-Carbon-Gen-13 running 64-bit Ubuntu 24.04.4 LTS
| Command      : report_timing_summary -max_paths 10 -routable_nets -report_unconstrained -file RV32IM54F8SPSoCTOP_timing_summary_routed.rpt -pb RV32IM54F8SPSoCTOP_timing_summary_routed.pb -rpx RV32IM54F8SPSoCTOP_timing_summary_routed.rpx
| Design       : RV32IM54F8SPSoCTOP
| Device       : 7a200t-sbg484
| Speed File   : -1  PRODUCTION 1.23 2018-06-13
| Design State : Routed
-----------------------------------------------------------------------------------------------------------------------------------------------------------------------------------------------------------------------------------------------

Timing Summary Report

------------------------------------------------------------------------------------------------
| Timer Settings
| --------------
------------------------------------------------------------------------------------------------

  Enable Multi Corner Analysis               :  Yes
  Enable Pessimism Removal                   :  Yes
  Pessimism Removal Resolution               :  Nearest Common Node
  Enable Input Delay Default Clock           :  No
  Enable Preset / Clear Arcs                 :  No
  Disable Flight Delays                      :  No
  Ignore I/O Paths                           :  No
  Timing Early Launch at Borrowing Latches   :  No
  Borrow Time for Max Delay Exceptions       :  Yes
  Merge Timing Exceptions                    :  Yes
  Inter-SLR Compensation                     :  Conservative

  Corner  Analyze    Analyze    
  Name    Max Paths  Min Paths  
  ------  ---------  ---------  
  Slow    Yes        Yes        
  Fast    Yes        Yes        


------------------------------------------------------------------------------------------------
| Report Methodology
| ------------------
------------------------------------------------------------------------------------------------

Rule       Severity  Description                                                                                            Violations  
---------  --------  -----------------------------------------------------------------------------------------------------  ----------  
DPIR-1     Warning   Asynchronous driver check                                                                              111         
SYNTH-6    Warning   Timing of a RAM block might be sub-optimal                                                             11          
SYNTH-10   Warning   Wide multiplier                                                                                        4           
TIMING-18  Warning   Missing input or output delay                                                                          9           
TIMING-47  Warning   False path, asynchronous clock group or max delay datapath only constraint between synchronous clocks  2           
XDCB-5     Warning   Runtime inefficient way to find pin objects                                                            1           
XDCC-7     Warning   Scoped Clock constraint overwritten on the same source                                                 1           

Note: This report is based on the most recent report_methodology run and may not be up-to-date. Run report_methodology on the current design for the latest report.



check_timing report

Table of Contents
-----------------
1. checking no_clock (0)
2. checking constant_clock (0)
3. checking pulse_width_clock (0)
4. checking unconstrained_internal_endpoints (0)
5. checking no_input_delay (2)
6. checking no_output_delay (14)
7. checking multiple_clock (0)
8. checking generated_clocks (0)
9. checking loops (0)
10. checking partial_input_delay (0)
11. checking partial_output_delay (0)
12. checking latch_loops (0)

1. checking no_clock (0)
------------------------
 There are 0 register/latch pins with no clock.


2. checking constant_clock (0)
------------------------------
 There are 0 register/latch pins with constant_clock.


3. checking pulse_width_clock (0)
---------------------------------
 There are 0 register/latch pins which need pulse_width check


4. checking unconstrained_internal_endpoints (0)
------------------------------------------------
 There are 0 pins that are not constrained for maximum delay.

 There are 0 pins that are not constrained for maximum delay due to constant clock.


5. checking no_input_delay (2)
------------------------------
 There are 2 input ports with no input delay specified. (HIGH)

 There are 0 input ports with no input delay but user has a false path constraint.


6. checking no_output_delay (14)
--------------------------------
 There are 14 ports with no output delay specified. (HIGH)

 There are 0 ports with no output delay but user has a false path constraint

 There are 0 ports with no output delay but with a timing clock defined on it or propagating through it


7. checking multiple_clock (0)
------------------------------
 There are 0 register/latch pins with multiple clocks.


8. checking generated_clocks (0)
--------------------------------
 There are 0 generated clocks that are not connected to a clock source.


9. checking loops (0)
---------------------
 There are 0 combinational loops in the design.


10. checking partial_input_delay (0)
------------------------------------
 There are 0 input ports with partial input delay specified.


11. checking partial_output_delay (0)
-------------------------------------
 There are 0 ports with partial output delay specified.


12. checking latch_loops (0)
----------------------------
 There are 0 combinational latch loops in the design through latch input



------------------------------------------------------------------------------------------------
| Design Timing Summary
| ---------------------
------------------------------------------------------------------------------------------------

    WNS(ns)      TNS(ns)  TNS Failing Endpoints  TNS Total Endpoints      WHS(ns)      THS(ns)  THS Failing Endpoints  THS Total Endpoints     WPWS(ns)     TPWS(ns)  TPWS Failing Endpoints  TPWS Total Endpoints  
    -------      -------  ---------------------  -------------------      -------      -------  ---------------------  -------------------     --------     --------  ----------------------  --------------------  
      0.083        0.000                      0                 8658        0.119        0.000                      0                 8658        3.000        0.000                       0                  2769  


All user specified timing constraints are met.


------------------------------------------------------------------------------------------------
| Clock Summary
| -------------
------------------------------------------------------------------------------------------------

Clock                   Waveform(ns)         Period(ns)      Frequency(MHz)
-----                   ------------         ----------      --------------
sys_clk_pin             {0.000 5.000}        10.000          100.000         
  clk_out1_clk_wiz_0_1  {0.000 20.000}       40.000          25.000          
  clk_out2_clk_wiz_0_1  {0.000 4.000}        8.000           125.000         
  clk_out3_clk_wiz_0_1  {0.000 5.000}        10.000          100.000         
  clkfbout_clk_wiz_0_1  {0.000 5.000}        10.000          100.000         


------------------------------------------------------------------------------------------------
| Intra Clock Table
| -----------------
------------------------------------------------------------------------------------------------

Clock                       WNS(ns)      TNS(ns)  TNS Failing Endpoints  TNS Total Endpoints      WHS(ns)      THS(ns)  THS Failing Endpoints  THS Total Endpoints     WPWS(ns)     TPWS(ns)  TPWS Failing Endpoints  TPWS Total Endpoints  
-----                       -------      -------  ---------------------  -------------------      -------      -------  ---------------------  -------------------     --------     --------  ----------------------  --------------------  
sys_clk_pin                                                                                                                                                               3.000        0.000                       0                     1  
  clk_out1_clk_wiz_0_1       20.548        0.000                      0                  394        0.152        0.000                      0                  394       19.500        0.000                       0                   253  
  clk_out2_clk_wiz_0_1                                                                                                                                                    5.845        0.000                       0                    10  
  clk_out3_clk_wiz_0_1        0.083        0.000                      0                 7278        0.119        0.000                      0                 7278        3.750        0.000                       0                  2502  
  clkfbout_clk_wiz_0_1                                                                                                                                                    7.845        0.000                       0                     3  


------------------------------------------------------------------------------------------------
| Inter Clock Table
| -----------------
------------------------------------------------------------------------------------------------

From Clock            To Clock                  WNS(ns)      TNS(ns)  TNS Failing Endpoints  TNS Total Endpoints      WHS(ns)      THS(ns)  THS Failing Endpoints  THS Total Endpoints  
----------            --------                  -------      -------  ---------------------  -------------------      -------      -------  ---------------------  -------------------  
clk_out1_clk_wiz_0_1  clk_out3_clk_wiz_0_1        6.721        0.000                      0                    9        0.179        0.000                      0                    9  


------------------------------------------------------------------------------------------------
| Other Path Groups Table
| -----------------------
------------------------------------------------------------------------------------------------

Path Group            From Clock            To Clock                  WNS(ns)      TNS(ns)  TNS Failing Endpoints  TNS Total Endpoints      WHS(ns)      THS(ns)  THS Failing Endpoints  THS Total Endpoints  
----------            ----------            --------                  -------      -------  ---------------------  -------------------      -------      -------  ---------------------  -------------------  
**async_default**     clk_out1_clk_wiz_0_1  clk_out1_clk_wiz_0_1       33.366        0.000                      0                   95        1.588        0.000                      0                   95  
**async_default**     clk_out3_clk_wiz_0_1  clk_out3_clk_wiz_0_1        2.524        0.000                      0                  882        0.472        0.000                      0                  882  


------------------------------------------------------------------------------------------------
| User Ignored Path Table
| -----------------------
------------------------------------------------------------------------------------------------

Path Group            From Clock            To Clock            
----------            ----------            --------            
(none)                clk_out1_clk_wiz_0_1  clk_out1_clk_wiz_0_1  


------------------------------------------------------------------------------------------------
| Unconstrained Path Table
| ------------------------
------------------------------------------------------------------------------------------------

Path Group            From Clock            To Clock            
----------            ----------            --------            
(none)                clk_out1_clk_wiz_0_1                        
(none)                clk_out2_clk_wiz_0_1                        
(none)                clk_out3_clk_wiz_0_1                        
(none)                                      clk_out1_clk_wiz_0_1  
(none)                                      clk_out3_clk_wiz_0_1  


------------------------------------------------------------------------------------------------
| Timing Details
| --------------
------------------------------------------------------------------------------------------------


---------------------------------------------------------------------------------------------------
From Clock:  sys_clk_pin
  To Clock:  sys_clk_pin

Setup :           NA  Failing Endpoints,  Worst Slack           NA  ,  Total Violation           NA
Hold  :           NA  Failing Endpoints,  Worst Slack           NA  ,  Total Violation           NA
PW    :            0  Failing Endpoints,  Worst Slack        3.000ns,  Total Violation        0.000ns
---------------------------------------------------------------------------------------------------


Pulse Width Checks
--------------------------------------------------------------------------------------
Clock Name:         sys_clk_pin
Waveform(ns):       { 0.000 5.000 }
Period(ns):         10.000
Sources:            { CLK100MHZ }

Check Type        Corner  Lib Pin           Reference Pin  Required(ns)  Actual(ns)  Slack(ns)  Location        Pin
Min Period        n/a     PLLE2_ADV/CLKIN1  n/a            1.249         10.000      8.751      PLLE2_ADV_X1Y2  pll_inst/inst/plle2_adv_inst/CLKIN1
Max Period        n/a     PLLE2_ADV/CLKIN1  n/a            52.633        10.000      42.633     PLLE2_ADV_X1Y2  pll_inst/inst/plle2_adv_inst/CLKIN1
Low Pulse Width   Slow    PLLE2_ADV/CLKIN1  n/a            2.000         5.000       3.000      PLLE2_ADV_X1Y2  pll_inst/inst/plle2_adv_inst/CLKIN1
Low Pulse Width   Fast    PLLE2_ADV/CLKIN1  n/a            2.000         5.000       3.000      PLLE2_ADV_X1Y2  pll_inst/inst/plle2_adv_inst/CLKIN1
High Pulse Width  Slow    PLLE2_ADV/CLKIN1  n/a            2.000         5.000       3.000      PLLE2_ADV_X1Y2  pll_inst/inst/plle2_adv_inst/CLKIN1
High Pulse Width  Fast    PLLE2_ADV/CLKIN1  n/a            2.000         5.000       3.000      PLLE2_ADV_X1Y2  pll_inst/inst/plle2_adv_inst/CLKIN1



---------------------------------------------------------------------------------------------------
From Clock:  clk_out1_clk_wiz_0_1
  To Clock:  clk_out1_clk_wiz_0_1

Setup :            0  Failing Endpoints,  Worst Slack       20.548ns,  Total Violation        0.000ns
Hold  :            0  Failing Endpoints,  Worst Slack        0.152ns,  Total Violation        0.000ns
PW    :            0  Failing Endpoints,  Worst Slack       19.500ns,  Total Violation        0.000ns
---------------------------------------------------------------------------------------------------


Max Delay Paths
--------------------------------------------------------------------------------------
Slack (MET) :             20.548ns  (required time - arrival time)
  Source:                 vram_inst/mem_reg/CLKBWRCLK
                            (rising edge-triggered cell RAMB36E1 clocked by clk_out1_clk_wiz_0_1  {rise@0.000ns fall@20.000ns period=40.000ns})
  Destination:            vga/vga_g_reg[0]/D
                            (rising edge-triggered cell FDRE clocked by clk_out1_clk_wiz_0_1  {rise@0.000ns fall@20.000ns period=40.000ns})
  Path Group:             clk_out1_clk_wiz_0_1
  Path Type:              Setup (Max at Slow Process Corner)
  Requirement:            40.000ns  (clk_out1_clk_wiz_0_1 rise@40.000ns - clk_out1_clk_wiz_0_1 rise@0.000ns)
  Data Path Delay:        18.853ns  (logic 3.958ns (20.994%)  route 14.895ns (79.006%))
  Logic Levels:           8  (LUT5=1 LUT6=4 MUXF7=2 MUXF8=1)
  Clock Path Skew:        -0.441ns (DCD - SCD + CPR)
    Destination Clock Delay (DCD):    -2.104ns = ( 37.896 - 40.000 ) 
    Source Clock Delay      (SCD):    -2.170ns
    Clock Pessimism Removal (CPR):    -0.507ns
  Clock Uncertainty:      0.091ns  ((TSJ^2 + DJ^2)^1/2) / 2 + PE
    Total System Jitter     (TSJ):    0.071ns
    Discrete Jitter          (DJ):    0.168ns
    Phase Error              (PE):    0.000ns

    Location             Delay type                Incr(ns)  Path(ns)    Netlist Resource(s)
  -------------------------------------------------------------------    -------------------
                         (clock clk_out1_clk_wiz_0_1 rise edge)
                                                      0.000     0.000 r  
    R4                                                0.000     0.000 r  CLK100MHZ (IN)
                         net (fo=0)                   0.000     0.000    pll_inst/inst/clk_in1
    R4                   IBUF (Prop_ibuf_I_O)         1.475     1.475 r  pll_inst/inst/clkin1_ibufg/O
                         net (fo=1, routed)           1.253     2.728    pll_inst/inst/clk_in1_clk_wiz_0
    PLLE2_ADV_X1Y2       PLLE2_ADV (Prop_plle2_adv_CLKIN1_CLKOUT0)
                                                     -8.953    -6.225 r  pll_inst/inst/plle2_adv_inst/CLKOUT0
                         net (fo=1, routed)           1.802    -4.422    pll_inst/inst/clk_out1_clk_wiz_0
    BUFGCTRL_X0Y0        BUFG (Prop_bufg_I_O)         0.096    -4.326 r  pll_inst/inst/clkout1_buf/O
                         net (fo=251, routed)         2.156    -2.170    vram_inst/clk_out1
    RAMB36_X1Y4          RAMB36E1                                     r  vram_inst/mem_reg/CLKBWRCLK
  -------------------------------------------------------------------    -------------------
    RAMB36_X1Y4          RAMB36E1 (Prop_ramb36e1_CLKBWRCLK_DOBDO[1])
                                                      2.454     0.284 r  vram_inst/mem_reg/DOBDO[1]
                         net (fo=127, routed)         4.666     4.949    vga/DOBDO[1]
    SLICE_X22Y44         LUT6 (Prop_lut6_I1_O)        0.124     5.073 r  vga/vga_g[3]_i_223/O
                         net (fo=1, routed)           0.000     5.073    vga/vga_g[3]_i_223_n_0
    SLICE_X22Y44         MUXF7 (Prop_muxf7_I0_O)      0.209     5.282 r  vga/vga_g_reg[3]_i_216/O
                         net (fo=1, routed)           0.000     5.282    vga/vga_g_reg[3]_i_216_n_0
    SLICE_X22Y44         MUXF8 (Prop_muxf8_I1_O)      0.088     5.370 r  vga/vga_g_reg[3]_i_163/O
                         net (fo=1, routed)           0.499     5.869    vga/vga_g_reg[3]_i_163_n_0
    SLICE_X23Y44         LUT6 (Prop_lut6_I5_O)        0.319     6.188 r  vga/vga_g[3]_i_68/O
                         net (fo=1, routed)           0.675     6.863    vram_inst/vga_g_reg[3]_i_11_4
    SLICE_X24Y41         LUT6 (Prop_lut6_I4_O)        0.124     6.987 r  vram_inst/vga_g[3]_i_25/O
                         net (fo=1, routed)           0.000     6.987    vram_inst/data7
    SLICE_X24Y41         MUXF7 (Prop_muxf7_I1_O)      0.217     7.204 r  vram_inst/vga_g_reg[3]_i_11/O
                         net (fo=1, routed)           0.441     7.645    vga/vga_r_reg[0]_1
    SLICE_X24Y41         LUT6 (Prop_lut6_I5_O)        0.299     7.944 r  vga/vga_g[3]_i_3/O
                         net (fo=1, routed)           0.441     8.384    vga/vga_g[3]_i_3_n_0
    SLICE_X24Y39         LUT5 (Prop_lut5_I1_O)        0.124     8.508 r  vga/vga_g[3]_i_1/O
                         net (fo=8, routed)           8.174    16.682    vga/pixel_on
    SLICE_X161Y133       FDRE                                         r  vga/vga_g_reg[0]/D
  -------------------------------------------------------------------    -------------------

                         (clock clk_out1_clk_wiz_0_1 rise edge)
                                                     40.000    40.000 r  
    R4                                                0.000    40.000 r  CLK100MHZ (IN)
                         net (fo=0)                   0.000    40.000    pll_inst/inst/clk_in1
    R4                   IBUF (Prop_ibuf_I_O)         1.405    41.405 r  pll_inst/inst/clkin1_ibufg/O
                         net (fo=1, routed)           1.181    42.586    pll_inst/inst/clk_in1_clk_wiz_0
    PLLE2_ADV_X1Y2       PLLE2_ADV (Prop_plle2_adv_CLKIN1_CLKOUT0)
                                                     -8.206    34.380 r  pll_inst/inst/plle2_adv_inst/CLKOUT0
                         net (fo=1, routed)           1.718    36.098    pll_inst/inst/clk_out1_clk_wiz_0
    BUFGCTRL_X0Y0        BUFG (Prop_bufg_I_O)         0.091    36.189 r  pll_inst/inst/clkout1_buf/O
                         net (fo=251, routed)         1.706    37.896    vga/clk_out1
    SLICE_X161Y133       FDRE                                         r  vga/vga_g_reg[0]/C
                         clock pessimism             -0.507    37.388    
                         clock uncertainty           -0.091    37.297    
    SLICE_X161Y133       FDRE (Setup_fdre_C_D)       -0.067    37.230    vga/vga_g_reg[0]
  -------------------------------------------------------------------
                         required time                         37.230    
                         arrival time                         -16.682    
  -------------------------------------------------------------------
                         slack                                 20.548    

Slack (MET) :             20.723ns  (required time - arrival time)
  Source:                 vram_inst/mem_reg/CLKBWRCLK
                            (rising edge-triggered cell RAMB36E1 clocked by clk_out1_clk_wiz_0_1  {rise@0.000ns fall@20.000ns period=40.000ns})
  Destination:            vga/vga_g_reg[1]/D
                            (rising edge-triggered cell FDRE clocked by clk_out1_clk_wiz_0_1  {rise@0.000ns fall@20.000ns period=40.000ns})
  Path Group:             clk_out1_clk_wiz_0_1
  Path Type:              Setup (Max at Slow Process Corner)
  Requirement:            40.000ns  (clk_out1_clk_wiz_0_1 rise@40.000ns - clk_out1_clk_wiz_0_1 rise@0.000ns)
  Data Path Delay:        18.663ns  (logic 3.958ns (21.207%)  route 14.705ns (78.793%))
  Logic Levels:           8  (LUT5=1 LUT6=4 MUXF7=2 MUXF8=1)
  Clock Path Skew:        -0.441ns (DCD - SCD + CPR)
    Destination Clock Delay (DCD):    -2.104ns = ( 37.896 - 40.000 ) 
    Source Clock Delay      (SCD):    -2.170ns
    Clock Pessimism Removal (CPR):    -0.507ns
  Clock Uncertainty:      0.091ns  ((TSJ^2 + DJ^2)^1/2) / 2 + PE
    Total System Jitter     (TSJ):    0.071ns
    Discrete Jitter          (DJ):    0.168ns
    Phase Error              (PE):    0.000ns

    Location             Delay type                Incr(ns)  Path(ns)    Netlist Resource(s)
  -------------------------------------------------------------------    -------------------
                         (clock clk_out1_clk_wiz_0_1 rise edge)
                                                      0.000     0.000 r  
    R4                                                0.000     0.000 r  CLK100MHZ (IN)
                         net (fo=0)                   0.000     0.000    pll_inst/inst/clk_in1
    R4                   IBUF (Prop_ibuf_I_O)         1.475     1.475 r  pll_inst/inst/clkin1_ibufg/O
                         net (fo=1, routed)           1.253     2.728    pll_inst/inst/clk_in1_clk_wiz_0
    PLLE2_ADV_X1Y2       PLLE2_ADV (Prop_plle2_adv_CLKIN1_CLKOUT0)
                                                     -8.953    -6.225 r  pll_inst/inst/plle2_adv_inst/CLKOUT0
                         net (fo=1, routed)           1.802    -4.422    pll_inst/inst/clk_out1_clk_wiz_0
    BUFGCTRL_X0Y0        BUFG (Prop_bufg_I_O)         0.096    -4.326 r  pll_inst/inst/clkout1_buf/O
                         net (fo=251, routed)         2.156    -2.170    vram_inst/clk_out1
    RAMB36_X1Y4          RAMB36E1                                     r  vram_inst/mem_reg/CLKBWRCLK
  -------------------------------------------------------------------    -------------------
    RAMB36_X1Y4          RAMB36E1 (Prop_ramb36e1_CLKBWRCLK_DOBDO[1])
                                                      2.454     0.284 r  vram_inst/mem_reg/DOBDO[1]
                         net (fo=127, routed)         4.666     4.949    vga/DOBDO[1]
    SLICE_X22Y44         LUT6 (Prop_lut6_I1_O)        0.124     5.073 r  vga/vga_g[3]_i_223/O
                         net (fo=1, routed)           0.000     5.073    vga/vga_g[3]_i_223_n_0
    SLICE_X22Y44         MUXF7 (Prop_muxf7_I0_O)      0.209     5.282 r  vga/vga_g_reg[3]_i_216/O
                         net (fo=1, routed)           0.000     5.282    vga/vga_g_reg[3]_i_216_n_0
    SLICE_X22Y44         MUXF8 (Prop_muxf8_I1_O)      0.088     5.370 r  vga/vga_g_reg[3]_i_163/O
                         net (fo=1, routed)           0.499     5.869    vga/vga_g_reg[3]_i_163_n_0
    SLICE_X23Y44         LUT6 (Prop_lut6_I5_O)        0.319     6.188 r  vga/vga_g[3]_i_68/O
                         net (fo=1, routed)           0.675     6.863    vram_inst/vga_g_reg[3]_i_11_4
    SLICE_X24Y41         LUT6 (Prop_lut6_I4_O)        0.124     6.987 r  vram_inst/vga_g[3]_i_25/O
                         net (fo=1, routed)           0.000     6.987    vram_inst/data7
    SLICE_X24Y41         MUXF7 (Prop_muxf7_I1_O)      0.217     7.204 r  vram_inst/vga_g_reg[3]_i_11/O
                         net (fo=1, routed)           0.441     7.645    vga/vga_r_reg[0]_1
    SLICE_X24Y41         LUT6 (Prop_lut6_I5_O)        0.299     7.944 r  vga/vga_g[3]_i_3/O
                         net (fo=1, routed)           0.441     8.384    vga/vga_g[3]_i_3_n_0
    SLICE_X24Y39         LUT5 (Prop_lut5_I1_O)        0.124     8.508 r  vga/vga_g[3]_i_1/O
                         net (fo=8, routed)           7.985    16.493    vga/pixel_on
    SLICE_X161Y133       FDRE                                         r  vga/vga_g_reg[1]/D
  -------------------------------------------------------------------    -------------------

                         (clock clk_out1_clk_wiz_0_1 rise edge)
                                                     40.000    40.000 r  
    R4                                                0.000    40.000 r  CLK100MHZ (IN)
                         net (fo=0)                   0.000    40.000    pll_inst/inst/clk_in1
    R4                   IBUF (Prop_ibuf_I_O)         1.405    41.405 r  pll_inst/inst/clkin1_ibufg/O
                         net (fo=1, routed)           1.181    42.586    pll_inst/inst/clk_in1_clk_wiz_0
    PLLE2_ADV_X1Y2       PLLE2_ADV (Prop_plle2_adv_CLKIN1_CLKOUT0)
                                                     -8.206    34.380 r  pll_inst/inst/plle2_adv_inst/CLKOUT0
                         net (fo=1, routed)           1.718    36.098    pll_inst/inst/clk_out1_clk_wiz_0
    BUFGCTRL_X0Y0        BUFG (Prop_bufg_I_O)         0.091    36.189 r  pll_inst/inst/clkout1_buf/O
                         net (fo=251, routed)         1.706    37.896    vga/clk_out1
    SLICE_X161Y133       FDRE                                         r  vga/vga_g_reg[1]/C
                         clock pessimism             -0.507    37.388    
                         clock uncertainty           -0.091    37.297    
    SLICE_X161Y133       FDRE (Setup_fdre_C_D)       -0.081    37.216    vga/vga_g_reg[1]
  -------------------------------------------------------------------
                         required time                         37.216    
                         arrival time                         -16.493    
  -------------------------------------------------------------------
                         slack                                 20.723    

Slack (MET) :             20.943ns  (required time - arrival time)
  Source:                 vram_inst/mem_reg/CLKBWRCLK
                            (rising edge-triggered cell RAMB36E1 clocked by clk_out1_clk_wiz_0_1  {rise@0.000ns fall@20.000ns period=40.000ns})
  Destination:            vga/vga_g_reg[3]/D
                            (rising edge-triggered cell FDRE clocked by clk_out1_clk_wiz_0_1  {rise@0.000ns fall@20.000ns period=40.000ns})
  Path Group:             clk_out1_clk_wiz_0_1
  Path Type:              Setup (Max at Slow Process Corner)
  Requirement:            40.000ns  (clk_out1_clk_wiz_0_1 rise@40.000ns - clk_out1_clk_wiz_0_1 rise@0.000ns)
  Data Path Delay:        18.463ns  (logic 3.958ns (21.438%)  route 14.505ns (78.562%))
  Logic Levels:           8  (LUT5=1 LUT6=4 MUXF7=2 MUXF8=1)
  Clock Path Skew:        -0.441ns (DCD - SCD + CPR)
    Destination Clock Delay (DCD):    -2.104ns = ( 37.896 - 40.000 ) 
    Source Clock Delay      (SCD):    -2.170ns
    Clock Pessimism Removal (CPR):    -0.507ns
  Clock Uncertainty:      0.091ns  ((TSJ^2 + DJ^2)^1/2) / 2 + PE
    Total System Jitter     (TSJ):    0.071ns
    Discrete Jitter          (DJ):    0.168ns
    Phase Error              (PE):    0.000ns

    Location             Delay type                Incr(ns)  Path(ns)    Netlist Resource(s)
  -------------------------------------------------------------------    -------------------
                         (clock clk_out1_clk_wiz_0_1 rise edge)
                                                      0.000     0.000 r  
    R4                                                0.000     0.000 r  CLK100MHZ (IN)
                         net (fo=0)                   0.000     0.000    pll_inst/inst/clk_in1
    R4                   IBUF (Prop_ibuf_I_O)         1.475     1.475 r  pll_inst/inst/clkin1_ibufg/O
                         net (fo=1, routed)           1.253     2.728    pll_inst/inst/clk_in1_clk_wiz_0
    PLLE2_ADV_X1Y2       PLLE2_ADV (Prop_plle2_adv_CLKIN1_CLKOUT0)
                                                     -8.953    -6.225 r  pll_inst/inst/plle2_adv_inst/CLKOUT0
                         net (fo=1, routed)           1.802    -4.422    pll_inst/inst/clk_out1_clk_wiz_0
    BUFGCTRL_X0Y0        BUFG (Prop_bufg_I_O)         0.096    -4.326 r  pll_inst/inst/clkout1_buf/O
                         net (fo=251, routed)         2.156    -2.170    vram_inst/clk_out1
    RAMB36_X1Y4          RAMB36E1                                     r  vram_inst/mem_reg/CLKBWRCLK
  -------------------------------------------------------------------    -------------------
    RAMB36_X1Y4          RAMB36E1 (Prop_ramb36e1_CLKBWRCLK_DOBDO[1])
                                                      2.454     0.284 r  vram_inst/mem_reg/DOBDO[1]
                         net (fo=127, routed)         4.666     4.949    vga/DOBDO[1]
    SLICE_X22Y44         LUT6 (Prop_lut6_I1_O)        0.124     5.073 r  vga/vga_g[3]_i_223/O
                         net (fo=1, routed)           0.000     5.073    vga/vga_g[3]_i_223_n_0
    SLICE_X22Y44         MUXF7 (Prop_muxf7_I0_O)      0.209     5.282 r  vga/vga_g_reg[3]_i_216/O
                         net (fo=1, routed)           0.000     5.282    vga/vga_g_reg[3]_i_216_n_0
    SLICE_X22Y44         MUXF8 (Prop_muxf8_I1_O)      0.088     5.370 r  vga/vga_g_reg[3]_i_163/O
                         net (fo=1, routed)           0.499     5.869    vga/vga_g_reg[3]_i_163_n_0
    SLICE_X23Y44         LUT6 (Prop_lut6_I5_O)        0.319     6.188 r  vga/vga_g[3]_i_68/O
                         net (fo=1, routed)           0.675     6.863    vram_inst/vga_g_reg[3]_i_11_4
    SLICE_X24Y41         LUT6 (Prop_lut6_I4_O)        0.124     6.987 r  vram_inst/vga_g[3]_i_25/O
                         net (fo=1, routed)           0.000     6.987    vram_inst/data7
    SLICE_X24Y41         MUXF7 (Prop_muxf7_I1_O)      0.217     7.204 r  vram_inst/vga_g_reg[3]_i_11/O
                         net (fo=1, routed)           0.441     7.645    vga/vga_r_reg[0]_1
    SLICE_X24Y41         LUT6 (Prop_lut6_I5_O)        0.299     7.944 r  vga/vga_g[3]_i_3/O
                         net (fo=1, routed)           0.441     8.384    vga/vga_g[3]_i_3_n_0
    SLICE_X24Y39         LUT5 (Prop_lut5_I1_O)        0.124     8.508 r  vga/vga_g[3]_i_1/O
                         net (fo=8, routed)           7.784    16.292    vga/pixel_on
    SLICE_X160Y133       FDRE                                         r  vga/vga_g_reg[3]/D
  -------------------------------------------------------------------    -------------------

                         (clock clk_out1_clk_wiz_0_1 rise edge)
                                                     40.000    40.000 r  
    R4                                                0.000    40.000 r  CLK100MHZ (IN)
                         net (fo=0)                   0.000    40.000    pll_inst/inst/clk_in1
    R4                   IBUF (Prop_ibuf_I_O)         1.405    41.405 r  pll_inst/inst/clkin1_ibufg/O
                         net (fo=1, routed)           1.181    42.586    pll_inst/inst/clk_in1_clk_wiz_0
    PLLE2_ADV_X1Y2       PLLE2_ADV (Prop_plle2_adv_CLKIN1_CLKOUT0)
                                                     -8.206    34.380 r  pll_inst/inst/plle2_adv_inst/CLKOUT0
                         net (fo=1, routed)           1.718    36.098    pll_inst/inst/clk_out1_clk_wiz_0
    BUFGCTRL_X0Y0        BUFG (Prop_bufg_I_O)         0.091    36.189 r  pll_inst/inst/clkout1_buf/O
                         net (fo=251, routed)         1.706    37.896    vga/clk_out1
    SLICE_X160Y133       FDRE                                         r  vga/vga_g_reg[3]/C
                         clock pessimism             -0.507    37.388    
                         clock uncertainty           -0.091    37.297    
    SLICE_X160Y133       FDRE (Setup_fdre_C_D)       -0.062    37.235    vga/vga_g_reg[3]
  -------------------------------------------------------------------
                         required time                         37.235    
                         arrival time                         -16.292    
  -------------------------------------------------------------------
                         slack                                 20.943    

Slack (MET) :             20.952ns  (required time - arrival time)
  Source:                 vram_inst/mem_reg/CLKBWRCLK
                            (rising edge-triggered cell RAMB36E1 clocked by clk_out1_clk_wiz_0_1  {rise@0.000ns fall@20.000ns period=40.000ns})
  Destination:            vga/vga_g_reg[2]/D
                            (rising edge-triggered cell FDRE clocked by clk_out1_clk_wiz_0_1  {rise@0.000ns fall@20.000ns period=40.000ns})
  Path Group:             clk_out1_clk_wiz_0_1
  Path Type:              Setup (Max at Slow Process Corner)
  Requirement:            40.000ns  (clk_out1_clk_wiz_0_1 rise@40.000ns - clk_out1_clk_wiz_0_1 rise@0.000ns)
  Data Path Delay:        18.469ns  (logic 3.958ns (21.431%)  route 14.511ns (78.569%))
  Logic Levels:           8  (LUT5=1 LUT6=4 MUXF7=2 MUXF8=1)
  Clock Path Skew:        -0.441ns (DCD - SCD + CPR)
    Destination Clock Delay (DCD):    -2.104ns = ( 37.896 - 40.000 ) 
    Source Clock Delay      (SCD):    -2.170ns
    Clock Pessimism Removal (CPR):    -0.507ns
  Clock Uncertainty:      0.091ns  ((TSJ^2 + DJ^2)^1/2) / 2 + PE
    Total System Jitter     (TSJ):    0.071ns
    Discrete Jitter          (DJ):    0.168ns
    Phase Error              (PE):    0.000ns

    Location             Delay type                Incr(ns)  Path(ns)    Netlist Resource(s)
  -------------------------------------------------------------------    -------------------
                         (clock clk_out1_clk_wiz_0_1 rise edge)
                                                      0.000     0.000 r  
    R4                                                0.000     0.000 r  CLK100MHZ (IN)
                         net (fo=0)                   0.000     0.000    pll_inst/inst/clk_in1
    R4                   IBUF (Prop_ibuf_I_O)         1.475     1.475 r  pll_inst/inst/clkin1_ibufg/O
                         net (fo=1, routed)           1.253     2.728    pll_inst/inst/clk_in1_clk_wiz_0
    PLLE2_ADV_X1Y2       PLLE2_ADV (Prop_plle2_adv_CLKIN1_CLKOUT0)
                                                     -8.953    -6.225 r  pll_inst/inst/plle2_adv_inst/CLKOUT0
                         net (fo=1, routed)           1.802    -4.422    pll_inst/inst/clk_out1_clk_wiz_0
    BUFGCTRL_X0Y0        BUFG (Prop_bufg_I_O)         0.096    -4.326 r  pll_inst/inst/clkout1_buf/O
                         net (fo=251, routed)         2.156    -2.170    vram_inst/clk_out1
    RAMB36_X1Y4          RAMB36E1                                     r  vram_inst/mem_reg/CLKBWRCLK
  -------------------------------------------------------------------    -------------------
    RAMB36_X1Y4          RAMB36E1 (Prop_ramb36e1_CLKBWRCLK_DOBDO[1])
                                                      2.454     0.284 r  vram_inst/mem_reg/DOBDO[1]
                         net (fo=127, routed)         4.666     4.949    vga/DOBDO[1]
    SLICE_X22Y44         LUT6 (Prop_lut6_I1_O)        0.124     5.073 r  vga/vga_g[3]_i_223/O
                         net (fo=1, routed)           0.000     5.073    vga/vga_g[3]_i_223_n_0
    SLICE_X22Y44         MUXF7 (Prop_muxf7_I0_O)      0.209     5.282 r  vga/vga_g_reg[3]_i_216/O
                         net (fo=1, routed)           0.000     5.282    vga/vga_g_reg[3]_i_216_n_0
    SLICE_X22Y44         MUXF8 (Prop_muxf8_I1_O)      0.088     5.370 r  vga/vga_g_reg[3]_i_163/O
                         net (fo=1, routed)           0.499     5.869    vga/vga_g_reg[3]_i_163_n_0
    SLICE_X23Y44         LUT6 (Prop_lut6_I5_O)        0.319     6.188 r  vga/vga_g[3]_i_68/O
                         net (fo=1, routed)           0.675     6.863    vram_inst/vga_g_reg[3]_i_11_4
    SLICE_X24Y41         LUT6 (Prop_lut6_I4_O)        0.124     6.987 r  vram_inst/vga_g[3]_i_25/O
                         net (fo=1, routed)           0.000     6.987    vram_inst/data7
    SLICE_X24Y41         MUXF7 (Prop_muxf7_I1_O)      0.217     7.204 r  vram_inst/vga_g_reg[3]_i_11/O
                         net (fo=1, routed)           0.441     7.645    vga/vga_r_reg[0]_1
    SLICE_X24Y41         LUT6 (Prop_lut6_I5_O)        0.299     7.944 r  vga/vga_g[3]_i_3/O
                         net (fo=1, routed)           0.441     8.384    vga/vga_g[3]_i_3_n_0
    SLICE_X24Y39         LUT5 (Prop_lut5_I1_O)        0.124     8.508 r  vga/vga_g[3]_i_1/O
                         net (fo=8, routed)           7.790    16.298    vga/pixel_on
    SLICE_X160Y133       FDRE                                         r  vga/vga_g_reg[2]/D
  -------------------------------------------------------------------    -------------------

                         (clock clk_out1_clk_wiz_0_1 rise edge)
                                                     40.000    40.000 r  
    R4                                                0.000    40.000 r  CLK100MHZ (IN)
                         net (fo=0)                   0.000    40.000    pll_inst/inst/clk_in1
    R4                   IBUF (Prop_ibuf_I_O)         1.405    41.405 r  pll_inst/inst/clkin1_ibufg/O
                         net (fo=1, routed)           1.181    42.586    pll_inst/inst/clk_in1_clk_wiz_0
    PLLE2_ADV_X1Y2       PLLE2_ADV (Prop_plle2_adv_CLKIN1_CLKOUT0)
                                                     -8.206    34.380 r  pll_inst/inst/plle2_adv_inst/CLKOUT0
                         net (fo=1, routed)           1.718    36.098    pll_inst/inst/clk_out1_clk_wiz_0
    BUFGCTRL_X0Y0        BUFG (Prop_bufg_I_O)         0.091    36.189 r  pll_inst/inst/clkout1_buf/O
                         net (fo=251, routed)         1.706    37.896    vga/clk_out1
    SLICE_X160Y133       FDRE                                         r  vga/vga_g_reg[2]/C
                         clock pessimism             -0.507    37.388    
                         clock uncertainty           -0.091    37.297    
    SLICE_X160Y133       FDRE (Setup_fdre_C_D)       -0.047    37.250    vga/vga_g_reg[2]
  -------------------------------------------------------------------
                         required time                         37.250    
                         arrival time                         -16.298    
  -------------------------------------------------------------------
                         slack                                 20.952    

Slack (MET) :             20.999ns  (required time - arrival time)
  Source:                 vram_inst/mem_reg/CLKBWRCLK
                            (rising edge-triggered cell RAMB36E1 clocked by clk_out1_clk_wiz_0_1  {rise@0.000ns fall@20.000ns period=40.000ns})
  Destination:            vga/vga_r_reg[3]/D
                            (rising edge-triggered cell FDRE clocked by clk_out1_clk_wiz_0_1  {rise@0.000ns fall@20.000ns period=40.000ns})
  Path Group:             clk_out1_clk_wiz_0_1
  Path Type:              Setup (Max at Slow Process Corner)
  Requirement:            40.000ns  (clk_out1_clk_wiz_0_1 rise@40.000ns - clk_out1_clk_wiz_0_1 rise@0.000ns)
  Data Path Delay:        18.403ns  (logic 3.958ns (21.507%)  route 14.445ns (78.493%))
  Logic Levels:           8  (LUT5=1 LUT6=4 MUXF7=2 MUXF8=1)
  Clock Path Skew:        -0.445ns (DCD - SCD + CPR)
    Destination Clock Delay (DCD):    -2.108ns = ( 37.892 - 40.000 ) 
    Source Clock Delay      (SCD):    -2.170ns
    Clock Pessimism Removal (CPR):    -0.507ns
  Clock Uncertainty:      0.091ns  ((TSJ^2 + DJ^2)^1/2) / 2 + PE
    Total System Jitter     (TSJ):    0.071ns
    Discrete Jitter          (DJ):    0.168ns
    Phase Error              (PE):    0.000ns

    Location             Delay type                Incr(ns)  Path(ns)    Netlist Resource(s)
  -------------------------------------------------------------------    -------------------
                         (clock clk_out1_clk_wiz_0_1 rise edge)
                                                      0.000     0.000 r  
    R4                                                0.000     0.000 r  CLK100MHZ (IN)
                         net (fo=0)                   0.000     0.000    pll_inst/inst/clk_in1
    R4                   IBUF (Prop_ibuf_I_O)         1.475     1.475 r  pll_inst/inst/clkin1_ibufg/O
                         net (fo=1, routed)           1.253     2.728    pll_inst/inst/clk_in1_clk_wiz_0
    PLLE2_ADV_X1Y2       PLLE2_ADV (Prop_plle2_adv_CLKIN1_CLKOUT0)
                                                     -8.953    -6.225 r  pll_inst/inst/plle2_adv_inst/CLKOUT0
                         net (fo=1, routed)           1.802    -4.422    pll_inst/inst/clk_out1_clk_wiz_0
    BUFGCTRL_X0Y0        BUFG (Prop_bufg_I_O)         0.096    -4.326 r  pll_inst/inst/clkout1_buf/O
                         net (fo=251, routed)         2.156    -2.170    vram_inst/clk_out1
    RAMB36_X1Y4          RAMB36E1                                     r  vram_inst/mem_reg/CLKBWRCLK
  -------------------------------------------------------------------    -------------------
    RAMB36_X1Y4          RAMB36E1 (Prop_ramb36e1_CLKBWRCLK_DOBDO[1])
                                                      2.454     0.284 r  vram_inst/mem_reg/DOBDO[1]
                         net (fo=127, routed)         4.666     4.949    vga/DOBDO[1]
    SLICE_X22Y44         LUT6 (Prop_lut6_I1_O)        0.124     5.073 r  vga/vga_g[3]_i_223/O
                         net (fo=1, routed)           0.000     5.073    vga/vga_g[3]_i_223_n_0
    SLICE_X22Y44         MUXF7 (Prop_muxf7_I0_O)      0.209     5.282 r  vga/vga_g_reg[3]_i_216/O
                         net (fo=1, routed)           0.000     5.282    vga/vga_g_reg[3]_i_216_n_0
    SLICE_X22Y44         MUXF8 (Prop_muxf8_I1_O)      0.088     5.370 r  vga/vga_g_reg[3]_i_163/O
                         net (fo=1, routed)           0.499     5.869    vga/vga_g_reg[3]_i_163_n_0
    SLICE_X23Y44         LUT6 (Prop_lut6_I5_O)        0.319     6.188 r  vga/vga_g[3]_i_68/O
                         net (fo=1, routed)           0.675     6.863    vram_inst/vga_g_reg[3]_i_11_4
    SLICE_X24Y41         LUT6 (Prop_lut6_I4_O)        0.124     6.987 r  vram_inst/vga_g[3]_i_25/O
                         net (fo=1, routed)           0.000     6.987    vram_inst/data7
    SLICE_X24Y41         MUXF7 (Prop_muxf7_I1_O)      0.217     7.204 r  vram_inst/vga_g_reg[3]_i_11/O
                         net (fo=1, routed)           0.441     7.645    vga/vga_r_reg[0]_1
    SLICE_X24Y41         LUT6 (Prop_lut6_I5_O)        0.299     7.944 r  vga/vga_g[3]_i_3/O
                         net (fo=1, routed)           0.441     8.384    vga/vga_g[3]_i_3_n_0
    SLICE_X24Y39         LUT5 (Prop_lut5_I1_O)        0.124     8.508 r  vga/vga_g[3]_i_1/O
                         net (fo=8, routed)           7.724    16.233    vga/pixel_on
    SLICE_X161Y130       FDRE                                         r  vga/vga_r_reg[3]/D
  -------------------------------------------------------------------    -------------------

                         (clock clk_out1_clk_wiz_0_1 rise edge)
                                                     40.000    40.000 r  
    R4                                                0.000    40.000 r  CLK100MHZ (IN)
                         net (fo=0)                   0.000    40.000    pll_inst/inst/clk_in1
    R4                   IBUF (Prop_ibuf_I_O)         1.405    41.405 r  pll_inst/inst/clkin1_ibufg/O
                         net (fo=1, routed)           1.181    42.586    pll_inst/inst/clk_in1_clk_wiz_0
    PLLE2_ADV_X1Y2       PLLE2_ADV (Prop_plle2_adv_CLKIN1_CLKOUT0)
                                                     -8.206    34.380 r  pll_inst/inst/plle2_adv_inst/CLKOUT0
                         net (fo=1, routed)           1.718    36.098    pll_inst/inst/clk_out1_clk_wiz_0
    BUFGCTRL_X0Y0        BUFG (Prop_bufg_I_O)         0.091    36.189 r  pll_inst/inst/clkout1_buf/O
                         net (fo=251, routed)         1.702    37.892    vga/clk_out1
    SLICE_X161Y130       FDRE                                         r  vga/vga_r_reg[3]/C
                         clock pessimism             -0.507    37.384    
                         clock uncertainty           -0.091    37.293    
    SLICE_X161Y130       FDRE (Setup_fdre_C_D)       -0.061    37.232    vga/vga_r_reg[3]
  -------------------------------------------------------------------
                         required time                         37.232    
                         arrival time                         -16.233    
  -------------------------------------------------------------------
                         slack                                 20.999    

Slack (MET) :             21.040ns  (required time - arrival time)
  Source:                 vram_inst/mem_reg/CLKBWRCLK
                            (rising edge-triggered cell RAMB36E1 clocked by clk_out1_clk_wiz_0_1  {rise@0.000ns fall@20.000ns period=40.000ns})
  Destination:            vga/vga_r_reg[2]/D
                            (rising edge-triggered cell FDRE clocked by clk_out1_clk_wiz_0_1  {rise@0.000ns fall@20.000ns period=40.000ns})
  Path Group:             clk_out1_clk_wiz_0_1
  Path Type:              Setup (Max at Slow Process Corner)
  Requirement:            40.000ns  (clk_out1_clk_wiz_0_1 rise@40.000ns - clk_out1_clk_wiz_0_1 rise@0.000ns)
  Data Path Delay:        18.363ns  (logic 3.958ns (21.554%)  route 14.405ns (78.446%))
  Logic Levels:           8  (LUT5=1 LUT6=4 MUXF7=2 MUXF8=1)
  Clock Path Skew:        -0.444ns (DCD - SCD + CPR)
    Destination Clock Delay (DCD):    -2.107ns = ( 37.893 - 40.000 ) 
    Source Clock Delay      (SCD):    -2.170ns
    Clock Pessimism Removal (CPR):    -0.507ns
  Clock Uncertainty:      0.091ns  ((TSJ^2 + DJ^2)^1/2) / 2 + PE
    Total System Jitter     (TSJ):    0.071ns
    Discrete Jitter          (DJ):    0.168ns
    Phase Error              (PE):    0.000ns

    Location             Delay type                Incr(ns)  Path(ns)    Netlist Resource(s)
  -------------------------------------------------------------------    -------------------
                         (clock clk_out1_clk_wiz_0_1 rise edge)
                                                      0.000     0.000 r  
    R4                                                0.000     0.000 r  CLK100MHZ (IN)
                         net (fo=0)                   0.000     0.000    pll_inst/inst/clk_in1
    R4                   IBUF (Prop_ibuf_I_O)         1.475     1.475 r  pll_inst/inst/clkin1_ibufg/O
                         net (fo=1, routed)           1.253     2.728    pll_inst/inst/clk_in1_clk_wiz_0
    PLLE2_ADV_X1Y2       PLLE2_ADV (Prop_plle2_adv_CLKIN1_CLKOUT0)
                                                     -8.953    -6.225 r  pll_inst/inst/plle2_adv_inst/CLKOUT0
                         net (fo=1, routed)           1.802    -4.422    pll_inst/inst/clk_out1_clk_wiz_0
    BUFGCTRL_X0Y0        BUFG (Prop_bufg_I_O)         0.096    -4.326 r  pll_inst/inst/clkout1_buf/O
                         net (fo=251, routed)         2.156    -2.170    vram_inst/clk_out1
    RAMB36_X1Y4          RAMB36E1                                     r  vram_inst/mem_reg/CLKBWRCLK
  -------------------------------------------------------------------    -------------------
    RAMB36_X1Y4          RAMB36E1 (Prop_ramb36e1_CLKBWRCLK_DOBDO[1])
                                                      2.454     0.284 r  vram_inst/mem_reg/DOBDO[1]
                         net (fo=127, routed)         4.666     4.949    vga/DOBDO[1]
    SLICE_X22Y44         LUT6 (Prop_lut6_I1_O)        0.124     5.073 r  vga/vga_g[3]_i_223/O
                         net (fo=1, routed)           0.000     5.073    vga/vga_g[3]_i_223_n_0
    SLICE_X22Y44         MUXF7 (Prop_muxf7_I0_O)      0.209     5.282 r  vga/vga_g_reg[3]_i_216/O
                         net (fo=1, routed)           0.000     5.282    vga/vga_g_reg[3]_i_216_n_0
    SLICE_X22Y44         MUXF8 (Prop_muxf8_I1_O)      0.088     5.370 r  vga/vga_g_reg[3]_i_163/O
                         net (fo=1, routed)           0.499     5.869    vga/vga_g_reg[3]_i_163_n_0
    SLICE_X23Y44         LUT6 (Prop_lut6_I5_O)        0.319     6.188 r  vga/vga_g[3]_i_68/O
                         net (fo=1, routed)           0.675     6.863    vram_inst/vga_g_reg[3]_i_11_4
    SLICE_X24Y41         LUT6 (Prop_lut6_I4_O)        0.124     6.987 r  vram_inst/vga_g[3]_i_25/O
                         net (fo=1, routed)           0.000     6.987    vram_inst/data7
    SLICE_X24Y41         MUXF7 (Prop_muxf7_I1_O)      0.217     7.204 r  vram_inst/vga_g_reg[3]_i_11/O
                         net (fo=1, routed)           0.441     7.645    vga/vga_r_reg[0]_1
    SLICE_X24Y41         LUT6 (Prop_lut6_I5_O)        0.299     7.944 r  vga/vga_g[3]_i_3/O
                         net (fo=1, routed)           0.441     8.384    vga/vga_g[3]_i_3_n_0
    SLICE_X24Y39         LUT5 (Prop_lut5_I1_O)        0.124     8.508 r  vga/vga_g[3]_i_1/O
                         net (fo=8, routed)           7.685    16.193    vga/pixel_on
    SLICE_X161Y131       FDRE                                         r  vga/vga_r_reg[2]/D
  -------------------------------------------------------------------    -------------------

                         (clock clk_out1_clk_wiz_0_1 rise edge)
                                                     40.000    40.000 r  
    R4                                                0.000    40.000 r  CLK100MHZ (IN)
                         net (fo=0)                   0.000    40.000    pll_inst/inst/clk_in1
    R4                   IBUF (Prop_ibuf_I_O)         1.405    41.405 r  pll_inst/inst/clkin1_ibufg/O
                         net (fo=1, routed)           1.181    42.586    pll_inst/inst/clk_in1_clk_wiz_0
    PLLE2_ADV_X1Y2       PLLE2_ADV (Prop_plle2_adv_CLKIN1_CLKOUT0)
                                                     -8.206    34.380 r  pll_inst/inst/plle2_adv_inst/CLKOUT0
                         net (fo=1, routed)           1.718    36.098    pll_inst/inst/clk_out1_clk_wiz_0
    BUFGCTRL_X0Y0        BUFG (Prop_bufg_I_O)         0.091    36.189 r  pll_inst/inst/clkout1_buf/O
                         net (fo=251, routed)         1.703    37.893    vga/clk_out1
    SLICE_X161Y131       FDRE                                         r  vga/vga_r_reg[2]/C
                         clock pessimism             -0.507    37.385    
                         clock uncertainty           -0.091    37.294    
    SLICE_X161Y131       FDRE (Setup_fdre_C_D)       -0.061    37.233    vga/vga_r_reg[2]
  -------------------------------------------------------------------
                         required time                         37.233    
                         arrival time                         -16.193    
  -------------------------------------------------------------------
                         slack                                 21.040    

Slack (MET) :             21.188ns  (required time - arrival time)
  Source:                 vram_inst/mem_reg/CLKBWRCLK
                            (rising edge-triggered cell RAMB36E1 clocked by clk_out1_clk_wiz_0_1  {rise@0.000ns fall@20.000ns period=40.000ns})
  Destination:            vga/vga_r_reg[1]/D
                            (rising edge-triggered cell FDRE clocked by clk_out1_clk_wiz_0_1  {rise@0.000ns fall@20.000ns period=40.000ns})
  Path Group:             clk_out1_clk_wiz_0_1
  Path Type:              Setup (Max at Slow Process Corner)
  Requirement:            40.000ns  (clk_out1_clk_wiz_0_1 rise@40.000ns - clk_out1_clk_wiz_0_1 rise@0.000ns)
  Data Path Delay:        18.214ns  (logic 3.958ns (21.731%)  route 14.256ns (78.269%))
  Logic Levels:           8  (LUT5=1 LUT6=4 MUXF7=2 MUXF8=1)
  Clock Path Skew:        -0.445ns (DCD - SCD + CPR)
    Destination Clock Delay (DCD):    -2.108ns = ( 37.892 - 40.000 ) 
    Source Clock Delay      (SCD):    -2.170ns
    Clock Pessimism Removal (CPR):    -0.507ns
  Clock Uncertainty:      0.091ns  ((TSJ^2 + DJ^2)^1/2) / 2 + PE
    Total System Jitter     (TSJ):    0.071ns
    Discrete Jitter          (DJ):    0.168ns
    Phase Error              (PE):    0.000ns

    Location             Delay type                Incr(ns)  Path(ns)    Netlist Resource(s)
  -------------------------------------------------------------------    -------------------
                         (clock clk_out1_clk_wiz_0_1 rise edge)
                                                      0.000     0.000 r  
    R4                                                0.000     0.000 r  CLK100MHZ (IN)
                         net (fo=0)                   0.000     0.000    pll_inst/inst/clk_in1
    R4                   IBUF (Prop_ibuf_I_O)         1.475     1.475 r  pll_inst/inst/clkin1_ibufg/O
                         net (fo=1, routed)           1.253     2.728    pll_inst/inst/clk_in1_clk_wiz_0
    PLLE2_ADV_X1Y2       PLLE2_ADV (Prop_plle2_adv_CLKIN1_CLKOUT0)
                                                     -8.953    -6.225 r  pll_inst/inst/plle2_adv_inst/CLKOUT0
                         net (fo=1, routed)           1.802    -4.422    pll_inst/inst/clk_out1_clk_wiz_0
    BUFGCTRL_X0Y0        BUFG (Prop_bufg_I_O)         0.096    -4.326 r  pll_inst/inst/clkout1_buf/O
                         net (fo=251, routed)         2.156    -2.170    vram_inst/clk_out1
    RAMB36_X1Y4          RAMB36E1                                     r  vram_inst/mem_reg/CLKBWRCLK
  -------------------------------------------------------------------    -------------------
    RAMB36_X1Y4          RAMB36E1 (Prop_ramb36e1_CLKBWRCLK_DOBDO[1])
                                                      2.454     0.284 r  vram_inst/mem_reg/DOBDO[1]
                         net (fo=127, routed)         4.666     4.949    vga/DOBDO[1]
    SLICE_X22Y44         LUT6 (Prop_lut6_I1_O)        0.124     5.073 r  vga/vga_g[3]_i_223/O
                         net (fo=1, routed)           0.000     5.073    vga/vga_g[3]_i_223_n_0
    SLICE_X22Y44         MUXF7 (Prop_muxf7_I0_O)      0.209     5.282 r  vga/vga_g_reg[3]_i_216/O
                         net (fo=1, routed)           0.000     5.282    vga/vga_g_reg[3]_i_216_n_0
    SLICE_X22Y44         MUXF8 (Prop_muxf8_I1_O)      0.088     5.370 r  vga/vga_g_reg[3]_i_163/O
                         net (fo=1, routed)           0.499     5.869    vga/vga_g_reg[3]_i_163_n_0
    SLICE_X23Y44         LUT6 (Prop_lut6_I5_O)        0.319     6.188 r  vga/vga_g[3]_i_68/O
                         net (fo=1, routed)           0.675     6.863    vram_inst/vga_g_reg[3]_i_11_4
    SLICE_X24Y41         LUT6 (Prop_lut6_I4_O)        0.124     6.987 r  vram_inst/vga_g[3]_i_25/O
                         net (fo=1, routed)           0.000     6.987    vram_inst/data7
    SLICE_X24Y41         MUXF7 (Prop_muxf7_I1_O)      0.217     7.204 r  vram_inst/vga_g_reg[3]_i_11/O
                         net (fo=1, routed)           0.441     7.645    vga/vga_r_reg[0]_1
    SLICE_X24Y41         LUT6 (Prop_lut6_I5_O)        0.299     7.944 r  vga/vga_g[3]_i_3/O
                         net (fo=1, routed)           0.441     8.384    vga/vga_g[3]_i_3_n_0
    SLICE_X24Y39         LUT5 (Prop_lut5_I1_O)        0.124     8.508 r  vga/vga_g[3]_i_1/O
                         net (fo=8, routed)           7.535    16.043    vga/pixel_on
    SLICE_X161Y130       FDRE                                         r  vga/vga_r_reg[1]/D
  -------------------------------------------------------------------    -------------------

                         (clock clk_out1_clk_wiz_0_1 rise edge)
                                                     40.000    40.000 r  
    R4                                                0.000    40.000 r  CLK100MHZ (IN)
                         net (fo=0)                   0.000    40.000    pll_inst/inst/clk_in1
    R4                   IBUF (Prop_ibuf_I_O)         1.405    41.405 r  pll_inst/inst/clkin1_ibufg/O
                         net (fo=1, routed)           1.181    42.586    pll_inst/inst/clk_in1_clk_wiz_0
    PLLE2_ADV_X1Y2       PLLE2_ADV (Prop_plle2_adv_CLKIN1_CLKOUT0)
                                                     -8.206    34.380 r  pll_inst/inst/plle2_adv_inst/CLKOUT0
                         net (fo=1, routed)           1.718    36.098    pll_inst/inst/clk_out1_clk_wiz_0
    BUFGCTRL_X0Y0        BUFG (Prop_bufg_I_O)         0.091    36.189 r  pll_inst/inst/clkout1_buf/O
                         net (fo=251, routed)         1.702    37.892    vga/clk_out1
    SLICE_X161Y130       FDRE                                         r  vga/vga_r_reg[1]/C
                         clock pessimism             -0.507    37.384    
                         clock uncertainty           -0.091    37.293    
    SLICE_X161Y130       FDRE (Setup_fdre_C_D)       -0.062    37.231    vga/vga_r_reg[1]
  -------------------------------------------------------------------
                         required time                         37.231    
                         arrival time                         -16.043    
  -------------------------------------------------------------------
                         slack                                 21.188    

Slack (MET) :             21.396ns  (required time - arrival time)
  Source:                 vram_inst/mem_reg/CLKBWRCLK
                            (rising edge-triggered cell RAMB36E1 clocked by clk_out1_clk_wiz_0_1  {rise@0.000ns fall@20.000ns period=40.000ns})
  Destination:            vga/vga_r_reg[0]/D
                            (rising edge-triggered cell FDRE clocked by clk_out1_clk_wiz_0_1  {rise@0.000ns fall@20.000ns period=40.000ns})
  Path Group:             clk_out1_clk_wiz_0_1
  Path Type:              Setup (Max at Slow Process Corner)
  Requirement:            40.000ns  (clk_out1_clk_wiz_0_1 rise@40.000ns - clk_out1_clk_wiz_0_1 rise@0.000ns)
  Data Path Delay:        18.024ns  (logic 3.958ns (21.959%)  route 14.066ns (78.041%))
  Logic Levels:           8  (LUT5=1 LUT6=4 MUXF7=2 MUXF8=1)
  Clock Path Skew:        -0.445ns (DCD - SCD + CPR)
    Destination Clock Delay (DCD):    -2.108ns = ( 37.892 - 40.000 ) 
    Source Clock Delay      (SCD):    -2.170ns
    Clock Pessimism Removal (CPR):    -0.507ns
  Clock Uncertainty:      0.091ns  ((TSJ^2 + DJ^2)^1/2) / 2 + PE
    Total System Jitter     (TSJ):    0.071ns
    Discrete Jitter          (DJ):    0.168ns
    Phase Error              (PE):    0.000ns

    Location             Delay type                Incr(ns)  Path(ns)    Netlist Resource(s)
  -------------------------------------------------------------------    -------------------
                         (clock clk_out1_clk_wiz_0_1 rise edge)
                                                      0.000     0.000 r  
    R4                                                0.000     0.000 r  CLK100MHZ (IN)
                         net (fo=0)                   0.000     0.000    pll_inst/inst/clk_in1
    R4                   IBUF (Prop_ibuf_I_O)         1.475     1.475 r  pll_inst/inst/clkin1_ibufg/O
                         net (fo=1, routed)           1.253     2.728    pll_inst/inst/clk_in1_clk_wiz_0
    PLLE2_ADV_X1Y2       PLLE2_ADV (Prop_plle2_adv_CLKIN1_CLKOUT0)
                                                     -8.953    -6.225 r  pll_inst/inst/plle2_adv_inst/CLKOUT0
                         net (fo=1, routed)           1.802    -4.422    pll_inst/inst/clk_out1_clk_wiz_0
    BUFGCTRL_X0Y0        BUFG (Prop_bufg_I_O)         0.096    -4.326 r  pll_inst/inst/clkout1_buf/O
                         net (fo=251, routed)         2.156    -2.170    vram_inst/clk_out1
    RAMB36_X1Y4          RAMB36E1                                     r  vram_inst/mem_reg/CLKBWRCLK
  -------------------------------------------------------------------    -------------------
    RAMB36_X1Y4          RAMB36E1 (Prop_ramb36e1_CLKBWRCLK_DOBDO[1])
                                                      2.454     0.284 r  vram_inst/mem_reg/DOBDO[1]
                         net (fo=127, routed)         4.666     4.949    vga/DOBDO[1]
    SLICE_X22Y44         LUT6 (Prop_lut6_I1_O)        0.124     5.073 r  vga/vga_g[3]_i_223/O
                         net (fo=1, routed)           0.000     5.073    vga/vga_g[3]_i_223_n_0
    SLICE_X22Y44         MUXF7 (Prop_muxf7_I0_O)      0.209     5.282 r  vga/vga_g_reg[3]_i_216/O
                         net (fo=1, routed)           0.000     5.282    vga/vga_g_reg[3]_i_216_n_0
    SLICE_X22Y44         MUXF8 (Prop_muxf8_I1_O)      0.088     5.370 r  vga/vga_g_reg[3]_i_163/O
                         net (fo=1, routed)           0.499     5.869    vga/vga_g_reg[3]_i_163_n_0
    SLICE_X23Y44         LUT6 (Prop_lut6_I5_O)        0.319     6.188 r  vga/vga_g[3]_i_68/O
                         net (fo=1, routed)           0.675     6.863    vram_inst/vga_g_reg[3]_i_11_4
    SLICE_X24Y41         LUT6 (Prop_lut6_I4_O)        0.124     6.987 r  vram_inst/vga_g[3]_i_25/O
                         net (fo=1, routed)           0.000     6.987    vram_inst/data7
    SLICE_X24Y41         MUXF7 (Prop_muxf7_I1_O)      0.217     7.204 r  vram_inst/vga_g_reg[3]_i_11/O
                         net (fo=1, routed)           0.441     7.645    vga/vga_r_reg[0]_1
    SLICE_X24Y41         LUT6 (Prop_lut6_I5_O)        0.299     7.944 r  vga/vga_g[3]_i_3/O
                         net (fo=1, routed)           0.441     8.384    vga/vga_g[3]_i_3_n_0
    SLICE_X24Y39         LUT5 (Prop_lut5_I1_O)        0.124     8.508 r  vga/vga_g[3]_i_1/O
                         net (fo=8, routed)           7.346    15.854    vga/pixel_on
    SLICE_X160Y130       FDRE                                         r  vga/vga_r_reg[0]/D
  -------------------------------------------------------------------    -------------------

                         (clock clk_out1_clk_wiz_0_1 rise edge)
                                                     40.000    40.000 r  
    R4                                                0.000    40.000 r  CLK100MHZ (IN)
                         net (fo=0)                   0.000    40.000    pll_inst/inst/clk_in1
    R4                   IBUF (Prop_ibuf_I_O)         1.405    41.405 r  pll_inst/inst/clkin1_ibufg/O
                         net (fo=1, routed)           1.181    42.586    pll_inst/inst/clk_in1_clk_wiz_0
    PLLE2_ADV_X1Y2       PLLE2_ADV (Prop_plle2_adv_CLKIN1_CLKOUT0)
                                                     -8.206    34.380 r  pll_inst/inst/plle2_adv_inst/CLKOUT0
                         net (fo=1, routed)           1.718    36.098    pll_inst/inst/clk_out1_clk_wiz_0
    BUFGCTRL_X0Y0        BUFG (Prop_bufg_I_O)         0.091    36.189 r  pll_inst/inst/clkout1_buf/O
                         net (fo=251, routed)         1.702    37.892    vga/clk_out1
    SLICE_X160Y130       FDRE                                         r  vga/vga_r_reg[0]/C
                         clock pessimism             -0.507    37.384    
                         clock uncertainty           -0.091    37.293    
    SLICE_X160Y130       FDRE (Setup_fdre_C_D)       -0.043    37.250    vga/vga_r_reg[0]
  -------------------------------------------------------------------
                         required time                         37.250    
                         arrival time                         -15.854    
  -------------------------------------------------------------------
                         slack                                 21.396    

Slack (MET) :             34.816ns  (required time - arrival time)
  Source:                 vga/vsync_reg/C
                            (rising edge-triggered cell FDRE clocked by clk_out1_clk_wiz_0_1  {rise@0.000ns fall@20.000ns period=40.000ns})
  Destination:            hdmi_encoder/U0/DataEncoders[0].DataEncoder/pC1_1_reg/D
                            (rising edge-triggered cell FDRE clocked by clk_out1_clk_wiz_0_1  {rise@0.000ns fall@20.000ns period=40.000ns})
  Path Group:             clk_out1_clk_wiz_0_1
  Path Type:              Setup (Max at Slow Process Corner)
  Requirement:            40.000ns  (clk_out1_clk_wiz_0_1 rise@40.000ns - clk_out1_clk_wiz_0_1 rise@0.000ns)
  Data Path Delay:        4.588ns  (logic 0.456ns (9.939%)  route 4.132ns (90.061%))
  Logic Levels:           0  
  Clock Path Skew:        -0.424ns (DCD - SCD + CPR)
    Destination Clock Delay (DCD):    -2.127ns = ( 37.873 - 40.000 ) 
    Source Clock Delay      (SCD):    -2.202ns
    Clock Pessimism Removal (CPR):    -0.499ns
  Clock Uncertainty:      0.091ns  ((TSJ^2 + DJ^2)^1/2) / 2 + PE
    Total System Jitter     (TSJ):    0.071ns
    Discrete Jitter          (DJ):    0.168ns
    Phase Error              (PE):    0.000ns

    Location             Delay type                Incr(ns)  Path(ns)    Netlist Resource(s)
  -------------------------------------------------------------------    -------------------
                         (clock clk_out1_clk_wiz_0_1 rise edge)
                                                      0.000     0.000 r  
    R4                                                0.000     0.000 r  CLK100MHZ (IN)
                         net (fo=0)                   0.000     0.000    pll_inst/inst/clk_in1
    R4                   IBUF (Prop_ibuf_I_O)         1.475     1.475 r  pll_inst/inst/clkin1_ibufg/O
                         net (fo=1, routed)           1.253     2.728    pll_inst/inst/clk_in1_clk_wiz_0
    PLLE2_ADV_X1Y2       PLLE2_ADV (Prop_plle2_adv_CLKIN1_CLKOUT0)
                                                     -8.953    -6.225 r  pll_inst/inst/plle2_adv_inst/CLKOUT0
                         net (fo=1, routed)           1.802    -4.422    pll_inst/inst/clk_out1_clk_wiz_0
    BUFGCTRL_X0Y0        BUFG (Prop_bufg_I_O)         0.096    -4.326 r  pll_inst/inst/clkout1_buf/O
                         net (fo=251, routed)         2.124    -2.202    vga/clk_out1
    SLICE_X23Y38         FDRE                                         r  vga/vsync_reg/C
  -------------------------------------------------------------------    -------------------
    SLICE_X23Y38         FDRE (Prop_fdre_C_Q)         0.456    -1.746 r  vga/vsync_reg/Q
                         net (fo=1, routed)           4.132     2.386    hdmi_encoder/U0/DataEncoders[0].DataEncoder/vid_pVSync
    SLICE_X82Y94         FDRE                                         r  hdmi_encoder/U0/DataEncoders[0].DataEncoder/pC1_1_reg/D
  -------------------------------------------------------------------    -------------------

                         (clock clk_out1_clk_wiz_0_1 rise edge)
                                                     40.000    40.000 r  
    R4                                                0.000    40.000 r  CLK100MHZ (IN)
                         net (fo=0)                   0.000    40.000    pll_inst/inst/clk_in1
    R4                   IBUF (Prop_ibuf_I_O)         1.405    41.405 r  pll_inst/inst/clkin1_ibufg/O
                         net (fo=1, routed)           1.181    42.586    pll_inst/inst/clk_in1_clk_wiz_0
    PLLE2_ADV_X1Y2       PLLE2_ADV (Prop_plle2_adv_CLKIN1_CLKOUT0)
                                                     -8.206    34.380 r  pll_inst/inst/plle2_adv_inst/CLKOUT0
                         net (fo=1, routed)           1.718    36.098    pll_inst/inst/clk_out1_clk_wiz_0
    BUFGCTRL_X0Y0        BUFG (Prop_bufg_I_O)         0.091    36.189 r  pll_inst/inst/clkout1_buf/O
                         net (fo=251, routed)         1.684    37.873    hdmi_encoder/U0/DataEncoders[0].DataEncoder/PixelClk
    SLICE_X82Y94         FDRE                                         r  hdmi_encoder/U0/DataEncoders[0].DataEncoder/pC1_1_reg/C
                         clock pessimism             -0.499    37.374    
                         clock uncertainty           -0.091    37.283    
    SLICE_X82Y94         FDRE (Setup_fdre_C_D)       -0.081    37.202    hdmi_encoder/U0/DataEncoders[0].DataEncoder/pC1_1_reg
  -------------------------------------------------------------------
                         required time                         37.202    
                         arrival time                          -2.386    
  -------------------------------------------------------------------
                         slack                                 34.816    

Slack (MET) :             34.826ns  (required time - arrival time)
  Source:                 vga/vcnt_reg[3]/C
                            (rising edge-triggered cell FDCE clocked by clk_out1_clk_wiz_0_1  {rise@0.000ns fall@20.000ns period=40.000ns})
  Destination:            vga/vcnt_reg[3]/D
                            (rising edge-triggered cell FDCE clocked by clk_out1_clk_wiz_0_1  {rise@0.000ns fall@20.000ns period=40.000ns})
  Path Group:             clk_out1_clk_wiz_0_1
  Path Type:              Setup (Max at Slow Process Corner)
  Requirement:            40.000ns  (clk_out1_clk_wiz_0_1 rise@40.000ns - clk_out1_clk_wiz_0_1 rise@0.000ns)
  Data Path Delay:        4.800ns  (logic 1.177ns (24.523%)  route 3.623ns (75.477%))
  Logic Levels:           4  (LUT2=2 LUT5=1 LUT6=1)
  Clock Path Skew:        0.000ns (DCD - SCD + CPR)
    Destination Clock Delay (DCD):    -1.821ns = ( 38.179 - 40.000 ) 
    Source Clock Delay      (SCD):    -2.201ns
    Clock Pessimism Removal (CPR):    -0.379ns
  Clock Uncertainty:      0.091ns  ((TSJ^2 + DJ^2)^1/2) / 2 + PE
    Total System Jitter     (TSJ):    0.071ns
    Discrete Jitter          (DJ):    0.168ns
    Phase Error              (PE):    0.000ns

    Location             Delay type                Incr(ns)  Path(ns)    Netlist Resource(s)
  -------------------------------------------------------------------    -------------------
                         (clock clk_out1_clk_wiz_0_1 rise edge)
                                                      0.000     0.000 r  
    R4                                                0.000     0.000 r  CLK100MHZ (IN)
                         net (fo=0)                   0.000     0.000    pll_inst/inst/clk_in1
    R4                   IBUF (Prop_ibuf_I_O)         1.475     1.475 r  pll_inst/inst/clkin1_ibufg/O
                         net (fo=1, routed)           1.253     2.728    pll_inst/inst/clk_in1_clk_wiz_0
    PLLE2_ADV_X1Y2       PLLE2_ADV (Prop_plle2_adv_CLKIN1_CLKOUT0)
                                                     -8.953    -6.225 r  pll_inst/inst/plle2_adv_inst/CLKOUT0
                         net (fo=1, routed)           1.802    -4.422    pll_inst/inst/clk_out1_clk_wiz_0
    BUFGCTRL_X0Y0        BUFG (Prop_bufg_I_O)         0.096    -4.326 r  pll_inst/inst/clkout1_buf/O
                         net (fo=251, routed)         2.125    -2.201    vga/clk_out1
    SLICE_X23Y40         FDCE                                         r  vga/vcnt_reg[3]/C
  -------------------------------------------------------------------    -------------------
    SLICE_X23Y40         FDCE (Prop_fdce_C_Q)         0.456    -1.745 f  vga/vcnt_reg[3]/Q
                         net (fo=131, routed)         1.056    -0.689    vga/font_row_idx[3]
    SLICE_X22Y38         LUT2 (Prop_lut2_I1_O)        0.124    -0.565 r  vga/vcnt[0]_i_4/O
                         net (fo=1, routed)           0.962     0.397    vga/vcnt[0]_i_4_n_0
    SLICE_X21Y38         LUT6 (Prop_lut6_I3_O)        0.124     0.521 r  vga/vcnt[0]_i_2/O
                         net (fo=2, routed)           0.263     0.784    vga/vcnt[0]_i_2_n_0
    SLICE_X21Y38         LUT2 (Prop_lut2_I0_O)        0.120     0.904 r  vga/vcnt[9]_i_3/O
                         net (fo=9, routed)           0.959     1.863    vga/vcnt[9]_i_3_n_0
    SLICE_X23Y40         LUT5 (Prop_lut5_I0_O)        0.353     2.216 r  vga/vcnt[3]_i_1/O
                         net (fo=1, routed)           0.382     2.599    vga/vcnt[3]_i_1_n_0
    SLICE_X23Y40         FDCE                                         r  vga/vcnt_reg[3]/D
  -------------------------------------------------------------------    -------------------

                         (clock clk_out1_clk_wiz_0_1 rise edge)
                                                     40.000    40.000 r  
    R4                                                0.000    40.000 r  CLK100MHZ (IN)
                         net (fo=0)                   0.000    40.000    pll_inst/inst/clk_in1
    R4                   IBUF (Prop_ibuf_I_O)         1.405    41.405 r  pll_inst/inst/clkin1_ibufg/O
                         net (fo=1, routed)           1.181    42.586    pll_inst/inst/clk_in1_clk_wiz_0
    PLLE2_ADV_X1Y2       PLLE2_ADV (Prop_plle2_adv_CLKIN1_CLKOUT0)
                                                     -8.206    34.380 r  pll_inst/inst/plle2_adv_inst/CLKOUT0
                         net (fo=1, routed)           1.718    36.098    pll_inst/inst/clk_out1_clk_wiz_0
    BUFGCTRL_X0Y0        BUFG (Prop_bufg_I_O)         0.091    36.189 r  pll_inst/inst/clkout1_buf/O
                         net (fo=251, routed)         1.990    38.179    vga/clk_out1
    SLICE_X23Y40         FDCE                                         r  vga/vcnt_reg[3]/C
                         clock pessimism             -0.379    37.799    
                         clock uncertainty           -0.091    37.708    
    SLICE_X23Y40         FDCE (Setup_fdce_C_D)       -0.283    37.425    vga/vcnt_reg[3]
  -------------------------------------------------------------------
                         required time                         37.425    
                         arrival time                          -2.599    
  -------------------------------------------------------------------
                         slack                                 34.826    





Min Delay Paths
--------------------------------------------------------------------------------------
Slack (MET) :             0.152ns  (arrival time - required time)
  Source:                 hdmi_encoder/U0/DataEncoders[1].DataEncoder/n1d_1_reg[0]/C
                            (rising edge-triggered cell FDRE clocked by clk_out1_clk_wiz_0_1  {rise@0.000ns fall@20.000ns period=40.000ns})
  Destination:            hdmi_encoder/U0/DataEncoders[1].DataEncoder/q_m_2_reg[1]/D
                            (rising edge-triggered cell FDRE clocked by clk_out1_clk_wiz_0_1  {rise@0.000ns fall@20.000ns period=40.000ns})
  Path Group:             clk_out1_clk_wiz_0_1
  Path Type:              Hold (Min at Fast Process Corner)
  Requirement:            0.000ns  (clk_out1_clk_wiz_0_1 rise@0.000ns - clk_out1_clk_wiz_0_1 rise@0.000ns)
  Data Path Delay:        0.256ns  (logic 0.186ns (72.773%)  route 0.070ns (27.227%))
  Logic Levels:           1  (LUT6=1)
  Clock Path Skew:        0.013ns (DCD - SCD - CPR)
    Destination Clock Delay (DCD):    -0.377ns
    Source Clock Delay      (SCD):    -0.604ns
    Clock Pessimism Removal (CPR):    0.214ns

    Location             Delay type                Incr(ns)  Path(ns)    Netlist Resource(s)
  -------------------------------------------------------------------    -------------------
                         (clock clk_out1_clk_wiz_0_1 rise edge)
                                                      0.000     0.000 r  
    R4                                                0.000     0.000 r  CLK100MHZ (IN)
                         net (fo=0)                   0.000     0.000    pll_inst/inst/clk_in1
    R4                   IBUF (Prop_ibuf_I_O)         0.243     0.243 r  pll_inst/inst/clkin1_ibufg/O
                         net (fo=1, routed)           0.440     0.683    pll_inst/inst/clk_in1_clk_wiz_0
    PLLE2_ADV_X1Y2       PLLE2_ADV (Prop_plle2_adv_CLKIN1_CLKOUT0)
                                                     -2.503    -1.819 r  pll_inst/inst/plle2_adv_inst/CLKOUT0
                         net (fo=1, routed)           0.546    -1.273    pll_inst/inst/clk_out1_clk_wiz_0
    BUFGCTRL_X0Y0        BUFG (Prop_bufg_I_O)         0.026    -1.247 r  pll_inst/inst/clkout1_buf/O
                         net (fo=251, routed)         0.644    -0.604    hdmi_encoder/U0/DataEncoders[1].DataEncoder/PixelClk
    SLICE_X161Y136       FDRE                                         r  hdmi_encoder/U0/DataEncoders[1].DataEncoder/n1d_1_reg[0]/C
  -------------------------------------------------------------------    -------------------
    SLICE_X161Y136       FDRE (Prop_fdre_C_Q)         0.141    -0.463 r  hdmi_encoder/U0/DataEncoders[1].DataEncoder/n1d_1_reg[0]/Q
                         net (fo=2, routed)           0.070    -0.393    hdmi_encoder/U0/DataEncoders[1].DataEncoder/n1d_1_reg_n_0_[0]
    SLICE_X160Y136       LUT6 (Prop_lut6_I2_O)        0.045    -0.348 r  hdmi_encoder/U0/DataEncoders[1].DataEncoder/q_m_2[1]_i_1__1/O
                         net (fo=1, routed)           0.000    -0.348    hdmi_encoder/U0/DataEncoders[1].DataEncoder/q_m_2[1]_i_1__1_n_0
    SLICE_X160Y136       FDRE                                         r  hdmi_encoder/U0/DataEncoders[1].DataEncoder/q_m_2_reg[1]/D
  -------------------------------------------------------------------    -------------------

                         (clock clk_out1_clk_wiz_0_1 rise edge)
                                                      0.000     0.000 r  
    R4                                                0.000     0.000 r  CLK100MHZ (IN)
                         net (fo=0)                   0.000     0.000    pll_inst/inst/clk_in1
    R4                   IBUF (Prop_ibuf_I_O)         0.431     0.431 r  pll_inst/inst/clkin1_ibufg/O
                         net (fo=1, routed)           0.481     0.912    pll_inst/inst/clk_in1_clk_wiz_0
    PLLE2_ADV_X1Y2       PLLE2_ADV (Prop_plle2_adv_CLKIN1_CLKOUT0)
                                                     -2.828    -1.916 r  pll_inst/inst/plle2_adv_inst/CLKOUT0
                         net (fo=1, routed)           0.595    -1.322    pll_inst/inst/clk_out1_clk_wiz_0
    BUFGCTRL_X0Y0        BUFG (Prop_bufg_I_O)         0.029    -1.293 r  pll_inst/inst/clkout1_buf/O
                         net (fo=251, routed)         0.916    -0.377    hdmi_encoder/U0/DataEncoders[1].DataEncoder/PixelClk
    SLICE_X160Y136       FDRE                                         r  hdmi_encoder/U0/DataEncoders[1].DataEncoder/q_m_2_reg[1]/C
                         clock pessimism             -0.214    -0.591    
    SLICE_X160Y136       FDRE (Hold_fdre_C_D)         0.091    -0.500    hdmi_encoder/U0/DataEncoders[1].DataEncoder/q_m_2_reg[1]
  -------------------------------------------------------------------
                         required time                          0.500    
                         arrival time                          -0.348    
  -------------------------------------------------------------------
                         slack                                  0.152    

Slack (MET) :             0.160ns  (arrival time - required time)
  Source:                 hdmi_encoder/U0/LockLostReset/SyncAsyncx/oSyncStages_reg[0]/C
                            (rising edge-triggered cell FDPE clocked by clk_out1_clk_wiz_0_1  {rise@0.000ns fall@20.000ns period=40.000ns})
  Destination:            hdmi_encoder/U0/LockLostReset/SyncAsyncx/oSyncStages_reg[1]/D
                            (rising edge-triggered cell FDPE clocked by clk_out1_clk_wiz_0_1  {rise@0.000ns fall@20.000ns period=40.000ns})
  Path Group:             clk_out1_clk_wiz_0_1
  Path Type:              Hold (Min at Fast Process Corner)
  Requirement:            0.000ns  (clk_out1_clk_wiz_0_1 rise@0.000ns - clk_out1_clk_wiz_0_1 rise@0.000ns)
  Data Path Delay:        0.220ns  (logic 0.164ns (74.580%)  route 0.056ns (25.420%))
  Logic Levels:           0  
  Clock Path Skew:        0.000ns (DCD - SCD - CPR)
    Destination Clock Delay (DCD):    -0.378ns
    Source Clock Delay      (SCD):    -0.605ns
    Clock Pessimism Removal (CPR):    0.227ns

    Location             Delay type                Incr(ns)  Path(ns)    Netlist Resource(s)
  -------------------------------------------------------------------    -------------------
                         (clock clk_out1_clk_wiz_0_1 rise edge)
                                                      0.000     0.000 r  
    R4                                                0.000     0.000 r  CLK100MHZ (IN)
                         net (fo=0)                   0.000     0.000    pll_inst/inst/clk_in1
    R4                   IBUF (Prop_ibuf_I_O)         0.243     0.243 r  pll_inst/inst/clkin1_ibufg/O
                         net (fo=1, routed)           0.440     0.683    pll_inst/inst/clk_in1_clk_wiz_0
    PLLE2_ADV_X1Y2       PLLE2_ADV (Prop_plle2_adv_CLKIN1_CLKOUT0)
                                                     -2.503    -1.819 r  pll_inst/inst/plle2_adv_inst/CLKOUT0
                         net (fo=1, routed)           0.546    -1.273    pll_inst/inst/clk_out1_clk_wiz_0
    BUFGCTRL_X0Y0        BUFG (Prop_bufg_I_O)         0.026    -1.247 r  pll_inst/inst/clkout1_buf/O
                         net (fo=251, routed)         0.643    -0.605    hdmi_encoder/U0/LockLostReset/SyncAsyncx/PixelClk
    SLICE_X158Y136       FDPE                                         r  hdmi_encoder/U0/LockLostReset/SyncAsyncx/oSyncStages_reg[0]/C
  -------------------------------------------------------------------    -------------------
    SLICE_X158Y136       FDPE (Prop_fdpe_C_Q)         0.164    -0.441 r  hdmi_encoder/U0/LockLostReset/SyncAsyncx/oSyncStages_reg[0]/Q
                         net (fo=1, routed)           0.056    -0.385    hdmi_encoder/U0/LockLostReset/SyncAsyncx/oSyncStages[0]
    SLICE_X158Y136       FDPE                                         r  hdmi_encoder/U0/LockLostReset/SyncAsyncx/oSyncStages_reg[1]/D
  -------------------------------------------------------------------    -------------------

                         (clock clk_out1_clk_wiz_0_1 rise edge)
                                                      0.000     0.000 r  
    R4                                                0.000     0.000 r  CLK100MHZ (IN)
                         net (fo=0)                   0.000     0.000    pll_inst/inst/clk_in1
    R4                   IBUF (Prop_ibuf_I_O)         0.431     0.431 r  pll_inst/inst/clkin1_ibufg/O
                         net (fo=1, routed)           0.481     0.912    pll_inst/inst/clk_in1_clk_wiz_0
    PLLE2_ADV_X1Y2       PLLE2_ADV (Prop_plle2_adv_CLKIN1_CLKOUT0)
                                                     -2.828    -1.916 r  pll_inst/inst/plle2_adv_inst/CLKOUT0
                         net (fo=1, routed)           0.595    -1.322    pll_inst/inst/clk_out1_clk_wiz_0
    BUFGCTRL_X0Y0        BUFG (Prop_bufg_I_O)         0.029    -1.293 r  pll_inst/inst/clkout1_buf/O
                         net (fo=251, routed)         0.915    -0.378    hdmi_encoder/U0/LockLostReset/SyncAsyncx/PixelClk
    SLICE_X158Y136       FDPE                                         r  hdmi_encoder/U0/LockLostReset/SyncAsyncx/oSyncStages_reg[1]/C
                         clock pessimism             -0.227    -0.605    
    SLICE_X158Y136       FDPE (Hold_fdpe_C_D)         0.060    -0.545    hdmi_encoder/U0/LockLostReset/SyncAsyncx/oSyncStages_reg[1]
  -------------------------------------------------------------------
                         required time                          0.545    
                         arrival time                          -0.385    
  -------------------------------------------------------------------
                         slack                                  0.160    

Slack (MET) :             0.173ns  (arrival time - required time)
  Source:                 hdmi_encoder/U0/DataEncoders[1].DataEncoder/q_m_2_reg[6]/C
                            (rising edge-triggered cell FDRE clocked by clk_out1_clk_wiz_0_1  {rise@0.000ns fall@20.000ns period=40.000ns})
  Destination:            hdmi_encoder/U0/DataEncoders[1].DataEncoder/pDataOutRaw_reg[6]/D
                            (rising edge-triggered cell FDSE clocked by clk_out1_clk_wiz_0_1  {rise@0.000ns fall@20.000ns period=40.000ns})
  Path Group:             clk_out1_clk_wiz_0_1
  Path Type:              Hold (Min at Fast Process Corner)
  Requirement:            0.000ns  (clk_out1_clk_wiz_0_1 rise@0.000ns - clk_out1_clk_wiz_0_1 rise@0.000ns)
  Data Path Delay:        0.309ns  (logic 0.186ns (60.114%)  route 0.123ns (39.886%))
  Logic Levels:           1  (LUT2=1)
  Clock Path Skew:        0.015ns (DCD - SCD - CPR)
    Destination Clock Delay (DCD):    -0.377ns
    Source Clock Delay      (SCD):    -0.604ns
    Clock Pessimism Removal (CPR):    0.212ns

    Location             Delay type                Incr(ns)  Path(ns)    Netlist Resource(s)
  -------------------------------------------------------------------    -------------------
                         (clock clk_out1_clk_wiz_0_1 rise edge)
                                                      0.000     0.000 r  
    R4                                                0.000     0.000 r  CLK100MHZ (IN)
                         net (fo=0)                   0.000     0.000    pll_inst/inst/clk_in1
    R4                   IBUF (Prop_ibuf_I_O)         0.243     0.243 r  pll_inst/inst/clkin1_ibufg/O
                         net (fo=1, routed)           0.440     0.683    pll_inst/inst/clk_in1_clk_wiz_0
    PLLE2_ADV_X1Y2       PLLE2_ADV (Prop_plle2_adv_CLKIN1_CLKOUT0)
                                                     -2.503    -1.819 r  pll_inst/inst/plle2_adv_inst/CLKOUT0
                         net (fo=1, routed)           0.546    -1.273    pll_inst/inst/clk_out1_clk_wiz_0
    BUFGCTRL_X0Y0        BUFG (Prop_bufg_I_O)         0.026    -1.247 r  pll_inst/inst/clkout1_buf/O
                         net (fo=251, routed)         0.644    -0.604    hdmi_encoder/U0/DataEncoders[1].DataEncoder/PixelClk
    SLICE_X161Y136       FDRE                                         r  hdmi_encoder/U0/DataEncoders[1].DataEncoder/q_m_2_reg[6]/C
  -------------------------------------------------------------------    -------------------
    SLICE_X161Y136       FDRE (Prop_fdre_C_Q)         0.141    -0.463 r  hdmi_encoder/U0/DataEncoders[1].DataEncoder/q_m_2_reg[6]/Q
                         net (fo=1, routed)           0.123    -0.339    hdmi_encoder/U0/DataEncoders[1].DataEncoder/q_m_2_reg_n_0_[6]
    SLICE_X162Y136       LUT2 (Prop_lut2_I0_O)        0.045    -0.294 r  hdmi_encoder/U0/DataEncoders[1].DataEncoder/pDataOutRaw[6]_i_1__0/O
                         net (fo=1, routed)           0.000    -0.294    hdmi_encoder/U0/DataEncoders[1].DataEncoder/pDataOutRaw[6]_i_1__0_n_0
    SLICE_X162Y136       FDSE                                         r  hdmi_encoder/U0/DataEncoders[1].DataEncoder/pDataOutRaw_reg[6]/D
  -------------------------------------------------------------------    -------------------

                         (clock clk_out1_clk_wiz_0_1 rise edge)
                                                      0.000     0.000 r  
    R4                                                0.000     0.000 r  CLK100MHZ (IN)
                         net (fo=0)                   0.000     0.000    pll_inst/inst/clk_in1
    R4                   IBUF (Prop_ibuf_I_O)         0.431     0.431 r  pll_inst/inst/clkin1_ibufg/O
                         net (fo=1, routed)           0.481     0.912    pll_inst/inst/clk_in1_clk_wiz_0
    PLLE2_ADV_X1Y2       PLLE2_ADV (Prop_plle2_adv_CLKIN1_CLKOUT0)
                                                     -2.828    -1.916 r  pll_inst/inst/plle2_adv_inst/CLKOUT0
                         net (fo=1, routed)           0.595    -1.322    pll_inst/inst/clk_out1_clk_wiz_0
    BUFGCTRL_X0Y0        BUFG (Prop_bufg_I_O)         0.029    -1.293 r  pll_inst/inst/clkout1_buf/O
                         net (fo=251, routed)         0.916    -0.377    hdmi_encoder/U0/DataEncoders[1].DataEncoder/PixelClk
    SLICE_X162Y136       FDSE                                         r  hdmi_encoder/U0/DataEncoders[1].DataEncoder/pDataOutRaw_reg[6]/C
                         clock pessimism             -0.212    -0.589    
    SLICE_X162Y136       FDSE (Hold_fdse_C_D)         0.121    -0.468    hdmi_encoder/U0/DataEncoders[1].DataEncoder/pDataOutRaw_reg[6]
  -------------------------------------------------------------------
                         required time                          0.468    
                         arrival time                          -0.294    
  -------------------------------------------------------------------
                         slack                                  0.173    

Slack (MET) :             0.174ns  (arrival time - required time)
  Source:                 hdmi_encoder/U0/DataEncoders[2].DataEncoder/cnt_t_3_reg[1]/C
                            (rising edge-triggered cell FDRE clocked by clk_out1_clk_wiz_0_1  {rise@0.000ns fall@20.000ns period=40.000ns})
  Destination:            hdmi_encoder/U0/DataEncoders[2].DataEncoder/cnt_t_3_reg[2]/D
                            (rising edge-triggered cell FDRE clocked by clk_out1_clk_wiz_0_1  {rise@0.000ns fall@20.000ns period=40.000ns})
  Path Group:             clk_out1_clk_wiz_0_1
  Path Type:              Hold (Min at Fast Process Corner)
  Requirement:            0.000ns  (clk_out1_clk_wiz_0_1 rise@0.000ns - clk_out1_clk_wiz_0_1 rise@0.000ns)
  Data Path Delay:        0.307ns  (logic 0.186ns (60.498%)  route 0.121ns (39.502%))
  Logic Levels:           1  (LUT6=1)
  Clock Path Skew:        0.013ns (DCD - SCD - CPR)
    Destination Clock Delay (DCD):    -0.382ns
    Source Clock Delay      (SCD):    -0.608ns
    Clock Pessimism Removal (CPR):    0.213ns

    Location             Delay type                Incr(ns)  Path(ns)    Netlist Resource(s)
  -------------------------------------------------------------------    -------------------
                         (clock clk_out1_clk_wiz_0_1 rise edge)
                                                      0.000     0.000 r  
    R4                                                0.000     0.000 r  CLK100MHZ (IN)
                         net (fo=0)                   0.000     0.000    pll_inst/inst/clk_in1
    R4                   IBUF (Prop_ibuf_I_O)         0.243     0.243 r  pll_inst/inst/clkin1_ibufg/O
                         net (fo=1, routed)           0.440     0.683    pll_inst/inst/clk_in1_clk_wiz_0
    PLLE2_ADV_X1Y2       PLLE2_ADV (Prop_plle2_adv_CLKIN1_CLKOUT0)
                                                     -2.503    -1.819 r  pll_inst/inst/plle2_adv_inst/CLKOUT0
                         net (fo=1, routed)           0.546    -1.273    pll_inst/inst/clk_out1_clk_wiz_0
    BUFGCTRL_X0Y0        BUFG (Prop_bufg_I_O)         0.026    -1.247 r  pll_inst/inst/clkout1_buf/O
                         net (fo=251, routed)         0.640    -0.608    hdmi_encoder/U0/DataEncoders[2].DataEncoder/PixelClk
    SLICE_X159Y131       FDRE                                         r  hdmi_encoder/U0/DataEncoders[2].DataEncoder/cnt_t_3_reg[1]/C
  -------------------------------------------------------------------    -------------------
    SLICE_X159Y131       FDRE (Prop_fdre_C_Q)         0.141    -0.467 r  hdmi_encoder/U0/DataEncoders[2].DataEncoder/cnt_t_3_reg[1]/Q
                         net (fo=10, routed)          0.121    -0.345    hdmi_encoder/U0/DataEncoders[2].DataEncoder/cnt_t_3_reg_n_0_[1]
    SLICE_X158Y131       LUT6 (Prop_lut6_I3_O)        0.045    -0.300 r  hdmi_encoder/U0/DataEncoders[2].DataEncoder/cnt_t_3[2]_i_1__1/O
                         net (fo=1, routed)           0.000    -0.300    hdmi_encoder/U0/DataEncoders[2].DataEncoder/cnt_t_2[2]
    SLICE_X158Y131       FDRE                                         r  hdmi_encoder/U0/DataEncoders[2].DataEncoder/cnt_t_3_reg[2]/D
  -------------------------------------------------------------------    -------------------

                         (clock clk_out1_clk_wiz_0_1 rise edge)
                                                      0.000     0.000 r  
    R4                                                0.000     0.000 r  CLK100MHZ (IN)
                         net (fo=0)                   0.000     0.000    pll_inst/inst/clk_in1
    R4                   IBUF (Prop_ibuf_I_O)         0.431     0.431 r  pll_inst/inst/clkin1_ibufg/O
                         net (fo=1, routed)           0.481     0.912    pll_inst/inst/clk_in1_clk_wiz_0
    PLLE2_ADV_X1Y2       PLLE2_ADV (Prop_plle2_adv_CLKIN1_CLKOUT0)
                                                     -2.828    -1.916 r  pll_inst/inst/plle2_adv_inst/CLKOUT0
                         net (fo=1, routed)           0.595    -1.322    pll_inst/inst/clk_out1_clk_wiz_0
    BUFGCTRL_X0Y0        BUFG (Prop_bufg_I_O)         0.029    -1.293 r  pll_inst/inst/clkout1_buf/O
                         net (fo=251, routed)         0.911    -0.382    hdmi_encoder/U0/DataEncoders[2].DataEncoder/PixelClk
    SLICE_X158Y131       FDRE                                         r  hdmi_encoder/U0/DataEncoders[2].DataEncoder/cnt_t_3_reg[2]/C
                         clock pessimism             -0.213    -0.595    
    SLICE_X158Y131       FDRE (Hold_fdre_C_D)         0.120    -0.475    hdmi_encoder/U0/DataEncoders[2].DataEncoder/cnt_t_3_reg[2]
  -------------------------------------------------------------------
                         required time                          0.475    
                         arrival time                          -0.300    
  -------------------------------------------------------------------
                         slack                                  0.174    

Slack (MET) :             0.176ns  (arrival time - required time)
  Source:                 vga/hcnt_reg[1]/C
                            (rising edge-triggered cell FDCE clocked by clk_out1_clk_wiz_0_1  {rise@0.000ns fall@20.000ns period=40.000ns})
  Destination:            vga/hcnt_reg[4]/D
                            (rising edge-triggered cell FDCE clocked by clk_out1_clk_wiz_0_1  {rise@0.000ns fall@20.000ns period=40.000ns})
  Path Group:             clk_out1_clk_wiz_0_1
  Path Type:              Hold (Min at Fast Process Corner)
  Requirement:            0.000ns  (clk_out1_clk_wiz_0_1 rise@0.000ns - clk_out1_clk_wiz_0_1 rise@0.000ns)
  Data Path Delay:        0.281ns  (logic 0.209ns (74.341%)  route 0.072ns (25.659%))
  Logic Levels:           1  (LUT6=1)
  Clock Path Skew:        0.013ns (DCD - SCD - CPR)
    Destination Clock Delay (DCD):    -0.252ns
    Source Clock Delay      (SCD):    -0.487ns
    Clock Pessimism Removal (CPR):    0.222ns

    Location             Delay type                Incr(ns)  Path(ns)    Netlist Resource(s)
  -------------------------------------------------------------------    -------------------
                         (clock clk_out1_clk_wiz_0_1 rise edge)
                                                      0.000     0.000 r  
    R4                                                0.000     0.000 r  CLK100MHZ (IN)
                         net (fo=0)                   0.000     0.000    pll_inst/inst/clk_in1
    R4                   IBUF (Prop_ibuf_I_O)         0.243     0.243 r  pll_inst/inst/clkin1_ibufg/O
                         net (fo=1, routed)           0.440     0.683    pll_inst/inst/clk_in1_clk_wiz_0
    PLLE2_ADV_X1Y2       PLLE2_ADV (Prop_plle2_adv_CLKIN1_CLKOUT0)
                                                     -2.503    -1.819 r  pll_inst/inst/plle2_adv_inst/CLKOUT0
                         net (fo=1, routed)           0.546    -1.273    pll_inst/inst/clk_out1_clk_wiz_0
    BUFGCTRL_X0Y0        BUFG (Prop_bufg_I_O)         0.026    -1.247 r  pll_inst/inst/clkout1_buf/O
                         net (fo=251, routed)         0.761    -0.487    vga/clk_out1
    SLICE_X22Y39         FDCE                                         r  vga/hcnt_reg[1]/C
  -------------------------------------------------------------------    -------------------
    SLICE_X22Y39         FDCE (Prop_fdce_C_Q)         0.164    -0.323 r  vga/hcnt_reg[1]/Q
                         net (fo=8, routed)           0.072    -0.250    vga/hcnt_reg[5]_0[1]
    SLICE_X23Y39         LUT6 (Prop_lut6_I4_O)        0.045    -0.205 r  vga/hcnt[4]_i_1/O
                         net (fo=1, routed)           0.000    -0.205    vga/hcnt[4]
    SLICE_X23Y39         FDCE                                         r  vga/hcnt_reg[4]/D
  -------------------------------------------------------------------    -------------------

                         (clock clk_out1_clk_wiz_0_1 rise edge)
                                                      0.000     0.000 r  
    R4                                                0.000     0.000 r  CLK100MHZ (IN)
                         net (fo=0)                   0.000     0.000    pll_inst/inst/clk_in1
    R4                   IBUF (Prop_ibuf_I_O)         0.431     0.431 r  pll_inst/inst/clkin1_ibufg/O
                         net (fo=1, routed)           0.481     0.912    pll_inst/inst/clk_in1_clk_wiz_0
    PLLE2_ADV_X1Y2       PLLE2_ADV (Prop_plle2_adv_CLKIN1_CLKOUT0)
                                                     -2.828    -1.916 r  pll_inst/inst/plle2_adv_inst/CLKOUT0
                         net (fo=1, routed)           0.595    -1.322    pll_inst/inst/clk_out1_clk_wiz_0
    BUFGCTRL_X0Y0        BUFG (Prop_bufg_I_O)         0.029    -1.293 r  pll_inst/inst/clkout1_buf/O
                         net (fo=251, routed)         1.041    -0.252    vga/clk_out1
    SLICE_X23Y39         FDCE                                         r  vga/hcnt_reg[4]/C
                         clock pessimism             -0.222    -0.474    
    SLICE_X23Y39         FDCE (Hold_fdce_C_D)         0.092    -0.382    vga/hcnt_reg[4]
  -------------------------------------------------------------------
                         required time                          0.382    
                         arrival time                          -0.205    
  -------------------------------------------------------------------
                         slack                                  0.176    

Slack (MET) :             0.176ns  (arrival time - required time)
  Source:                 ps2/scancode_reg[3]/C
                            (rising edge-triggered cell FDCE clocked by clk_out1_clk_wiz_0_1  {rise@0.000ns fall@20.000ns period=40.000ns})
  Destination:            kb_scancode_pix_reg[3]/D
                            (rising edge-triggered cell FDCE clocked by clk_out1_clk_wiz_0_1  {rise@0.000ns fall@20.000ns period=40.000ns})
  Path Group:             clk_out1_clk_wiz_0_1
  Path Type:              Hold (Min at Fast Process Corner)
  Requirement:            0.000ns  (clk_out1_clk_wiz_0_1 rise@0.000ns - clk_out1_clk_wiz_0_1 rise@0.000ns)
  Data Path Delay:        0.279ns  (logic 0.164ns (58.746%)  route 0.115ns (41.254%))
  Logic Levels:           0  
  Clock Path Skew:        0.040ns (DCD - SCD - CPR)
    Destination Clock Delay (DCD):    -0.248ns
    Source Clock Delay      (SCD):    -0.484ns
    Clock Pessimism Removal (CPR):    0.196ns

    Location             Delay type                Incr(ns)  Path(ns)    Netlist Resource(s)
  -------------------------------------------------------------------    -------------------
                         (clock clk_out1_clk_wiz_0_1 rise edge)
                                                      0.000     0.000 r  
    R4                                                0.000     0.000 r  CLK100MHZ (IN)
                         net (fo=0)                   0.000     0.000    pll_inst/inst/clk_in1
    R4                   IBUF (Prop_ibuf_I_O)         0.243     0.243 r  pll_inst/inst/clkin1_ibufg/O
                         net (fo=1, routed)           0.440     0.683    pll_inst/inst/clk_in1_clk_wiz_0
    PLLE2_ADV_X1Y2       PLLE2_ADV (Prop_plle2_adv_CLKIN1_CLKOUT0)
                                                     -2.503    -1.819 r  pll_inst/inst/plle2_adv_inst/CLKOUT0
                         net (fo=1, routed)           0.546    -1.273    pll_inst/inst/clk_out1_clk_wiz_0
    BUFGCTRL_X0Y0        BUFG (Prop_bufg_I_O)         0.026    -1.247 r  pll_inst/inst/clkout1_buf/O
                         net (fo=251, routed)         0.764    -0.484    ps2/CLK
    SLICE_X16Y44         FDCE                                         r  ps2/scancode_reg[3]/C
  -------------------------------------------------------------------    -------------------
    SLICE_X16Y44         FDCE (Prop_fdce_C_Q)         0.164    -0.320 r  ps2/scancode_reg[3]/Q
                         net (fo=1, routed)           0.115    -0.204    scancode[3]
    SLICE_X14Y43         FDCE                                         r  kb_scancode_pix_reg[3]/D
  -------------------------------------------------------------------    -------------------

                         (clock clk_out1_clk_wiz_0_1 rise edge)
                                                      0.000     0.000 r  
    R4                                                0.000     0.000 r  CLK100MHZ (IN)
                         net (fo=0)                   0.000     0.000    pll_inst/inst/clk_in1
    R4                   IBUF (Prop_ibuf_I_O)         0.431     0.431 r  pll_inst/inst/clkin1_ibufg/O
                         net (fo=1, routed)           0.481     0.912    pll_inst/inst/clk_in1_clk_wiz_0
    PLLE2_ADV_X1Y2       PLLE2_ADV (Prop_plle2_adv_CLKIN1_CLKOUT0)
                                                     -2.828    -1.916 r  pll_inst/inst/plle2_adv_inst/CLKOUT0
                         net (fo=1, routed)           0.595    -1.322    pll_inst/inst/clk_out1_clk_wiz_0
    BUFGCTRL_X0Y0        BUFG (Prop_bufg_I_O)         0.029    -1.293 r  pll_inst/inst/clkout1_buf/O
                         net (fo=251, routed)         1.045    -0.248    pixel_clk
    SLICE_X14Y43         FDCE                                         r  kb_scancode_pix_reg[3]/C
                         clock pessimism             -0.196    -0.444    
    SLICE_X14Y43         FDCE (Hold_fdce_C_D)         0.063    -0.381    kb_scancode_pix_reg[3]
  -------------------------------------------------------------------
                         required time                          0.381    
                         arrival time                          -0.204    
  -------------------------------------------------------------------
                         slack                                  0.176    

Slack (MET) :             0.177ns  (arrival time - required time)
  Source:                 vga/vcnt_reg[1]/C
                            (rising edge-triggered cell FDCE clocked by clk_out1_clk_wiz_0_1  {rise@0.000ns fall@20.000ns period=40.000ns})
  Destination:            vga/vcnt_reg[2]/D
                            (rising edge-triggered cell FDCE clocked by clk_out1_clk_wiz_0_1  {rise@0.000ns fall@20.000ns period=40.000ns})
  Path Group:             clk_out1_clk_wiz_0_1
  Path Type:              Hold (Min at Fast Process Corner)
  Requirement:            0.000ns  (clk_out1_clk_wiz_0_1 rise@0.000ns - clk_out1_clk_wiz_0_1 rise@0.000ns)
  Data Path Delay:        0.323ns  (logic 0.189ns (58.578%)  route 0.134ns (41.422%))
  Logic Levels:           1  (LUT4=1)
  Clock Path Skew:        0.013ns (DCD - SCD - CPR)
    Destination Clock Delay (DCD):    -0.251ns
    Source Clock Delay      (SCD):    -0.486ns
    Clock Pessimism Removal (CPR):    0.222ns

    Location             Delay type                Incr(ns)  Path(ns)    Netlist Resource(s)
  -------------------------------------------------------------------    -------------------
                         (clock clk_out1_clk_wiz_0_1 rise edge)
                                                      0.000     0.000 r  
    R4                                                0.000     0.000 r  CLK100MHZ (IN)
                         net (fo=0)                   0.000     0.000    pll_inst/inst/clk_in1
    R4                   IBUF (Prop_ibuf_I_O)         0.243     0.243 r  pll_inst/inst/clkin1_ibufg/O
                         net (fo=1, routed)           0.440     0.683    pll_inst/inst/clk_in1_clk_wiz_0
    PLLE2_ADV_X1Y2       PLLE2_ADV (Prop_plle2_adv_CLKIN1_CLKOUT0)
                                                     -2.503    -1.819 r  pll_inst/inst/plle2_adv_inst/CLKOUT0
                         net (fo=1, routed)           0.546    -1.273    pll_inst/inst/clk_out1_clk_wiz_0
    BUFGCTRL_X0Y0        BUFG (Prop_bufg_I_O)         0.026    -1.247 r  pll_inst/inst/clkout1_buf/O
                         net (fo=251, routed)         0.762    -0.486    vga/clk_out1
    SLICE_X23Y40         FDCE                                         r  vga/vcnt_reg[1]/C
  -------------------------------------------------------------------    -------------------
    SLICE_X23Y40         FDCE (Prop_fdce_C_Q)         0.141    -0.345 r  vga/vcnt_reg[1]/Q
                         net (fo=133, routed)         0.134    -0.211    vga/Q[1]
    SLICE_X22Y40         LUT4 (Prop_lut4_I3_O)        0.048    -0.163 r  vga/vcnt[2]_i_1/O
                         net (fo=1, routed)           0.000    -0.163    vga/vcnt[2]_i_1_n_0
    SLICE_X22Y40         FDCE                                         r  vga/vcnt_reg[2]/D
  -------------------------------------------------------------------    -------------------

                         (clock clk_out1_clk_wiz_0_1 rise edge)
                                                      0.000     0.000 r  
    R4                                                0.000     0.000 r  CLK100MHZ (IN)
                         net (fo=0)                   0.000     0.000    pll_inst/inst/clk_in1
    R4                   IBUF (Prop_ibuf_I_O)         0.431     0.431 r  pll_inst/inst/clkin1_ibufg/O
                         net (fo=1, routed)           0.481     0.912    pll_inst/inst/clk_in1_clk_wiz_0
    PLLE2_ADV_X1Y2       PLLE2_ADV (Prop_plle2_adv_CLKIN1_CLKOUT0)
                                                     -2.828    -1.916 r  pll_inst/inst/plle2_adv_inst/CLKOUT0
                         net (fo=1, routed)           0.595    -1.322    pll_inst/inst/clk_out1_clk_wiz_0
    BUFGCTRL_X0Y0        BUFG (Prop_bufg_I_O)         0.029    -1.293 r  pll_inst/inst/clkout1_buf/O
                         net (fo=251, routed)         1.042    -0.251    vga/clk_out1
    SLICE_X22Y40         FDCE                                         r  vga/vcnt_reg[2]/C
                         clock pessimism             -0.222    -0.473    
    SLICE_X22Y40         FDCE (Hold_fdce_C_D)         0.133    -0.340    vga/vcnt_reg[2]
  -------------------------------------------------------------------
                         required time                          0.340    
                         arrival time                          -0.163    
  -------------------------------------------------------------------
                         slack                                  0.177    

Slack (MET) :             0.180ns  (arrival time - required time)
  Source:                 ps2/scancode_reg[0]/C
                            (rising edge-triggered cell FDCE clocked by clk_out1_clk_wiz_0_1  {rise@0.000ns fall@20.000ns period=40.000ns})
  Destination:            kb_scancode_pix_reg[0]/D
                            (rising edge-triggered cell FDCE clocked by clk_out1_clk_wiz_0_1  {rise@0.000ns fall@20.000ns period=40.000ns})
  Path Group:             clk_out1_clk_wiz_0_1
  Path Type:              Hold (Min at Fast Process Corner)
  Requirement:            0.000ns  (clk_out1_clk_wiz_0_1 rise@0.000ns - clk_out1_clk_wiz_0_1 rise@0.000ns)
  Data Path Delay:        0.279ns  (logic 0.164ns (58.746%)  route 0.115ns (41.254%))
  Logic Levels:           0  
  Clock Path Skew:        0.040ns (DCD - SCD - CPR)
    Destination Clock Delay (DCD):    -0.248ns
    Source Clock Delay      (SCD):    -0.484ns
    Clock Pessimism Removal (CPR):    0.196ns

    Location             Delay type                Incr(ns)  Path(ns)    Netlist Resource(s)
  -------------------------------------------------------------------    -------------------
                         (clock clk_out1_clk_wiz_0_1 rise edge)
                                                      0.000     0.000 r  
    R4                                                0.000     0.000 r  CLK100MHZ (IN)
                         net (fo=0)                   0.000     0.000    pll_inst/inst/clk_in1
    R4                   IBUF (Prop_ibuf_I_O)         0.243     0.243 r  pll_inst/inst/clkin1_ibufg/O
                         net (fo=1, routed)           0.440     0.683    pll_inst/inst/clk_in1_clk_wiz_0
    PLLE2_ADV_X1Y2       PLLE2_ADV (Prop_plle2_adv_CLKIN1_CLKOUT0)
                                                     -2.503    -1.819 r  pll_inst/inst/plle2_adv_inst/CLKOUT0
                         net (fo=1, routed)           0.546    -1.273    pll_inst/inst/clk_out1_clk_wiz_0
    BUFGCTRL_X0Y0        BUFG (Prop_bufg_I_O)         0.026    -1.247 r  pll_inst/inst/clkout1_buf/O
                         net (fo=251, routed)         0.764    -0.484    ps2/CLK
    SLICE_X16Y44         FDCE                                         r  ps2/scancode_reg[0]/C
  -------------------------------------------------------------------    -------------------
    SLICE_X16Y44         FDCE (Prop_fdce_C_Q)         0.164    -0.320 r  ps2/scancode_reg[0]/Q
                         net (fo=1, routed)           0.115    -0.204    scancode[0]
    SLICE_X14Y43         FDCE                                         r  kb_scancode_pix_reg[0]/D
  -------------------------------------------------------------------    -------------------

                         (clock clk_out1_clk_wiz_0_1 rise edge)
                                                      0.000     0.000 r  
    R4                                                0.000     0.000 r  CLK100MHZ (IN)
                         net (fo=0)                   0.000     0.000    pll_inst/inst/clk_in1
    R4                   IBUF (Prop_ibuf_I_O)         0.431     0.431 r  pll_inst/inst/clkin1_ibufg/O
                         net (fo=1, routed)           0.481     0.912    pll_inst/inst/clk_in1_clk_wiz_0
    PLLE2_ADV_X1Y2       PLLE2_ADV (Prop_plle2_adv_CLKIN1_CLKOUT0)
                                                     -2.828    -1.916 r  pll_inst/inst/plle2_adv_inst/CLKOUT0
                         net (fo=1, routed)           0.595    -1.322    pll_inst/inst/clk_out1_clk_wiz_0
    BUFGCTRL_X0Y0        BUFG (Prop_bufg_I_O)         0.029    -1.293 r  pll_inst/inst/clkout1_buf/O
                         net (fo=251, routed)         1.045    -0.248    pixel_clk
    SLICE_X14Y43         FDCE                                         r  kb_scancode_pix_reg[0]/C
                         clock pessimism             -0.196    -0.444    
    SLICE_X14Y43         FDCE (Hold_fdce_C_D)         0.059    -0.385    kb_scancode_pix_reg[0]
  -------------------------------------------------------------------
                         required time                          0.385    
                         arrival time                          -0.204    
  -------------------------------------------------------------------
                         slack                                  0.180    

Slack (MET) :             0.186ns  (arrival time - required time)
  Source:                 ps2/bit_cnt_reg[1]/C
                            (rising edge-triggered cell FDCE clocked by clk_out1_clk_wiz_0_1  {rise@0.000ns fall@20.000ns period=40.000ns})
  Destination:            ps2/bit_cnt_reg[3]/D
                            (rising edge-triggered cell FDCE clocked by clk_out1_clk_wiz_0_1  {rise@0.000ns fall@20.000ns period=40.000ns})
  Path Group:             clk_out1_clk_wiz_0_1
  Path Type:              Hold (Min at Fast Process Corner)
  Requirement:            0.000ns  (clk_out1_clk_wiz_0_1 rise@0.000ns - clk_out1_clk_wiz_0_1 rise@0.000ns)
  Data Path Delay:        0.319ns  (logic 0.186ns (58.389%)  route 0.133ns (41.611%))
  Logic Levels:           1  (LUT4=1)
  Clock Path Skew:        0.013ns (DCD - SCD - CPR)
    Destination Clock Delay (DCD):    -0.248ns
    Source Clock Delay      (SCD):    -0.482ns
    Clock Pessimism Removal (CPR):    0.221ns

    Location             Delay type                Incr(ns)  Path(ns)    Netlist Resource(s)
  -------------------------------------------------------------------    -------------------
                         (clock clk_out1_clk_wiz_0_1 rise edge)
                                                      0.000     0.000 r  
    R4                                                0.000     0.000 r  CLK100MHZ (IN)
                         net (fo=0)                   0.000     0.000    pll_inst/inst/clk_in1
    R4                   IBUF (Prop_ibuf_I_O)         0.243     0.243 r  pll_inst/inst/clkin1_ibufg/O
                         net (fo=1, routed)           0.440     0.683    pll_inst/inst/clk_in1_clk_wiz_0
    PLLE2_ADV_X1Y2       PLLE2_ADV (Prop_plle2_adv_CLKIN1_CLKOUT0)
                                                     -2.503    -1.819 r  pll_inst/inst/plle2_adv_inst/CLKOUT0
                         net (fo=1, routed)           0.546    -1.273    pll_inst/inst/clk_out1_clk_wiz_0
    BUFGCTRL_X0Y0        BUFG (Prop_bufg_I_O)         0.026    -1.247 r  pll_inst/inst/clkout1_buf/O
                         net (fo=251, routed)         0.766    -0.482    ps2/CLK
    SLICE_X15Y45         FDCE                                         r  ps2/bit_cnt_reg[1]/C
  -------------------------------------------------------------------    -------------------
    SLICE_X15Y45         FDCE (Prop_fdce_C_Q)         0.141    -0.341 r  ps2/bit_cnt_reg[1]/Q
                         net (fo=5, routed)           0.133    -0.208    ps2/bit_cnt[1]
    SLICE_X14Y45         LUT4 (Prop_lut4_I3_O)        0.045    -0.163 r  ps2/bit_cnt[3]_i_2/O
                         net (fo=1, routed)           0.000    -0.163    ps2/bit_cnt[3]_i_2_n_0
    SLICE_X14Y45         FDCE                                         r  ps2/bit_cnt_reg[3]/D
  -------------------------------------------------------------------    -------------------

                         (clock clk_out1_clk_wiz_0_1 rise edge)
                                                      0.000     0.000 r  
    R4                                                0.000     0.000 r  CLK100MHZ (IN)
                         net (fo=0)                   0.000     0.000    pll_inst/inst/clk_in1
    R4                   IBUF (Prop_ibuf_I_O)         0.431     0.431 r  pll_inst/inst/clkin1_ibufg/O
                         net (fo=1, routed)           0.481     0.912    pll_inst/inst/clk_in1_clk_wiz_0
    PLLE2_ADV_X1Y2       PLLE2_ADV (Prop_plle2_adv_CLKIN1_CLKOUT0)
                                                     -2.828    -1.916 r  pll_inst/inst/plle2_adv_inst/CLKOUT0
                         net (fo=1, routed)           0.595    -1.322    pll_inst/inst/clk_out1_clk_wiz_0
    BUFGCTRL_X0Y0        BUFG (Prop_bufg_I_O)         0.029    -1.293 r  pll_inst/inst/clkout1_buf/O
                         net (fo=251, routed)         1.045    -0.248    ps2/CLK
    SLICE_X14Y45         FDCE                                         r  ps2/bit_cnt_reg[3]/C
                         clock pessimism             -0.221    -0.469    
    SLICE_X14Y45         FDCE (Hold_fdce_C_D)         0.120    -0.349    ps2/bit_cnt_reg[3]
  -------------------------------------------------------------------
                         required time                          0.349    
                         arrival time                          -0.163    
  -------------------------------------------------------------------
                         slack                                  0.186    

Slack (MET) :             0.187ns  (arrival time - required time)
  Source:                 ps2/scancode_reg[1]/C
                            (rising edge-triggered cell FDCE clocked by clk_out1_clk_wiz_0_1  {rise@0.000ns fall@20.000ns period=40.000ns})
  Destination:            kb_scancode_pix_reg[1]/D
                            (rising edge-triggered cell FDCE clocked by clk_out1_clk_wiz_0_1  {rise@0.000ns fall@20.000ns period=40.000ns})
  Path Group:             clk_out1_clk_wiz_0_1
  Path Type:              Hold (Min at Fast Process Corner)
  Requirement:            0.000ns  (clk_out1_clk_wiz_0_1 rise@0.000ns - clk_out1_clk_wiz_0_1 rise@0.000ns)
  Data Path Delay:        0.279ns  (logic 0.164ns (58.746%)  route 0.115ns (41.254%))
  Logic Levels:           0  
  Clock Path Skew:        0.040ns (DCD - SCD - CPR)
    Destination Clock Delay (DCD):    -0.248ns
    Source Clock Delay      (SCD):    -0.484ns
    Clock Pessimism Removal (CPR):    0.196ns

    Location             Delay type                Incr(ns)  Path(ns)    Netlist Resource(s)
  -------------------------------------------------------------------    -------------------
                         (clock clk_out1_clk_wiz_0_1 rise edge)
                                                      0.000     0.000 r  
    R4                                                0.000     0.000 r  CLK100MHZ (IN)
                         net (fo=0)                   0.000     0.000    pll_inst/inst/clk_in1
    R4                   IBUF (Prop_ibuf_I_O)         0.243     0.243 r  pll_inst/inst/clkin1_ibufg/O
                         net (fo=1, routed)           0.440     0.683    pll_inst/inst/clk_in1_clk_wiz_0
    PLLE2_ADV_X1Y2       PLLE2_ADV (Prop_plle2_adv_CLKIN1_CLKOUT0)
                                                     -2.503    -1.819 r  pll_inst/inst/plle2_adv_inst/CLKOUT0
                         net (fo=1, routed)           0.546    -1.273    pll_inst/inst/clk_out1_clk_wiz_0
    BUFGCTRL_X0Y0        BUFG (Prop_bufg_I_O)         0.026    -1.247 r  pll_inst/inst/clkout1_buf/O
                         net (fo=251, routed)         0.764    -0.484    ps2/CLK
    SLICE_X16Y44         FDCE                                         r  ps2/scancode_reg[1]/C
  -------------------------------------------------------------------    -------------------
    SLICE_X16Y44         FDCE (Prop_fdce_C_Q)         0.164    -0.320 r  ps2/scancode_reg[1]/Q
                         net (fo=1, routed)           0.115    -0.204    scancode[1]
    SLICE_X14Y43         FDCE                                         r  kb_scancode_pix_reg[1]/D
  -------------------------------------------------------------------    -------------------

                         (clock clk_out1_clk_wiz_0_1 rise edge)
                                                      0.000     0.000 r  
    R4                                                0.000     0.000 r  CLK100MHZ (IN)
                         net (fo=0)                   0.000     0.000    pll_inst/inst/clk_in1
    R4                   IBUF (Prop_ibuf_I_O)         0.431     0.431 r  pll_inst/inst/clkin1_ibufg/O
                         net (fo=1, routed)           0.481     0.912    pll_inst/inst/clk_in1_clk_wiz_0
    PLLE2_ADV_X1Y2       PLLE2_ADV (Prop_plle2_adv_CLKIN1_CLKOUT0)
                                                     -2.828    -1.916 r  pll_inst/inst/plle2_adv_inst/CLKOUT0
                         net (fo=1, routed)           0.595    -1.322    pll_inst/inst/clk_out1_clk_wiz_0
    BUFGCTRL_X0Y0        BUFG (Prop_bufg_I_O)         0.029    -1.293 r  pll_inst/inst/clkout1_buf/O
                         net (fo=251, routed)         1.045    -0.248    pixel_clk
    SLICE_X14Y43         FDCE                                         r  kb_scancode_pix_reg[1]/C
                         clock pessimism             -0.196    -0.444    
    SLICE_X14Y43         FDCE (Hold_fdce_C_D)         0.052    -0.392    kb_scancode_pix_reg[1]
  -------------------------------------------------------------------
                         required time                          0.392    
                         arrival time                          -0.204    
  -------------------------------------------------------------------
                         slack                                  0.187    





Pulse Width Checks
--------------------------------------------------------------------------------------
Clock Name:         clk_out1_clk_wiz_0_1
Waveform(ns):       { 0.000 20.000 }
Period(ns):         40.000
Sources:            { pll_inst/inst/plle2_adv_inst/CLKOUT0 }

Check Type        Corner  Lib Pin             Reference Pin  Required(ns)  Actual(ns)  Slack(ns)  Location        Pin
Min Period        n/a     RAMB36E1/CLKBWRCLK  n/a            2.576         40.000      37.424     RAMB36_X1Y4     vram_inst/mem_reg/CLKBWRCLK
Min Period        n/a     BUFG/I              n/a            2.155         40.000      37.845     BUFGCTRL_X0Y0   pll_inst/inst/clkout1_buf/I
Min Period        n/a     OSERDESE2/CLKDIV    n/a            1.667         40.000      38.333     OLOGIC_X1Y148   hdmi_encoder/U0/ClockSerializer/SerializerMaster/CLKDIV
Min Period        n/a     OSERDESE2/CLKDIV    n/a            1.667         40.000      38.333     OLOGIC_X1Y147   hdmi_encoder/U0/ClockSerializer/SerializerSlave/CLKDIV
Min Period        n/a     OSERDESE2/CLKDIV    n/a            1.667         40.000      38.333     OLOGIC_X1Y140   hdmi_encoder/U0/DataEncoders[0].DataSerializer/SerializerMaster/CLKDIV
Min Period        n/a     OSERDESE2/CLKDIV    n/a            1.667         40.000      38.333     OLOGIC_X1Y139   hdmi_encoder/U0/DataEncoders[0].DataSerializer/SerializerSlave/CLKDIV
Min Period        n/a     OSERDESE2/CLKDIV    n/a            1.667         40.000      38.333     OLOGIC_X1Y136   hdmi_encoder/U0/DataEncoders[1].DataSerializer/SerializerMaster/CLKDIV
Min Period        n/a     OSERDESE2/CLKDIV    n/a            1.667         40.000      38.333     OLOGIC_X1Y135   hdmi_encoder/U0/DataEncoders[1].DataSerializer/SerializerSlave/CLKDIV
Min Period        n/a     OSERDESE2/CLKDIV    n/a            1.667         40.000      38.333     OLOGIC_X1Y134   hdmi_encoder/U0/DataEncoders[2].DataSerializer/SerializerMaster/CLKDIV
Min Period        n/a     OSERDESE2/CLKDIV    n/a            1.667         40.000      38.333     OLOGIC_X1Y133   hdmi_encoder/U0/DataEncoders[2].DataSerializer/SerializerSlave/CLKDIV
Max Period        n/a     PLLE2_ADV/CLKOUT0   n/a            160.000       40.000      120.000    PLLE2_ADV_X1Y2  pll_inst/inst/plle2_adv_inst/CLKOUT0
Low Pulse Width   Slow    FDCE/C              n/a            0.500         20.000      19.500     SLICE_X153Y139  h_cnt_reg[0]/C
Low Pulse Width   Fast    FDCE/C              n/a            0.500         20.000      19.500     SLICE_X153Y139  h_cnt_reg[0]/C
Low Pulse Width   Slow    FDCE/C              n/a            0.500         20.000      19.500     SLICE_X153Y139  h_cnt_reg[1]/C
Low Pulse Width   Fast    FDCE/C              n/a            0.500         20.000      19.500     SLICE_X153Y139  h_cnt_reg[1]/C
Low Pulse Width   Slow    FDCE/C              n/a            0.500         20.000      19.500     SLICE_X154Y139  h_cnt_reg[2]/C
Low Pulse Width   Fast    FDCE/C              n/a            0.500         20.000      19.500     SLICE_X154Y139  h_cnt_reg[2]/C
Low Pulse Width   Slow    FDCE/C              n/a            0.500         20.000      19.500     SLICE_X154Y139  h_cnt_reg[3]/C
Low Pulse Width   Fast    FDCE/C              n/a            0.500         20.000      19.500     SLICE_X154Y139  h_cnt_reg[3]/C
Low Pulse Width   Slow    FDCE/C              n/a            0.500         20.000      19.500     SLICE_X154Y139  h_cnt_reg[4]/C
Low Pulse Width   Fast    FDCE/C              n/a            0.500         20.000      19.500     SLICE_X154Y139  h_cnt_reg[4]/C
High Pulse Width  Slow    FDCE/C              n/a            0.500         20.000      19.500     SLICE_X153Y139  h_cnt_reg[0]/C
High Pulse Width  Fast    FDCE/C              n/a            0.500         20.000      19.500     SLICE_X153Y139  h_cnt_reg[0]/C
High Pulse Width  Slow    FDCE/C              n/a            0.500         20.000      19.500     SLICE_X153Y139  h_cnt_reg[1]/C
High Pulse Width  Fast    FDCE/C              n/a            0.500         20.000      19.500     SLICE_X153Y139  h_cnt_reg[1]/C
High Pulse Width  Slow    FDCE/C              n/a            0.500         20.000      19.500     SLICE_X154Y139  h_cnt_reg[2]/C
High Pulse Width  Fast    FDCE/C              n/a            0.500         20.000      19.500     SLICE_X154Y139  h_cnt_reg[2]/C
High Pulse Width  Slow    FDCE/C              n/a            0.500         20.000      19.500     SLICE_X154Y139  h_cnt_reg[3]/C
High Pulse Width  Fast    FDCE/C              n/a            0.500         20.000      19.500     SLICE_X154Y139  h_cnt_reg[3]/C
High Pulse Width  Slow    FDCE/C              n/a            0.500         20.000      19.500     SLICE_X154Y139  h_cnt_reg[4]/C
High Pulse Width  Fast    FDCE/C              n/a            0.500         20.000      19.500     SLICE_X154Y139  h_cnt_reg[4]/C



---------------------------------------------------------------------------------------------------
From Clock:  clk_out2_clk_wiz_0_1
  To Clock:  clk_out2_clk_wiz_0_1

Setup :           NA  Failing Endpoints,  Worst Slack           NA  ,  Total Violation           NA
Hold  :           NA  Failing Endpoints,  Worst Slack           NA  ,  Total Violation           NA
PW    :            0  Failing Endpoints,  Worst Slack        5.845ns,  Total Violation        0.000ns
---------------------------------------------------------------------------------------------------


Pulse Width Checks
--------------------------------------------------------------------------------------
Clock Name:         clk_out2_clk_wiz_0_1
Waveform(ns):       { 0.000 4.000 }
Period(ns):         8.000
Sources:            { pll_inst/inst/plle2_adv_inst/CLKOUT1 }

Check Type  Corner  Lib Pin            Reference Pin  Required(ns)  Actual(ns)  Slack(ns)  Location        Pin
Min Period  n/a     BUFG/I             n/a            2.155         8.000       5.845      BUFGCTRL_X0Y1   pll_inst/inst/clkout2_buf/I
Min Period  n/a     OSERDESE2/CLK      n/a            1.667         8.000       6.333      OLOGIC_X1Y148   hdmi_encoder/U0/ClockSerializer/SerializerMaster/CLK
Min Period  n/a     OSERDESE2/CLK      n/a            1.667         8.000       6.333      OLOGIC_X1Y147   hdmi_encoder/U0/ClockSerializer/SerializerSlave/CLK
Min Period  n/a     OSERDESE2/CLK      n/a            1.667         8.000       6.333      OLOGIC_X1Y140   hdmi_encoder/U0/DataEncoders[0].DataSerializer/SerializerMaster/CLK
Min Period  n/a     OSERDESE2/CLK      n/a            1.667         8.000       6.333      OLOGIC_X1Y139   hdmi_encoder/U0/DataEncoders[0].DataSerializer/SerializerSlave/CLK
Min Period  n/a     OSERDESE2/CLK      n/a            1.667         8.000       6.333      OLOGIC_X1Y136   hdmi_encoder/U0/DataEncoders[1].DataSerializer/SerializerMaster/CLK
Min Period  n/a     OSERDESE2/CLK      n/a            1.667         8.000       6.333      OLOGIC_X1Y135   hdmi_encoder/U0/DataEncoders[1].DataSerializer/SerializerSlave/CLK
Min Period  n/a     OSERDESE2/CLK      n/a            1.667         8.000       6.333      OLOGIC_X1Y134   hdmi_encoder/U0/DataEncoders[2].DataSerializer/SerializerMaster/CLK
Min Period  n/a     OSERDESE2/CLK      n/a            1.667         8.000       6.333      OLOGIC_X1Y133   hdmi_encoder/U0/DataEncoders[2].DataSerializer/SerializerSlave/CLK
Min Period  n/a     PLLE2_ADV/CLKOUT1  n/a            1.249         8.000       6.751      PLLE2_ADV_X1Y2  pll_inst/inst/plle2_adv_inst/CLKOUT1
Max Period  n/a     PLLE2_ADV/CLKOUT1  n/a            160.000       8.000       152.000    PLLE2_ADV_X1Y2  pll_inst/inst/plle2_adv_inst/CLKOUT1



---------------------------------------------------------------------------------------------------
From Clock:  clk_out3_clk_wiz_0_1
  To Clock:  clk_out3_clk_wiz_0_1

Setup :            0  Failing Endpoints,  Worst Slack        0.083ns,  Total Violation        0.000ns
Hold  :            0  Failing Endpoints,  Worst Slack        0.119ns,  Total Violation        0.000ns
PW    :            0  Failing Endpoints,  Worst Slack        3.750ns,  Total Violation        0.000ns
---------------------------------------------------------------------------------------------------


Max Delay Paths
--------------------------------------------------------------------------------------
Slack (MET) :             0.083ns  (required time - arrival time)
  Source:                 cpu/trap_controller/FSM_onehot_trap_handle_state_reg[3]/C
                            (rising edge-triggered cell FDCE clocked by clk_out3_clk_wiz_0_1  {rise@0.000ns fall@5.000ns period=10.000ns})
  Destination:            cpu/instruction_memory/instruction_reg_0/ENARDEN
                            (rising edge-triggered cell RAMB36E1 clocked by clk_out3_clk_wiz_0_1  {rise@0.000ns fall@5.000ns period=10.000ns})
  Path Group:             clk_out3_clk_wiz_0_1
  Path Type:              Setup (Max at Slow Process Corner)
  Requirement:            10.000ns  (clk_out3_clk_wiz_0_1 rise@10.000ns - clk_out3_clk_wiz_0_1 rise@0.000ns)
  Data Path Delay:        9.097ns  (logic 2.248ns (24.711%)  route 6.849ns (75.289%))
  Logic Levels:           8  (LUT2=1 LUT3=1 LUT4=2 LUT6=4)
  Clock Path Skew:        -0.080ns (DCD - SCD + CPR)
    Destination Clock Delay (DCD):    -1.778ns = ( 8.222 - 10.000 ) 
    Source Clock Delay      (SCD):    -2.117ns
    Clock Pessimism Removal (CPR):    -0.418ns
  Clock Uncertainty:      0.074ns  ((TSJ^2 + DJ^2)^1/2) / 2 + PE
    Total System Jitter     (TSJ):    0.071ns
    Discrete Jitter          (DJ):    0.129ns
    Phase Error              (PE):    0.000ns

    Location             Delay type                Incr(ns)  Path(ns)    Netlist Resource(s)
  -------------------------------------------------------------------    -------------------
                         (clock clk_out3_clk_wiz_0_1 rise edge)
                                                      0.000     0.000 r  
    R4                                                0.000     0.000 r  CLK100MHZ (IN)
                         net (fo=0)                   0.000     0.000    pll_inst/inst/clk_in1
    R4                   IBUF (Prop_ibuf_I_O)         1.475     1.475 r  pll_inst/inst/clkin1_ibufg/O
                         net (fo=1, routed)           1.253     2.728    pll_inst/inst/clk_in1_clk_wiz_0
    PLLE2_ADV_X1Y2       PLLE2_ADV (Prop_plle2_adv_CLKIN1_CLKOUT2)
                                                     -8.953    -6.225 r  pll_inst/inst/plle2_adv_inst/CLKOUT2
                         net (fo=1, routed)           1.802    -4.422    pll_inst/inst/clk_out3_clk_wiz_0
    BUFGCTRL_X0Y2        BUFG (Prop_bufg_I_O)         0.096    -4.326 r  pll_inst/inst/clkout3_buf/O
                         net (fo=2500, routed)        2.209    -2.117    cpu/trap_controller/clk_out3
    SLICE_X6Y1           FDCE                                         r  cpu/trap_controller/FSM_onehot_trap_handle_state_reg[3]/C
  -------------------------------------------------------------------    -------------------
    SLICE_X6Y1           FDCE (Prop_fdce_C_Q)         0.518    -1.599 f  cpu/trap_controller/FSM_onehot_trap_handle_state_reg[3]/Q
                         net (fo=4, routed)           0.866    -0.733    cpu/trap_controller/FSM_onehot_trap_handle_state_reg_n_0_[3]
    SLICE_X6Y1           LUT4 (Prop_lut4_I3_O)        0.152    -0.581 f  cpu/trap_controller/MIE_i_2/O
                         net (fo=4, routed)           1.114     0.533    cpu/trap_controller/mret_executed
    SLICE_X12Y0          LUT4 (Prop_lut4_I3_O)        0.372     0.905 f  cpu/trap_controller/div_inflight_i_4/O
                         net (fo=4, routed)           0.640     1.545    cpu/ex_ex2_register/trap_done
    SLICE_X15Y4          LUT6 (Prop_lut6_I5_O)        0.328     1.873 f  cpu/ex_ex2_register/div_inflight_i_3/O
                         net (fo=22, routed)          0.726     2.599    cpu/exr_ex_register/ID_EXR_flush
    SLICE_X15Y6          LUT3 (Prop_lut3_I2_O)        0.153     2.752 r  cpu/exr_ex_register/FSM_onehot_stage[3]_i_2/O
                         net (fo=6, routed)           0.448     3.200    cpu/exr_ex_register/mul_start
    SLICE_X13Y5          LUT6 (Prop_lut6_I0_O)        0.327     3.527 r  cpu/exr_ex_register/memory_bank0_reg_0_i_23/O
                         net (fo=4, routed)           0.440     3.967    cpu/trap_controller/WB_csr_write_enable_reg
    SLICE_X13Y5          LUT6 (Prop_lut6_I1_O)        0.124     4.091 f  cpu/trap_controller/EX_src_A[31]_i_3/O
                         net (fo=5, routed)           0.697     4.788    cpu/control_unit/pc_reg[0]
    SLICE_X12Y4          LUT6 (Prop_lut6_I2_O)        0.124     4.912 f  cpu/control_unit/instruction_reg_0_i_3/O
                         net (fo=33, routed)          0.799     5.710    cpu/id_exr_register/pc_stall
    SLICE_X10Y4          LUT2 (Prop_lut2_I1_O)        0.150     5.860 r  cpu/id_exr_register/instruction_reg_0_i_1/O
                         net (fo=34, routed)          1.120     6.980    cpu/instruction_memory/RDEN
    RAMB36_X1Y1          RAMB36E1                                     r  cpu/instruction_memory/instruction_reg_0/ENARDEN
  -------------------------------------------------------------------    -------------------

                         (clock clk_out3_clk_wiz_0_1 rise edge)
                                                     10.000    10.000 r  
    R4                                                0.000    10.000 r  CLK100MHZ (IN)
                         net (fo=0)                   0.000    10.000    pll_inst/inst/clk_in1
    R4                   IBUF (Prop_ibuf_I_O)         1.405    11.405 r  pll_inst/inst/clkin1_ibufg/O
                         net (fo=1, routed)           1.181    12.586    pll_inst/inst/clk_in1_clk_wiz_0
    PLLE2_ADV_X1Y2       PLLE2_ADV (Prop_plle2_adv_CLKIN1_CLKOUT2)
                                                     -8.206     4.380 r  pll_inst/inst/plle2_adv_inst/CLKOUT2
                         net (fo=1, routed)           1.718     6.098    pll_inst/inst/clk_out3_clk_wiz_0
    BUFGCTRL_X0Y2        BUFG (Prop_bufg_I_O)         0.091     6.189 r  pll_inst/inst/clkout3_buf/O
                         net (fo=2500, routed)        2.033     8.222    cpu/instruction_memory/clk_out3
    RAMB36_X1Y1          RAMB36E1                                     r  cpu/instruction_memory/instruction_reg_0/CLKARDCLK
                         clock pessimism             -0.418     7.804    
                         clock uncertainty           -0.074     7.730    
    RAMB36_X1Y1          RAMB36E1 (Setup_ramb36e1_CLKARDCLK_ENARDEN)
                                                     -0.667     7.063    cpu/instruction_memory/instruction_reg_0
  -------------------------------------------------------------------
                         required time                          7.063    
                         arrival time                          -6.980    
  -------------------------------------------------------------------
                         slack                                  0.083    

Slack (MET) :             0.272ns  (required time - arrival time)
  Source:                 cpu/trap_controller/FSM_onehot_trap_handle_state_reg[3]/C
                            (rising edge-triggered cell FDCE clocked by clk_out3_clk_wiz_0_1  {rise@0.000ns fall@5.000ns period=10.000ns})
  Destination:            cpu/instruction_memory/instruction_reg_1/ENARDEN
                            (rising edge-triggered cell RAMB36E1 clocked by clk_out3_clk_wiz_0_1  {rise@0.000ns fall@5.000ns period=10.000ns})
  Path Group:             clk_out3_clk_wiz_0_1
  Path Type:              Setup (Max at Slow Process Corner)
  Requirement:            10.000ns  (clk_out3_clk_wiz_0_1 rise@10.000ns - clk_out3_clk_wiz_0_1 rise@0.000ns)
  Data Path Delay:        8.906ns  (logic 2.248ns (25.241%)  route 6.658ns (74.759%))
  Logic Levels:           8  (LUT2=1 LUT3=1 LUT4=2 LUT6=4)
  Clock Path Skew:        -0.082ns (DCD - SCD + CPR)
    Destination Clock Delay (DCD):    -1.780ns = ( 8.220 - 10.000 ) 
    Source Clock Delay      (SCD):    -2.117ns
    Clock Pessimism Removal (CPR):    -0.418ns
  Clock Uncertainty:      0.074ns  ((TSJ^2 + DJ^2)^1/2) / 2 + PE
    Total System Jitter     (TSJ):    0.071ns
    Discrete Jitter          (DJ):    0.129ns
    Phase Error              (PE):    0.000ns

    Location             Delay type                Incr(ns)  Path(ns)    Netlist Resource(s)
  -------------------------------------------------------------------    -------------------
                         (clock clk_out3_clk_wiz_0_1 rise edge)
                                                      0.000     0.000 r  
    R4                                                0.000     0.000 r  CLK100MHZ (IN)
                         net (fo=0)                   0.000     0.000    pll_inst/inst/clk_in1
    R4                   IBUF (Prop_ibuf_I_O)         1.475     1.475 r  pll_inst/inst/clkin1_ibufg/O
                         net (fo=1, routed)           1.253     2.728    pll_inst/inst/clk_in1_clk_wiz_0
    PLLE2_ADV_X1Y2       PLLE2_ADV (Prop_plle2_adv_CLKIN1_CLKOUT2)
                                                     -8.953    -6.225 r  pll_inst/inst/plle2_adv_inst/CLKOUT2
                         net (fo=1, routed)           1.802    -4.422    pll_inst/inst/clk_out3_clk_wiz_0
    BUFGCTRL_X0Y2        BUFG (Prop_bufg_I_O)         0.096    -4.326 r  pll_inst/inst/clkout3_buf/O
                         net (fo=2500, routed)        2.209    -2.117    cpu/trap_controller/clk_out3
    SLICE_X6Y1           FDCE                                         r  cpu/trap_controller/FSM_onehot_trap_handle_state_reg[3]/C
  -------------------------------------------------------------------    -------------------
    SLICE_X6Y1           FDCE (Prop_fdce_C_Q)         0.518    -1.599 f  cpu/trap_controller/FSM_onehot_trap_handle_state_reg[3]/Q
                         net (fo=4, routed)           0.866    -0.733    cpu/trap_controller/FSM_onehot_trap_handle_state_reg_n_0_[3]
    SLICE_X6Y1           LUT4 (Prop_lut4_I3_O)        0.152    -0.581 f  cpu/trap_controller/MIE_i_2/O
                         net (fo=4, routed)           1.114     0.533    cpu/trap_controller/mret_executed
    SLICE_X12Y0          LUT4 (Prop_lut4_I3_O)        0.372     0.905 f  cpu/trap_controller/div_inflight_i_4/O
                         net (fo=4, routed)           0.640     1.545    cpu/ex_ex2_register/trap_done
    SLICE_X15Y4          LUT6 (Prop_lut6_I5_O)        0.328     1.873 f  cpu/ex_ex2_register/div_inflight_i_3/O
                         net (fo=22, routed)          0.726     2.599    cpu/exr_ex_register/ID_EXR_flush
    SLICE_X15Y6          LUT3 (Prop_lut3_I2_O)        0.153     2.752 r  cpu/exr_ex_register/FSM_onehot_stage[3]_i_2/O
                         net (fo=6, routed)           0.448     3.200    cpu/exr_ex_register/mul_start
    SLICE_X13Y5          LUT6 (Prop_lut6_I0_O)        0.327     3.527 r  cpu/exr_ex_register/memory_bank0_reg_0_i_23/O
                         net (fo=4, routed)           0.440     3.967    cpu/trap_controller/WB_csr_write_enable_reg
    SLICE_X13Y5          LUT6 (Prop_lut6_I1_O)        0.124     4.091 f  cpu/trap_controller/EX_src_A[31]_i_3/O
                         net (fo=5, routed)           0.697     4.788    cpu/control_unit/pc_reg[0]
    SLICE_X12Y4          LUT6 (Prop_lut6_I2_O)        0.124     4.912 f  cpu/control_unit/instruction_reg_0_i_3/O
                         net (fo=33, routed)          0.799     5.710    cpu/id_exr_register/pc_stall
    SLICE_X10Y4          LUT2 (Prop_lut2_I1_O)        0.150     5.860 r  cpu/id_exr_register/instruction_reg_0_i_1/O
                         net (fo=34, routed)          0.929     6.789    cpu/instruction_memory/RDEN
    RAMB36_X0Y2          RAMB36E1                                     r  cpu/instruction_memory/instruction_reg_1/ENARDEN
  -------------------------------------------------------------------    -------------------

                         (clock clk_out3_clk_wiz_0_1 rise edge)
                                                     10.000    10.000 r  
    R4                                                0.000    10.000 r  CLK100MHZ (IN)
                         net (fo=0)                   0.000    10.000    pll_inst/inst/clk_in1
    R4                   IBUF (Prop_ibuf_I_O)         1.405    11.405 r  pll_inst/inst/clkin1_ibufg/O
                         net (fo=1, routed)           1.181    12.586    pll_inst/inst/clk_in1_clk_wiz_0
    PLLE2_ADV_X1Y2       PLLE2_ADV (Prop_plle2_adv_CLKIN1_CLKOUT2)
                                                     -8.206     4.380 r  pll_inst/inst/plle2_adv_inst/CLKOUT2
                         net (fo=1, routed)           1.718     6.098    pll_inst/inst/clk_out3_clk_wiz_0
    BUFGCTRL_X0Y2        BUFG (Prop_bufg_I_O)         0.091     6.189 r  pll_inst/inst/clkout3_buf/O
                         net (fo=2500, routed)        2.031     8.220    cpu/instruction_memory/clk_out3
    RAMB36_X0Y2          RAMB36E1                                     r  cpu/instruction_memory/instruction_reg_1/CLKARDCLK
                         clock pessimism             -0.418     7.802    
                         clock uncertainty           -0.074     7.728    
    RAMB36_X0Y2          RAMB36E1 (Setup_ramb36e1_CLKARDCLK_ENARDEN)
                                                     -0.667     7.061    cpu/instruction_memory/instruction_reg_1
  -------------------------------------------------------------------
                         required time                          7.061    
                         arrival time                          -6.789    
  -------------------------------------------------------------------
                         slack                                  0.272    

Slack (MET) :             0.505ns  (required time - arrival time)
  Source:                 cpu/trap_controller/FSM_onehot_trap_handle_state_reg[3]/C
                            (rising edge-triggered cell FDCE clocked by clk_out3_clk_wiz_0_1  {rise@0.000ns fall@5.000ns period=10.000ns})
  Destination:            cpu/if_io_register/IO_pc_plus_4_reg[5]/R
                            (rising edge-triggered cell FDRE clocked by clk_out3_clk_wiz_0_1  {rise@0.000ns fall@5.000ns period=10.000ns})
  Path Group:             clk_out3_clk_wiz_0_1
  Path Type:              Setup (Max at Slow Process Corner)
  Requirement:            10.000ns  (clk_out3_clk_wiz_0_1 rise@10.000ns - clk_out3_clk_wiz_0_1 rise@0.000ns)
  Data Path Delay:        8.779ns  (logic 2.418ns (27.543%)  route 6.361ns (72.457%))
  Logic Levels:           8  (LUT3=1 LUT4=2 LUT5=1 LUT6=4)
  Clock Path Skew:        -0.118ns (DCD - SCD + CPR)
    Destination Clock Delay (DCD):    -1.816ns = ( 8.184 - 10.000 ) 
    Source Clock Delay      (SCD):    -2.117ns
    Clock Pessimism Removal (CPR):    -0.418ns
  Clock Uncertainty:      0.074ns  ((TSJ^2 + DJ^2)^1/2) / 2 + PE
    Total System Jitter     (TSJ):    0.071ns
    Discrete Jitter          (DJ):    0.129ns
    Phase Error              (PE):    0.000ns

    Location             Delay type                Incr(ns)  Path(ns)    Netlist Resource(s)
  -------------------------------------------------------------------    -------------------
                         (clock clk_out3_clk_wiz_0_1 rise edge)
                                                      0.000     0.000 r  
    R4                                                0.000     0.000 r  CLK100MHZ (IN)
                         net (fo=0)                   0.000     0.000    pll_inst/inst/clk_in1
    R4                   IBUF (Prop_ibuf_I_O)         1.475     1.475 r  pll_inst/inst/clkin1_ibufg/O
                         net (fo=1, routed)           1.253     2.728    pll_inst/inst/clk_in1_clk_wiz_0
    PLLE2_ADV_X1Y2       PLLE2_ADV (Prop_plle2_adv_CLKIN1_CLKOUT2)
                                                     -8.953    -6.225 r  pll_inst/inst/plle2_adv_inst/CLKOUT2
                         net (fo=1, routed)           1.802    -4.422    pll_inst/inst/clk_out3_clk_wiz_0
    BUFGCTRL_X0Y2        BUFG (Prop_bufg_I_O)         0.096    -4.326 r  pll_inst/inst/clkout3_buf/O
                         net (fo=2500, routed)        2.209    -2.117    cpu/trap_controller/clk_out3
    SLICE_X6Y1           FDCE                                         r  cpu/trap_controller/FSM_onehot_trap_handle_state_reg[3]/C
  -------------------------------------------------------------------    -------------------
    SLICE_X6Y1           FDCE (Prop_fdce_C_Q)         0.518    -1.599 r  cpu/trap_controller/FSM_onehot_trap_handle_state_reg[3]/Q
                         net (fo=4, routed)           0.866    -0.733    cpu/trap_controller/FSM_onehot_trap_handle_state_reg_n_0_[3]
    SLICE_X6Y1           LUT4 (Prop_lut4_I3_O)        0.152    -0.581 r  cpu/trap_controller/MIE_i_2/O
                         net (fo=4, routed)           1.114     0.533    cpu/trap_controller/mret_executed
    SLICE_X12Y0          LUT4 (Prop_lut4_I3_O)        0.372     0.905 r  cpu/trap_controller/div_inflight_i_4/O
                         net (fo=4, routed)           0.640     1.545    cpu/ex_ex2_register/trap_done
    SLICE_X15Y4          LUT6 (Prop_lut6_I5_O)        0.328     1.873 r  cpu/ex_ex2_register/div_inflight_i_3/O
                         net (fo=22, routed)          0.726     2.599    cpu/exr_ex_register/ID_EXR_flush
    SLICE_X15Y6          LUT3 (Prop_lut3_I2_O)        0.153     2.752 f  cpu/exr_ex_register/FSM_onehot_stage[3]_i_2/O
                         net (fo=6, routed)           0.448     3.200    cpu/exr_ex_register/mul_start
    SLICE_X13Y5          LUT6 (Prop_lut6_I0_O)        0.327     3.527 f  cpu/exr_ex_register/memory_bank0_reg_0_i_23/O
                         net (fo=4, routed)           0.436     3.963    cpu/trap_controller/WB_csr_write_enable_reg
    SLICE_X13Y5          LUT5 (Prop_lut5_I4_O)        0.118     4.081 f  cpu/trap_controller/EX_pc[31]_i_4/O
                         net (fo=3, routed)           0.465     4.546    cpu/id_exr_register/EX_csr_write_enable_reg_2
    SLICE_X13Y5          LUT6 (Prop_lut6_I3_O)        0.326     4.872 r  cpu/id_exr_register/IO_pc[31]_i_5/O
                         net (fo=2, routed)           0.756     5.628    cpu/ex_ex2_register/IO_pc_plus_4_reg[0]_0
    SLICE_X9Y5           LUT6 (Prop_lut6_I4_O)        0.124     5.752 r  cpu/ex_ex2_register/IO_pc[31]_i_1/O
                         net (fo=96, routed)          0.910     6.662    cpu/if_io_register/SR[0]
    SLICE_X8Y2           FDRE                                         r  cpu/if_io_register/IO_pc_plus_4_reg[5]/R
  -------------------------------------------------------------------    -------------------

                         (clock clk_out3_clk_wiz_0_1 rise edge)
                                                     10.000    10.000 r  
    R4                                                0.000    10.000 r  CLK100MHZ (IN)
                         net (fo=0)                   0.000    10.000    pll_inst/inst/clk_in1
    R4                   IBUF (Prop_ibuf_I_O)         1.405    11.405 r  pll_inst/inst/clkin1_ibufg/O
                         net (fo=1, routed)           1.181    12.586    pll_inst/inst/clk_in1_clk_wiz_0
    PLLE2_ADV_X1Y2       PLLE2_ADV (Prop_plle2_adv_CLKIN1_CLKOUT2)
                                                     -8.206     4.380 r  pll_inst/inst/plle2_adv_inst/CLKOUT2
                         net (fo=1, routed)           1.718     6.098    pll_inst/inst/clk_out3_clk_wiz_0
    BUFGCTRL_X0Y2        BUFG (Prop_bufg_I_O)         0.091     6.189 r  pll_inst/inst/clkout3_buf/O
                         net (fo=2500, routed)        1.995     8.184    cpu/if_io_register/clk_out3
    SLICE_X8Y2           FDRE                                         r  cpu/if_io_register/IO_pc_plus_4_reg[5]/C
                         clock pessimism             -0.418     7.765    
                         clock uncertainty           -0.074     7.692    
    SLICE_X8Y2           FDRE (Setup_fdre_C_R)       -0.524     7.168    cpu/if_io_register/IO_pc_plus_4_reg[5]
  -------------------------------------------------------------------
                         required time                          7.168    
                         arrival time                          -6.662    
  -------------------------------------------------------------------
                         slack                                  0.505    

Slack (MET) :             0.505ns  (required time - arrival time)
  Source:                 cpu/trap_controller/FSM_onehot_trap_handle_state_reg[3]/C
                            (rising edge-triggered cell FDCE clocked by clk_out3_clk_wiz_0_1  {rise@0.000ns fall@5.000ns period=10.000ns})
  Destination:            cpu/if_io_register/IO_pc_plus_4_reg[6]/R
                            (rising edge-triggered cell FDRE clocked by clk_out3_clk_wiz_0_1  {rise@0.000ns fall@5.000ns period=10.000ns})
  Path Group:             clk_out3_clk_wiz_0_1
  Path Type:              Setup (Max at Slow Process Corner)
  Requirement:            10.000ns  (clk_out3_clk_wiz_0_1 rise@10.000ns - clk_out3_clk_wiz_0_1 rise@0.000ns)
  Data Path Delay:        8.779ns  (logic 2.418ns (27.543%)  route 6.361ns (72.457%))
  Logic Levels:           8  (LUT3=1 LUT4=2 LUT5=1 LUT6=4)
  Clock Path Skew:        -0.118ns (DCD - SCD + CPR)
    Destination Clock Delay (DCD):    -1.816ns = ( 8.184 - 10.000 ) 
    Source Clock Delay      (SCD):    -2.117ns
    Clock Pessimism Removal (CPR):    -0.418ns
  Clock Uncertainty:      0.074ns  ((TSJ^2 + DJ^2)^1/2) / 2 + PE
    Total System Jitter     (TSJ):    0.071ns
    Discrete Jitter          (DJ):    0.129ns
    Phase Error              (PE):    0.000ns

    Location             Delay type                Incr(ns)  Path(ns)    Netlist Resource(s)
  -------------------------------------------------------------------    -------------------
                         (clock clk_out3_clk_wiz_0_1 rise edge)
                                                      0.000     0.000 r  
    R4                                                0.000     0.000 r  CLK100MHZ (IN)
                         net (fo=0)                   0.000     0.000    pll_inst/inst/clk_in1
    R4                   IBUF (Prop_ibuf_I_O)         1.475     1.475 r  pll_inst/inst/clkin1_ibufg/O
                         net (fo=1, routed)           1.253     2.728    pll_inst/inst/clk_in1_clk_wiz_0
    PLLE2_ADV_X1Y2       PLLE2_ADV (Prop_plle2_adv_CLKIN1_CLKOUT2)
                                                     -8.953    -6.225 r  pll_inst/inst/plle2_adv_inst/CLKOUT2
                         net (fo=1, routed)           1.802    -4.422    pll_inst/inst/clk_out3_clk_wiz_0
    BUFGCTRL_X0Y2        BUFG (Prop_bufg_I_O)         0.096    -4.326 r  pll_inst/inst/clkout3_buf/O
                         net (fo=2500, routed)        2.209    -2.117    cpu/trap_controller/clk_out3
    SLICE_X6Y1           FDCE                                         r  cpu/trap_controller/FSM_onehot_trap_handle_state_reg[3]/C
  -------------------------------------------------------------------    -------------------
    SLICE_X6Y1           FDCE (Prop_fdce_C_Q)         0.518    -1.599 r  cpu/trap_controller/FSM_onehot_trap_handle_state_reg[3]/Q
                         net (fo=4, routed)           0.866    -0.733    cpu/trap_controller/FSM_onehot_trap_handle_state_reg_n_0_[3]
    SLICE_X6Y1           LUT4 (Prop_lut4_I3_O)        0.152    -0.581 r  cpu/trap_controller/MIE_i_2/O
                         net (fo=4, routed)           1.114     0.533    cpu/trap_controller/mret_executed
    SLICE_X12Y0          LUT4 (Prop_lut4_I3_O)        0.372     0.905 r  cpu/trap_controller/div_inflight_i_4/O
                         net (fo=4, routed)           0.640     1.545    cpu/ex_ex2_register/trap_done
    SLICE_X15Y4          LUT6 (Prop_lut6_I5_O)        0.328     1.873 r  cpu/ex_ex2_register/div_inflight_i_3/O
                         net (fo=22, routed)          0.726     2.599    cpu/exr_ex_register/ID_EXR_flush
    SLICE_X15Y6          LUT3 (Prop_lut3_I2_O)        0.153     2.752 f  cpu/exr_ex_register/FSM_onehot_stage[3]_i_2/O
                         net (fo=6, routed)           0.448     3.200    cpu/exr_ex_register/mul_start
    SLICE_X13Y5          LUT6 (Prop_lut6_I0_O)        0.327     3.527 f  cpu/exr_ex_register/memory_bank0_reg_0_i_23/O
                         net (fo=4, routed)           0.436     3.963    cpu/trap_controller/WB_csr_write_enable_reg
    SLICE_X13Y5          LUT5 (Prop_lut5_I4_O)        0.118     4.081 f  cpu/trap_controller/EX_pc[31]_i_4/O
                         net (fo=3, routed)           0.465     4.546    cpu/id_exr_register/EX_csr_write_enable_reg_2
    SLICE_X13Y5          LUT6 (Prop_lut6_I3_O)        0.326     4.872 r  cpu/id_exr_register/IO_pc[31]_i_5/O
                         net (fo=2, routed)           0.756     5.628    cpu/ex_ex2_register/IO_pc_plus_4_reg[0]_0
    SLICE_X9Y5           LUT6 (Prop_lut6_I4_O)        0.124     5.752 r  cpu/ex_ex2_register/IO_pc[31]_i_1/O
                         net (fo=96, routed)          0.910     6.662    cpu/if_io_register/SR[0]
    SLICE_X8Y2           FDRE                                         r  cpu/if_io_register/IO_pc_plus_4_reg[6]/R
  -------------------------------------------------------------------    -------------------

                         (clock clk_out3_clk_wiz_0_1 rise edge)
                                                     10.000    10.000 r  
    R4                                                0.000    10.000 r  CLK100MHZ (IN)
                         net (fo=0)                   0.000    10.000    pll_inst/inst/clk_in1
    R4                   IBUF (Prop_ibuf_I_O)         1.405    11.405 r  pll_inst/inst/clkin1_ibufg/O
                         net (fo=1, routed)           1.181    12.586    pll_inst/inst/clk_in1_clk_wiz_0
    PLLE2_ADV_X1Y2       PLLE2_ADV (Prop_plle2_adv_CLKIN1_CLKOUT2)
                                                     -8.206     4.380 r  pll_inst/inst/plle2_adv_inst/CLKOUT2
                         net (fo=1, routed)           1.718     6.098    pll_inst/inst/clk_out3_clk_wiz_0
    BUFGCTRL_X0Y2        BUFG (Prop_bufg_I_O)         0.091     6.189 r  pll_inst/inst/clkout3_buf/O
                         net (fo=2500, routed)        1.995     8.184    cpu/if_io_register/clk_out3
    SLICE_X8Y2           FDRE                                         r  cpu/if_io_register/IO_pc_plus_4_reg[6]/C
                         clock pessimism             -0.418     7.765    
                         clock uncertainty           -0.074     7.692    
    SLICE_X8Y2           FDRE (Setup_fdre_C_R)       -0.524     7.168    cpu/if_io_register/IO_pc_plus_4_reg[6]
  -------------------------------------------------------------------
                         required time                          7.168    
                         arrival time                          -6.662    
  -------------------------------------------------------------------
                         slack                                  0.505    

Slack (MET) :             0.505ns  (required time - arrival time)
  Source:                 cpu/trap_controller/FSM_onehot_trap_handle_state_reg[3]/C
                            (rising edge-triggered cell FDCE clocked by clk_out3_clk_wiz_0_1  {rise@0.000ns fall@5.000ns period=10.000ns})
  Destination:            cpu/if_io_register/IO_pc_plus_4_reg[7]/R
                            (rising edge-triggered cell FDRE clocked by clk_out3_clk_wiz_0_1  {rise@0.000ns fall@5.000ns period=10.000ns})
  Path Group:             clk_out3_clk_wiz_0_1
  Path Type:              Setup (Max at Slow Process Corner)
  Requirement:            10.000ns  (clk_out3_clk_wiz_0_1 rise@10.000ns - clk_out3_clk_wiz_0_1 rise@0.000ns)
  Data Path Delay:        8.779ns  (logic 2.418ns (27.543%)  route 6.361ns (72.457%))
  Logic Levels:           8  (LUT3=1 LUT4=2 LUT5=1 LUT6=4)
  Clock Path Skew:        -0.118ns (DCD - SCD + CPR)
    Destination Clock Delay (DCD):    -1.816ns = ( 8.184 - 10.000 ) 
    Source Clock Delay      (SCD):    -2.117ns
    Clock Pessimism Removal (CPR):    -0.418ns
  Clock Uncertainty:      0.074ns  ((TSJ^2 + DJ^2)^1/2) / 2 + PE
    Total System Jitter     (TSJ):    0.071ns
    Discrete Jitter          (DJ):    0.129ns
    Phase Error              (PE):    0.000ns

    Location             Delay type                Incr(ns)  Path(ns)    Netlist Resource(s)
  -------------------------------------------------------------------    -------------------
                         (clock clk_out3_clk_wiz_0_1 rise edge)
                                                      0.000     0.000 r  
    R4                                                0.000     0.000 r  CLK100MHZ (IN)
                         net (fo=0)                   0.000     0.000    pll_inst/inst/clk_in1
    R4                   IBUF (Prop_ibuf_I_O)         1.475     1.475 r  pll_inst/inst/clkin1_ibufg/O
                         net (fo=1, routed)           1.253     2.728    pll_inst/inst/clk_in1_clk_wiz_0
    PLLE2_ADV_X1Y2       PLLE2_ADV (Prop_plle2_adv_CLKIN1_CLKOUT2)
                                                     -8.953    -6.225 r  pll_inst/inst/plle2_adv_inst/CLKOUT2
                         net (fo=1, routed)           1.802    -4.422    pll_inst/inst/clk_out3_clk_wiz_0
    BUFGCTRL_X0Y2        BUFG (Prop_bufg_I_O)         0.096    -4.326 r  pll_inst/inst/clkout3_buf/O
                         net (fo=2500, routed)        2.209    -2.117    cpu/trap_controller/clk_out3
    SLICE_X6Y1           FDCE                                         r  cpu/trap_controller/FSM_onehot_trap_handle_state_reg[3]/C
  -------------------------------------------------------------------    -------------------
    SLICE_X6Y1           FDCE (Prop_fdce_C_Q)         0.518    -1.599 r  cpu/trap_controller/FSM_onehot_trap_handle_state_reg[3]/Q
                         net (fo=4, routed)           0.866    -0.733    cpu/trap_controller/FSM_onehot_trap_handle_state_reg_n_0_[3]
    SLICE_X6Y1           LUT4 (Prop_lut4_I3_O)        0.152    -0.581 r  cpu/trap_controller/MIE_i_2/O
                         net (fo=4, routed)           1.114     0.533    cpu/trap_controller/mret_executed
    SLICE_X12Y0          LUT4 (Prop_lut4_I3_O)        0.372     0.905 r  cpu/trap_controller/div_inflight_i_4/O
                         net (fo=4, routed)           0.640     1.545    cpu/ex_ex2_register/trap_done
    SLICE_X15Y4          LUT6 (Prop_lut6_I5_O)        0.328     1.873 r  cpu/ex_ex2_register/div_inflight_i_3/O
                         net (fo=22, routed)          0.726     2.599    cpu/exr_ex_register/ID_EXR_flush
    SLICE_X15Y6          LUT3 (Prop_lut3_I2_O)        0.153     2.752 f  cpu/exr_ex_register/FSM_onehot_stage[3]_i_2/O
                         net (fo=6, routed)           0.448     3.200    cpu/exr_ex_register/mul_start
    SLICE_X13Y5          LUT6 (Prop_lut6_I0_O)        0.327     3.527 f  cpu/exr_ex_register/memory_bank0_reg_0_i_23/O
                         net (fo=4, routed)           0.436     3.963    cpu/trap_controller/WB_csr_write_enable_reg
    SLICE_X13Y5          LUT5 (Prop_lut5_I4_O)        0.118     4.081 f  cpu/trap_controller/EX_pc[31]_i_4/O
                         net (fo=3, routed)           0.465     4.546    cpu/id_exr_register/EX_csr_write_enable_reg_2
    SLICE_X13Y5          LUT6 (Prop_lut6_I3_O)        0.326     4.872 r  cpu/id_exr_register/IO_pc[31]_i_5/O
                         net (fo=2, routed)           0.756     5.628    cpu/ex_ex2_register/IO_pc_plus_4_reg[0]_0
    SLICE_X9Y5           LUT6 (Prop_lut6_I4_O)        0.124     5.752 r  cpu/ex_ex2_register/IO_pc[31]_i_1/O
                         net (fo=96, routed)          0.910     6.662    cpu/if_io_register/SR[0]
    SLICE_X8Y2           FDRE                                         r  cpu/if_io_register/IO_pc_plus_4_reg[7]/R
  -------------------------------------------------------------------    -------------------

                         (clock clk_out3_clk_wiz_0_1 rise edge)
                                                     10.000    10.000 r  
    R4                                                0.000    10.000 r  CLK100MHZ (IN)
                         net (fo=0)                   0.000    10.000    pll_inst/inst/clk_in1
    R4                   IBUF (Prop_ibuf_I_O)         1.405    11.405 r  pll_inst/inst/clkin1_ibufg/O
                         net (fo=1, routed)           1.181    12.586    pll_inst/inst/clk_in1_clk_wiz_0
    PLLE2_ADV_X1Y2       PLLE2_ADV (Prop_plle2_adv_CLKIN1_CLKOUT2)
                                                     -8.206     4.380 r  pll_inst/inst/plle2_adv_inst/CLKOUT2
                         net (fo=1, routed)           1.718     6.098    pll_inst/inst/clk_out3_clk_wiz_0
    BUFGCTRL_X0Y2        BUFG (Prop_bufg_I_O)         0.091     6.189 r  pll_inst/inst/clkout3_buf/O
                         net (fo=2500, routed)        1.995     8.184    cpu/if_io_register/clk_out3
    SLICE_X8Y2           FDRE                                         r  cpu/if_io_register/IO_pc_plus_4_reg[7]/C
                         clock pessimism             -0.418     7.765    
                         clock uncertainty           -0.074     7.692    
    SLICE_X8Y2           FDRE (Setup_fdre_C_R)       -0.524     7.168    cpu/if_io_register/IO_pc_plus_4_reg[7]
  -------------------------------------------------------------------
                         required time                          7.168    
                         arrival time                          -6.662    
  -------------------------------------------------------------------
                         slack                                  0.505    

Slack (MET) :             0.505ns  (required time - arrival time)
  Source:                 cpu/trap_controller/FSM_onehot_trap_handle_state_reg[3]/C
                            (rising edge-triggered cell FDCE clocked by clk_out3_clk_wiz_0_1  {rise@0.000ns fall@5.000ns period=10.000ns})
  Destination:            cpu/if_io_register/IO_pc_plus_4_reg[8]/R
                            (rising edge-triggered cell FDRE clocked by clk_out3_clk_wiz_0_1  {rise@0.000ns fall@5.000ns period=10.000ns})
  Path Group:             clk_out3_clk_wiz_0_1
  Path Type:              Setup (Max at Slow Process Corner)
  Requirement:            10.000ns  (clk_out3_clk_wiz_0_1 rise@10.000ns - clk_out3_clk_wiz_0_1 rise@0.000ns)
  Data Path Delay:        8.779ns  (logic 2.418ns (27.543%)  route 6.361ns (72.457%))
  Logic Levels:           8  (LUT3=1 LUT4=2 LUT5=1 LUT6=4)
  Clock Path Skew:        -0.118ns (DCD - SCD + CPR)
    Destination Clock Delay (DCD):    -1.816ns = ( 8.184 - 10.000 ) 
    Source Clock Delay      (SCD):    -2.117ns
    Clock Pessimism Removal (CPR):    -0.418ns
  Clock Uncertainty:      0.074ns  ((TSJ^2 + DJ^2)^1/2) / 2 + PE
    Total System Jitter     (TSJ):    0.071ns
    Discrete Jitter          (DJ):    0.129ns
    Phase Error              (PE):    0.000ns

    Location             Delay type                Incr(ns)  Path(ns)    Netlist Resource(s)
  -------------------------------------------------------------------    -------------------
                         (clock clk_out3_clk_wiz_0_1 rise edge)
                                                      0.000     0.000 r  
    R4                                                0.000     0.000 r  CLK100MHZ (IN)
                         net (fo=0)                   0.000     0.000    pll_inst/inst/clk_in1
    R4                   IBUF (Prop_ibuf_I_O)         1.475     1.475 r  pll_inst/inst/clkin1_ibufg/O
                         net (fo=1, routed)           1.253     2.728    pll_inst/inst/clk_in1_clk_wiz_0
    PLLE2_ADV_X1Y2       PLLE2_ADV (Prop_plle2_adv_CLKIN1_CLKOUT2)
                                                     -8.953    -6.225 r  pll_inst/inst/plle2_adv_inst/CLKOUT2
                         net (fo=1, routed)           1.802    -4.422    pll_inst/inst/clk_out3_clk_wiz_0
    BUFGCTRL_X0Y2        BUFG (Prop_bufg_I_O)         0.096    -4.326 r  pll_inst/inst/clkout3_buf/O
                         net (fo=2500, routed)        2.209    -2.117    cpu/trap_controller/clk_out3
    SLICE_X6Y1           FDCE                                         r  cpu/trap_controller/FSM_onehot_trap_handle_state_reg[3]/C
  -------------------------------------------------------------------    -------------------
    SLICE_X6Y1           FDCE (Prop_fdce_C_Q)         0.518    -1.599 r  cpu/trap_controller/FSM_onehot_trap_handle_state_reg[3]/Q
                         net (fo=4, routed)           0.866    -0.733    cpu/trap_controller/FSM_onehot_trap_handle_state_reg_n_0_[3]
    SLICE_X6Y1           LUT4 (Prop_lut4_I3_O)        0.152    -0.581 r  cpu/trap_controller/MIE_i_2/O
                         net (fo=4, routed)           1.114     0.533    cpu/trap_controller/mret_executed
    SLICE_X12Y0          LUT4 (Prop_lut4_I3_O)        0.372     0.905 r  cpu/trap_controller/div_inflight_i_4/O
                         net (fo=4, routed)           0.640     1.545    cpu/ex_ex2_register/trap_done
    SLICE_X15Y4          LUT6 (Prop_lut6_I5_O)        0.328     1.873 r  cpu/ex_ex2_register/div_inflight_i_3/O
                         net (fo=22, routed)          0.726     2.599    cpu/exr_ex_register/ID_EXR_flush
    SLICE_X15Y6          LUT3 (Prop_lut3_I2_O)        0.153     2.752 f  cpu/exr_ex_register/FSM_onehot_stage[3]_i_2/O
                         net (fo=6, routed)           0.448     3.200    cpu/exr_ex_register/mul_start
    SLICE_X13Y5          LUT6 (Prop_lut6_I0_O)        0.327     3.527 f  cpu/exr_ex_register/memory_bank0_reg_0_i_23/O
                         net (fo=4, routed)           0.436     3.963    cpu/trap_controller/WB_csr_write_enable_reg
    SLICE_X13Y5          LUT5 (Prop_lut5_I4_O)        0.118     4.081 f  cpu/trap_controller/EX_pc[31]_i_4/O
                         net (fo=3, routed)           0.465     4.546    cpu/id_exr_register/EX_csr_write_enable_reg_2
    SLICE_X13Y5          LUT6 (Prop_lut6_I3_O)        0.326     4.872 r  cpu/id_exr_register/IO_pc[31]_i_5/O
                         net (fo=2, routed)           0.756     5.628    cpu/ex_ex2_register/IO_pc_plus_4_reg[0]_0
    SLICE_X9Y5           LUT6 (Prop_lut6_I4_O)        0.124     5.752 r  cpu/ex_ex2_register/IO_pc[31]_i_1/O
                         net (fo=96, routed)          0.910     6.662    cpu/if_io_register/SR[0]
    SLICE_X8Y2           FDRE                                         r  cpu/if_io_register/IO_pc_plus_4_reg[8]/R
  -------------------------------------------------------------------    -------------------

                         (clock clk_out3_clk_wiz_0_1 rise edge)
                                                     10.000    10.000 r  
    R4                                                0.000    10.000 r  CLK100MHZ (IN)
                         net (fo=0)                   0.000    10.000    pll_inst/inst/clk_in1
    R4                   IBUF (Prop_ibuf_I_O)         1.405    11.405 r  pll_inst/inst/clkin1_ibufg/O
                         net (fo=1, routed)           1.181    12.586    pll_inst/inst/clk_in1_clk_wiz_0
    PLLE2_ADV_X1Y2       PLLE2_ADV (Prop_plle2_adv_CLKIN1_CLKOUT2)
                                                     -8.206     4.380 r  pll_inst/inst/plle2_adv_inst/CLKOUT2
                         net (fo=1, routed)           1.718     6.098    pll_inst/inst/clk_out3_clk_wiz_0
    BUFGCTRL_X0Y2        BUFG (Prop_bufg_I_O)         0.091     6.189 r  pll_inst/inst/clkout3_buf/O
                         net (fo=2500, routed)        1.995     8.184    cpu/if_io_register/clk_out3
    SLICE_X8Y2           FDRE                                         r  cpu/if_io_register/IO_pc_plus_4_reg[8]/C
                         clock pessimism             -0.418     7.765    
                         clock uncertainty           -0.074     7.692    
    SLICE_X8Y2           FDRE (Setup_fdre_C_R)       -0.524     7.168    cpu/if_io_register/IO_pc_plus_4_reg[8]
  -------------------------------------------------------------------
                         required time                          7.168    
                         arrival time                          -6.662    
  -------------------------------------------------------------------
                         slack                                  0.505    

Slack (MET) :             0.530ns  (required time - arrival time)
  Source:                 cpu/trap_controller/FSM_onehot_trap_handle_state_reg[3]/C
                            (rising edge-triggered cell FDCE clocked by clk_out3_clk_wiz_0_1  {rise@0.000ns fall@5.000ns period=10.000ns})
  Destination:            cpu/if_io_register/IO_instruction_reg[18]/CE
                            (rising edge-triggered cell FDRE clocked by clk_out3_clk_wiz_0_1  {rise@0.000ns fall@5.000ns period=10.000ns})
  Path Group:             clk_out3_clk_wiz_0_1
  Path Type:              Setup (Max at Slow Process Corner)
  Requirement:            10.000ns  (clk_out3_clk_wiz_0_1 rise@10.000ns - clk_out3_clk_wiz_0_1 rise@0.000ns)
  Data Path Delay:        8.864ns  (logic 2.444ns (27.571%)  route 6.420ns (72.429%))
  Logic Levels:           8  (LUT3=2 LUT4=2 LUT5=1 LUT6=3)
  Clock Path Skew:        -0.119ns (DCD - SCD + CPR)
    Destination Clock Delay (DCD):    -1.817ns = ( 8.183 - 10.000 ) 
    Source Clock Delay      (SCD):    -2.117ns
    Clock Pessimism Removal (CPR):    -0.418ns
  Clock Uncertainty:      0.074ns  ((TSJ^2 + DJ^2)^1/2) / 2 + PE
    Total System Jitter     (TSJ):    0.071ns
    Discrete Jitter          (DJ):    0.129ns
    Phase Error              (PE):    0.000ns

    Location             Delay type                Incr(ns)  Path(ns)    Netlist Resource(s)
  -------------------------------------------------------------------    -------------------
                         (clock clk_out3_clk_wiz_0_1 rise edge)
                                                      0.000     0.000 r  
    R4                                                0.000     0.000 r  CLK100MHZ (IN)
                         net (fo=0)                   0.000     0.000    pll_inst/inst/clk_in1
    R4                   IBUF (Prop_ibuf_I_O)         1.475     1.475 r  pll_inst/inst/clkin1_ibufg/O
                         net (fo=1, routed)           1.253     2.728    pll_inst/inst/clk_in1_clk_wiz_0
    PLLE2_ADV_X1Y2       PLLE2_ADV (Prop_plle2_adv_CLKIN1_CLKOUT2)
                                                     -8.953    -6.225 r  pll_inst/inst/plle2_adv_inst/CLKOUT2
                         net (fo=1, routed)           1.802    -4.422    pll_inst/inst/clk_out3_clk_wiz_0
    BUFGCTRL_X0Y2        BUFG (Prop_bufg_I_O)         0.096    -4.326 r  pll_inst/inst/clkout3_buf/O
                         net (fo=2500, routed)        2.209    -2.117    cpu/trap_controller/clk_out3
    SLICE_X6Y1           FDCE                                         r  cpu/trap_controller/FSM_onehot_trap_handle_state_reg[3]/C
  -------------------------------------------------------------------    -------------------
    SLICE_X6Y1           FDCE (Prop_fdce_C_Q)         0.518    -1.599 r  cpu/trap_controller/FSM_onehot_trap_handle_state_reg[3]/Q
                         net (fo=4, routed)           0.866    -0.733    cpu/trap_controller/FSM_onehot_trap_handle_state_reg_n_0_[3]
    SLICE_X6Y1           LUT4 (Prop_lut4_I3_O)        0.152    -0.581 r  cpu/trap_controller/MIE_i_2/O
                         net (fo=4, routed)           1.114     0.533    cpu/trap_controller/mret_executed
    SLICE_X12Y0          LUT4 (Prop_lut4_I3_O)        0.372     0.905 r  cpu/trap_controller/div_inflight_i_4/O
                         net (fo=4, routed)           0.640     1.545    cpu/ex_ex2_register/trap_done
    SLICE_X15Y4          LUT6 (Prop_lut6_I5_O)        0.328     1.873 r  cpu/ex_ex2_register/div_inflight_i_3/O
                         net (fo=22, routed)          0.726     2.599    cpu/exr_ex_register/ID_EXR_flush
    SLICE_X15Y6          LUT3 (Prop_lut3_I2_O)        0.153     2.752 f  cpu/exr_ex_register/FSM_onehot_stage[3]_i_2/O
                         net (fo=6, routed)           0.448     3.200    cpu/exr_ex_register/mul_start
    SLICE_X13Y5          LUT6 (Prop_lut6_I0_O)        0.327     3.527 f  cpu/exr_ex_register/memory_bank0_reg_0_i_23/O
                         net (fo=4, routed)           0.436     3.963    cpu/trap_controller/WB_csr_write_enable_reg
    SLICE_X13Y5          LUT5 (Prop_lut5_I4_O)        0.118     4.081 f  cpu/trap_controller/EX_pc[31]_i_4/O
                         net (fo=3, routed)           0.396     4.476    cpu/id_exr_register/EX_csr_write_enable_reg_2
    SLICE_X12Y5          LUT6 (Prop_lut6_I3_O)        0.326     4.802 r  cpu/id_exr_register/EX_pc[31]_i_2/O
                         net (fo=354, routed)         0.931     5.733    cpu/if_io_register/E[0]
    SLICE_X11Y5          LUT3 (Prop_lut3_I2_O)        0.150     5.883 r  cpu/if_io_register/IO_pc[31]_i_2/O
                         net (fo=96, routed)          0.865     6.747    cpu/if_io_register/IO_pc[31]_i_2_n_0
    SLICE_X9Y5           FDRE                                         r  cpu/if_io_register/IO_instruction_reg[18]/CE
  -------------------------------------------------------------------    -------------------

                         (clock clk_out3_clk_wiz_0_1 rise edge)
                                                     10.000    10.000 r  
    R4                                                0.000    10.000 r  CLK100MHZ (IN)
                         net (fo=0)                   0.000    10.000    pll_inst/inst/clk_in1
    R4                   IBUF (Prop_ibuf_I_O)         1.405    11.405 r  pll_inst/inst/clkin1_ibufg/O
                         net (fo=1, routed)           1.181    12.586    pll_inst/inst/clk_in1_clk_wiz_0
    PLLE2_ADV_X1Y2       PLLE2_ADV (Prop_plle2_adv_CLKIN1_CLKOUT2)
                                                     -8.206     4.380 r  pll_inst/inst/plle2_adv_inst/CLKOUT2
                         net (fo=1, routed)           1.718     6.098    pll_inst/inst/clk_out3_clk_wiz_0
    BUFGCTRL_X0Y2        BUFG (Prop_bufg_I_O)         0.091     6.189 r  pll_inst/inst/clkout3_buf/O
                         net (fo=2500, routed)        1.994     8.183    cpu/if_io_register/clk_out3
    SLICE_X9Y5           FDRE                                         r  cpu/if_io_register/IO_instruction_reg[18]/C
                         clock pessimism             -0.418     7.764    
                         clock uncertainty           -0.074     7.691    
    SLICE_X9Y5           FDRE (Setup_fdre_C_CE)      -0.413     7.278    cpu/if_io_register/IO_instruction_reg[18]
  -------------------------------------------------------------------
                         required time                          7.278    
                         arrival time                          -6.747    
  -------------------------------------------------------------------
                         slack                                  0.530    

Slack (MET) :             0.530ns  (required time - arrival time)
  Source:                 cpu/trap_controller/FSM_onehot_trap_handle_state_reg[3]/C
                            (rising edge-triggered cell FDCE clocked by clk_out3_clk_wiz_0_1  {rise@0.000ns fall@5.000ns period=10.000ns})
  Destination:            cpu/if_io_register/IO_instruction_reg[22]/CE
                            (rising edge-triggered cell FDRE clocked by clk_out3_clk_wiz_0_1  {rise@0.000ns fall@5.000ns period=10.000ns})
  Path Group:             clk_out3_clk_wiz_0_1
  Path Type:              Setup (Max at Slow Process Corner)
  Requirement:            10.000ns  (clk_out3_clk_wiz_0_1 rise@10.000ns - clk_out3_clk_wiz_0_1 rise@0.000ns)
  Data Path Delay:        8.864ns  (logic 2.444ns (27.571%)  route 6.420ns (72.429%))
  Logic Levels:           8  (LUT3=2 LUT4=2 LUT5=1 LUT6=3)
  Clock Path Skew:        -0.119ns (DCD - SCD + CPR)
    Destination Clock Delay (DCD):    -1.817ns = ( 8.183 - 10.000 ) 
    Source Clock Delay      (SCD):    -2.117ns
    Clock Pessimism Removal (CPR):    -0.418ns
  Clock Uncertainty:      0.074ns  ((TSJ^2 + DJ^2)^1/2) / 2 + PE
    Total System Jitter     (TSJ):    0.071ns
    Discrete Jitter          (DJ):    0.129ns
    Phase Error              (PE):    0.000ns

    Location             Delay type                Incr(ns)  Path(ns)    Netlist Resource(s)
  -------------------------------------------------------------------    -------------------
                         (clock clk_out3_clk_wiz_0_1 rise edge)
                                                      0.000     0.000 r  
    R4                                                0.000     0.000 r  CLK100MHZ (IN)
                         net (fo=0)                   0.000     0.000    pll_inst/inst/clk_in1
    R4                   IBUF (Prop_ibuf_I_O)         1.475     1.475 r  pll_inst/inst/clkin1_ibufg/O
                         net (fo=1, routed)           1.253     2.728    pll_inst/inst/clk_in1_clk_wiz_0
    PLLE2_ADV_X1Y2       PLLE2_ADV (Prop_plle2_adv_CLKIN1_CLKOUT2)
                                                     -8.953    -6.225 r  pll_inst/inst/plle2_adv_inst/CLKOUT2
                         net (fo=1, routed)           1.802    -4.422    pll_inst/inst/clk_out3_clk_wiz_0
    BUFGCTRL_X0Y2        BUFG (Prop_bufg_I_O)         0.096    -4.326 r  pll_inst/inst/clkout3_buf/O
                         net (fo=2500, routed)        2.209    -2.117    cpu/trap_controller/clk_out3
    SLICE_X6Y1           FDCE                                         r  cpu/trap_controller/FSM_onehot_trap_handle_state_reg[3]/C
  -------------------------------------------------------------------    -------------------
    SLICE_X6Y1           FDCE (Prop_fdce_C_Q)         0.518    -1.599 r  cpu/trap_controller/FSM_onehot_trap_handle_state_reg[3]/Q
                         net (fo=4, routed)           0.866    -0.733    cpu/trap_controller/FSM_onehot_trap_handle_state_reg_n_0_[3]
    SLICE_X6Y1           LUT4 (Prop_lut4_I3_O)        0.152    -0.581 r  cpu/trap_controller/MIE_i_2/O
                         net (fo=4, routed)           1.114     0.533    cpu/trap_controller/mret_executed
    SLICE_X12Y0          LUT4 (Prop_lut4_I3_O)        0.372     0.905 r  cpu/trap_controller/div_inflight_i_4/O
                         net (fo=4, routed)           0.640     1.545    cpu/ex_ex2_register/trap_done
    SLICE_X15Y4          LUT6 (Prop_lut6_I5_O)        0.328     1.873 r  cpu/ex_ex2_register/div_inflight_i_3/O
                         net (fo=22, routed)          0.726     2.599    cpu/exr_ex_register/ID_EXR_flush
    SLICE_X15Y6          LUT3 (Prop_lut3_I2_O)        0.153     2.752 f  cpu/exr_ex_register/FSM_onehot_stage[3]_i_2/O
                         net (fo=6, routed)           0.448     3.200    cpu/exr_ex_register/mul_start
    SLICE_X13Y5          LUT6 (Prop_lut6_I0_O)        0.327     3.527 f  cpu/exr_ex_register/memory_bank0_reg_0_i_23/O
                         net (fo=4, routed)           0.436     3.963    cpu/trap_controller/WB_csr_write_enable_reg
    SLICE_X13Y5          LUT5 (Prop_lut5_I4_O)        0.118     4.081 f  cpu/trap_controller/EX_pc[31]_i_4/O
                         net (fo=3, routed)           0.396     4.476    cpu/id_exr_register/EX_csr_write_enable_reg_2
    SLICE_X12Y5          LUT6 (Prop_lut6_I3_O)        0.326     4.802 r  cpu/id_exr_register/EX_pc[31]_i_2/O
                         net (fo=354, routed)         0.931     5.733    cpu/if_io_register/E[0]
    SLICE_X11Y5          LUT3 (Prop_lut3_I2_O)        0.150     5.883 r  cpu/if_io_register/IO_pc[31]_i_2/O
                         net (fo=96, routed)          0.865     6.747    cpu/if_io_register/IO_pc[31]_i_2_n_0
    SLICE_X9Y5           FDRE                                         r  cpu/if_io_register/IO_instruction_reg[22]/CE
  -------------------------------------------------------------------    -------------------

                         (clock clk_out3_clk_wiz_0_1 rise edge)
                                                     10.000    10.000 r  
    R4                                                0.000    10.000 r  CLK100MHZ (IN)
                         net (fo=0)                   0.000    10.000    pll_inst/inst/clk_in1
    R4                   IBUF (Prop_ibuf_I_O)         1.405    11.405 r  pll_inst/inst/clkin1_ibufg/O
                         net (fo=1, routed)           1.181    12.586    pll_inst/inst/clk_in1_clk_wiz_0
    PLLE2_ADV_X1Y2       PLLE2_ADV (Prop_plle2_adv_CLKIN1_CLKOUT2)
                                                     -8.206     4.380 r  pll_inst/inst/plle2_adv_inst/CLKOUT2
                         net (fo=1, routed)           1.718     6.098    pll_inst/inst/clk_out3_clk_wiz_0
    BUFGCTRL_X0Y2        BUFG (Prop_bufg_I_O)         0.091     6.189 r  pll_inst/inst/clkout3_buf/O
                         net (fo=2500, routed)        1.994     8.183    cpu/if_io_register/clk_out3
    SLICE_X9Y5           FDRE                                         r  cpu/if_io_register/IO_instruction_reg[22]/C
                         clock pessimism             -0.418     7.764    
                         clock uncertainty           -0.074     7.691    
    SLICE_X9Y5           FDRE (Setup_fdre_C_CE)      -0.413     7.278    cpu/if_io_register/IO_instruction_reg[22]
  -------------------------------------------------------------------
                         required time                          7.278    
                         arrival time                          -6.747    
  -------------------------------------------------------------------
                         slack                                  0.530    

Slack (MET) :             0.530ns  (required time - arrival time)
  Source:                 cpu/trap_controller/FSM_onehot_trap_handle_state_reg[3]/C
                            (rising edge-triggered cell FDCE clocked by clk_out3_clk_wiz_0_1  {rise@0.000ns fall@5.000ns period=10.000ns})
  Destination:            cpu/if_io_register/IO_instruction_reg[9]/CE
                            (rising edge-triggered cell FDRE clocked by clk_out3_clk_wiz_0_1  {rise@0.000ns fall@5.000ns period=10.000ns})
  Path Group:             clk_out3_clk_wiz_0_1
  Path Type:              Setup (Max at Slow Process Corner)
  Requirement:            10.000ns  (clk_out3_clk_wiz_0_1 rise@10.000ns - clk_out3_clk_wiz_0_1 rise@0.000ns)
  Data Path Delay:        8.864ns  (logic 2.444ns (27.571%)  route 6.420ns (72.429%))
  Logic Levels:           8  (LUT3=2 LUT4=2 LUT5=1 LUT6=3)
  Clock Path Skew:        -0.119ns (DCD - SCD + CPR)
    Destination Clock Delay (DCD):    -1.817ns = ( 8.183 - 10.000 ) 
    Source Clock Delay      (SCD):    -2.117ns
    Clock Pessimism Removal (CPR):    -0.418ns
  Clock Uncertainty:      0.074ns  ((TSJ^2 + DJ^2)^1/2) / 2 + PE
    Total System Jitter     (TSJ):    0.071ns
    Discrete Jitter          (DJ):    0.129ns
    Phase Error              (PE):    0.000ns

    Location             Delay type                Incr(ns)  Path(ns)    Netlist Resource(s)
  -------------------------------------------------------------------    -------------------
                         (clock clk_out3_clk_wiz_0_1 rise edge)
                                                      0.000     0.000 r  
    R4                                                0.000     0.000 r  CLK100MHZ (IN)
                         net (fo=0)                   0.000     0.000    pll_inst/inst/clk_in1
    R4                   IBUF (Prop_ibuf_I_O)         1.475     1.475 r  pll_inst/inst/clkin1_ibufg/O
                         net (fo=1, routed)           1.253     2.728    pll_inst/inst/clk_in1_clk_wiz_0
    PLLE2_ADV_X1Y2       PLLE2_ADV (Prop_plle2_adv_CLKIN1_CLKOUT2)
                                                     -8.953    -6.225 r  pll_inst/inst/plle2_adv_inst/CLKOUT2
                         net (fo=1, routed)           1.802    -4.422    pll_inst/inst/clk_out3_clk_wiz_0
    BUFGCTRL_X0Y2        BUFG (Prop_bufg_I_O)         0.096    -4.326 r  pll_inst/inst/clkout3_buf/O
                         net (fo=2500, routed)        2.209    -2.117    cpu/trap_controller/clk_out3
    SLICE_X6Y1           FDCE                                         r  cpu/trap_controller/FSM_onehot_trap_handle_state_reg[3]/C
  -------------------------------------------------------------------    -------------------
    SLICE_X6Y1           FDCE (Prop_fdce_C_Q)         0.518    -1.599 r  cpu/trap_controller/FSM_onehot_trap_handle_state_reg[3]/Q
                         net (fo=4, routed)           0.866    -0.733    cpu/trap_controller/FSM_onehot_trap_handle_state_reg_n_0_[3]
    SLICE_X6Y1           LUT4 (Prop_lut4_I3_O)        0.152    -0.581 r  cpu/trap_controller/MIE_i_2/O
                         net (fo=4, routed)           1.114     0.533    cpu/trap_controller/mret_executed
    SLICE_X12Y0          LUT4 (Prop_lut4_I3_O)        0.372     0.905 r  cpu/trap_controller/div_inflight_i_4/O
                         net (fo=4, routed)           0.640     1.545    cpu/ex_ex2_register/trap_done
    SLICE_X15Y4          LUT6 (Prop_lut6_I5_O)        0.328     1.873 r  cpu/ex_ex2_register/div_inflight_i_3/O
                         net (fo=22, routed)          0.726     2.599    cpu/exr_ex_register/ID_EXR_flush
    SLICE_X15Y6          LUT3 (Prop_lut3_I2_O)        0.153     2.752 f  cpu/exr_ex_register/FSM_onehot_stage[3]_i_2/O
                         net (fo=6, routed)           0.448     3.200    cpu/exr_ex_register/mul_start
    SLICE_X13Y5          LUT6 (Prop_lut6_I0_O)        0.327     3.527 f  cpu/exr_ex_register/memory_bank0_reg_0_i_23/O
                         net (fo=4, routed)           0.436     3.963    cpu/trap_controller/WB_csr_write_enable_reg
    SLICE_X13Y5          LUT5 (Prop_lut5_I4_O)        0.118     4.081 f  cpu/trap_controller/EX_pc[31]_i_4/O
                         net (fo=3, routed)           0.396     4.476    cpu/id_exr_register/EX_csr_write_enable_reg_2
    SLICE_X12Y5          LUT6 (Prop_lut6_I3_O)        0.326     4.802 r  cpu/id_exr_register/EX_pc[31]_i_2/O
                         net (fo=354, routed)         0.931     5.733    cpu/if_io_register/E[0]
    SLICE_X11Y5          LUT3 (Prop_lut3_I2_O)        0.150     5.883 r  cpu/if_io_register/IO_pc[31]_i_2/O
                         net (fo=96, routed)          0.865     6.747    cpu/if_io_register/IO_pc[31]_i_2_n_0
    SLICE_X9Y5           FDRE                                         r  cpu/if_io_register/IO_instruction_reg[9]/CE
  -------------------------------------------------------------------    -------------------

                         (clock clk_out3_clk_wiz_0_1 rise edge)
                                                     10.000    10.000 r  
    R4                                                0.000    10.000 r  CLK100MHZ (IN)
                         net (fo=0)                   0.000    10.000    pll_inst/inst/clk_in1
    R4                   IBUF (Prop_ibuf_I_O)         1.405    11.405 r  pll_inst/inst/clkin1_ibufg/O
                         net (fo=1, routed)           1.181    12.586    pll_inst/inst/clk_in1_clk_wiz_0
    PLLE2_ADV_X1Y2       PLLE2_ADV (Prop_plle2_adv_CLKIN1_CLKOUT2)
                                                     -8.206     4.380 r  pll_inst/inst/plle2_adv_inst/CLKOUT2
                         net (fo=1, routed)           1.718     6.098    pll_inst/inst/clk_out3_clk_wiz_0
    BUFGCTRL_X0Y2        BUFG (Prop_bufg_I_O)         0.091     6.189 r  pll_inst/inst/clkout3_buf/O
                         net (fo=2500, routed)        1.994     8.183    cpu/if_io_register/clk_out3
    SLICE_X9Y5           FDRE                                         r  cpu/if_io_register/IO_instruction_reg[9]/C
                         clock pessimism             -0.418     7.764    
                         clock uncertainty           -0.074     7.691    
    SLICE_X9Y5           FDRE (Setup_fdre_C_CE)      -0.413     7.278    cpu/if_io_register/IO_instruction_reg[9]
  -------------------------------------------------------------------
                         required time                          7.278    
                         arrival time                          -6.747    
  -------------------------------------------------------------------
                         slack                                  0.530    

Slack (MET) :             0.530ns  (required time - arrival time)
  Source:                 cpu/trap_controller/FSM_onehot_trap_handle_state_reg[3]/C
                            (rising edge-triggered cell FDCE clocked by clk_out3_clk_wiz_0_1  {rise@0.000ns fall@5.000ns period=10.000ns})
  Destination:            cpu/if_io_register/IO_pc_reg[10]/CE
                            (rising edge-triggered cell FDRE clocked by clk_out3_clk_wiz_0_1  {rise@0.000ns fall@5.000ns period=10.000ns})
  Path Group:             clk_out3_clk_wiz_0_1
  Path Type:              Setup (Max at Slow Process Corner)
  Requirement:            10.000ns  (clk_out3_clk_wiz_0_1 rise@10.000ns - clk_out3_clk_wiz_0_1 rise@0.000ns)
  Data Path Delay:        8.864ns  (logic 2.444ns (27.571%)  route 6.420ns (72.429%))
  Logic Levels:           8  (LUT3=2 LUT4=2 LUT5=1 LUT6=3)
  Clock Path Skew:        -0.119ns (DCD - SCD + CPR)
    Destination Clock Delay (DCD):    -1.817ns = ( 8.183 - 10.000 ) 
    Source Clock Delay      (SCD):    -2.117ns
    Clock Pessimism Removal (CPR):    -0.418ns
  Clock Uncertainty:      0.074ns  ((TSJ^2 + DJ^2)^1/2) / 2 + PE
    Total System Jitter     (TSJ):    0.071ns
    Discrete Jitter          (DJ):    0.129ns
    Phase Error              (PE):    0.000ns

    Location             Delay type                Incr(ns)  Path(ns)    Netlist Resource(s)
  -------------------------------------------------------------------    -------------------
                         (clock clk_out3_clk_wiz_0_1 rise edge)
                                                      0.000     0.000 r  
    R4                                                0.000     0.000 r  CLK100MHZ (IN)
                         net (fo=0)                   0.000     0.000    pll_inst/inst/clk_in1
    R4                   IBUF (Prop_ibuf_I_O)         1.475     1.475 r  pll_inst/inst/clkin1_ibufg/O
                         net (fo=1, routed)           1.253     2.728    pll_inst/inst/clk_in1_clk_wiz_0
    PLLE2_ADV_X1Y2       PLLE2_ADV (Prop_plle2_adv_CLKIN1_CLKOUT2)
                                                     -8.953    -6.225 r  pll_inst/inst/plle2_adv_inst/CLKOUT2
                         net (fo=1, routed)           1.802    -4.422    pll_inst/inst/clk_out3_clk_wiz_0
    BUFGCTRL_X0Y2        BUFG (Prop_bufg_I_O)         0.096    -4.326 r  pll_inst/inst/clkout3_buf/O
                         net (fo=2500, routed)        2.209    -2.117    cpu/trap_controller/clk_out3
    SLICE_X6Y1           FDCE                                         r  cpu/trap_controller/FSM_onehot_trap_handle_state_reg[3]/C
  -------------------------------------------------------------------    -------------------
    SLICE_X6Y1           FDCE (Prop_fdce_C_Q)         0.518    -1.599 r  cpu/trap_controller/FSM_onehot_trap_handle_state_reg[3]/Q
                         net (fo=4, routed)           0.866    -0.733    cpu/trap_controller/FSM_onehot_trap_handle_state_reg_n_0_[3]
    SLICE_X6Y1           LUT4 (Prop_lut4_I3_O)        0.152    -0.581 r  cpu/trap_controller/MIE_i_2/O
                         net (fo=4, routed)           1.114     0.533    cpu/trap_controller/mret_executed
    SLICE_X12Y0          LUT4 (Prop_lut4_I3_O)        0.372     0.905 r  cpu/trap_controller/div_inflight_i_4/O
                         net (fo=4, routed)           0.640     1.545    cpu/ex_ex2_register/trap_done
    SLICE_X15Y4          LUT6 (Prop_lut6_I5_O)        0.328     1.873 r  cpu/ex_ex2_register/div_inflight_i_3/O
                         net (fo=22, routed)          0.726     2.599    cpu/exr_ex_register/ID_EXR_flush
    SLICE_X15Y6          LUT3 (Prop_lut3_I2_O)        0.153     2.752 f  cpu/exr_ex_register/FSM_onehot_stage[3]_i_2/O
                         net (fo=6, routed)           0.448     3.200    cpu/exr_ex_register/mul_start
    SLICE_X13Y5          LUT6 (Prop_lut6_I0_O)        0.327     3.527 f  cpu/exr_ex_register/memory_bank0_reg_0_i_23/O
                         net (fo=4, routed)           0.436     3.963    cpu/trap_controller/WB_csr_write_enable_reg
    SLICE_X13Y5          LUT5 (Prop_lut5_I4_O)        0.118     4.081 f  cpu/trap_controller/EX_pc[31]_i_4/O
                         net (fo=3, routed)           0.396     4.476    cpu/id_exr_register/EX_csr_write_enable_reg_2
    SLICE_X12Y5          LUT6 (Prop_lut6_I3_O)        0.326     4.802 r  cpu/id_exr_register/EX_pc[31]_i_2/O
                         net (fo=354, routed)         0.931     5.733    cpu/if_io_register/E[0]
    SLICE_X11Y5          LUT3 (Prop_lut3_I2_O)        0.150     5.883 r  cpu/if_io_register/IO_pc[31]_i_2/O
                         net (fo=96, routed)          0.865     6.747    cpu/if_io_register/IO_pc[31]_i_2_n_0
    SLICE_X9Y5           FDRE                                         r  cpu/if_io_register/IO_pc_reg[10]/CE
  -------------------------------------------------------------------    -------------------

                         (clock clk_out3_clk_wiz_0_1 rise edge)
                                                     10.000    10.000 r  
    R4                                                0.000    10.000 r  CLK100MHZ (IN)
                         net (fo=0)                   0.000    10.000    pll_inst/inst/clk_in1
    R4                   IBUF (Prop_ibuf_I_O)         1.405    11.405 r  pll_inst/inst/clkin1_ibufg/O
                         net (fo=1, routed)           1.181    12.586    pll_inst/inst/clk_in1_clk_wiz_0
    PLLE2_ADV_X1Y2       PLLE2_ADV (Prop_plle2_adv_CLKIN1_CLKOUT2)
                                                     -8.206     4.380 r  pll_inst/inst/plle2_adv_inst/CLKOUT2
                         net (fo=1, routed)           1.718     6.098    pll_inst/inst/clk_out3_clk_wiz_0
    BUFGCTRL_X0Y2        BUFG (Prop_bufg_I_O)         0.091     6.189 r  pll_inst/inst/clkout3_buf/O
                         net (fo=2500, routed)        1.994     8.183    cpu/if_io_register/clk_out3
    SLICE_X9Y5           FDRE                                         r  cpu/if_io_register/IO_pc_reg[10]/C
                         clock pessimism             -0.418     7.764    
                         clock uncertainty           -0.074     7.691    
    SLICE_X9Y5           FDRE (Setup_fdre_C_CE)      -0.413     7.278    cpu/if_io_register/IO_pc_reg[10]
  -------------------------------------------------------------------
                         required time                          7.278    
                         arrival time                          -6.747    
  -------------------------------------------------------------------
                         slack                                  0.530    





Min Delay Paths
--------------------------------------------------------------------------------------
Slack (MET) :             0.119ns  (arrival time - required time)
  Source:                 cpu/ex_mem_register/MEM_raw_imm_reg[7]/C
                            (rising edge-triggered cell FDRE clocked by clk_out3_clk_wiz_0_1  {rise@0.000ns fall@5.000ns period=10.000ns})
  Destination:            cpu/mem_wb_register/WB_raw_imm_reg[7]/D
                            (rising edge-triggered cell FDRE clocked by clk_out3_clk_wiz_0_1  {rise@0.000ns fall@5.000ns period=10.000ns})
  Path Group:             clk_out3_clk_wiz_0_1
  Path Type:              Hold (Min at Fast Process Corner)
  Requirement:            0.000ns  (clk_out3_clk_wiz_0_1 rise@0.000ns - clk_out3_clk_wiz_0_1 rise@0.000ns)
  Data Path Delay:        0.197ns  (logic 0.141ns (71.611%)  route 0.056ns (28.389%))
  Logic Levels:           0  
  Clock Path Skew:        0.000ns (DCD - SCD - CPR)
    Destination Clock Delay (DCD):    -0.252ns
    Source Clock Delay      (SCD):    -0.485ns
    Clock Pessimism Removal (CPR):    0.233ns

    Location             Delay type                Incr(ns)  Path(ns)    Netlist Resource(s)
  -------------------------------------------------------------------    -------------------
                         (clock clk_out3_clk_wiz_0_1 rise edge)
                                                      0.000     0.000 r  
    R4                                                0.000     0.000 r  CLK100MHZ (IN)
                         net (fo=0)                   0.000     0.000    pll_inst/inst/clk_in1
    R4                   IBUF (Prop_ibuf_I_O)         0.243     0.243 r  pll_inst/inst/clkin1_ibufg/O
                         net (fo=1, routed)           0.440     0.683    pll_inst/inst/clk_in1_clk_wiz_0
    PLLE2_ADV_X1Y2       PLLE2_ADV (Prop_plle2_adv_CLKIN1_CLKOUT2)
                                                     -2.503    -1.819 r  pll_inst/inst/plle2_adv_inst/CLKOUT2
                         net (fo=1, routed)           0.546    -1.273    pll_inst/inst/clk_out3_clk_wiz_0
    BUFGCTRL_X0Y2        BUFG (Prop_bufg_I_O)         0.026    -1.247 r  pll_inst/inst/clkout3_buf/O
                         net (fo=2500, routed)        0.763    -0.485    cpu/ex_mem_register/clk_out3
    SLICE_X13Y12         FDRE                                         r  cpu/ex_mem_register/MEM_raw_imm_reg[7]/C
  -------------------------------------------------------------------    -------------------
    SLICE_X13Y12         FDRE (Prop_fdre_C_Q)         0.141    -0.344 r  cpu/ex_mem_register/MEM_raw_imm_reg[7]/Q
                         net (fo=1, routed)           0.056    -0.288    cpu/mem_wb_register/WB_raw_imm_reg[11]_0[7]
    SLICE_X13Y12         FDRE                                         r  cpu/mem_wb_register/WB_raw_imm_reg[7]/D
  -------------------------------------------------------------------    -------------------

                         (clock clk_out3_clk_wiz_0_1 rise edge)
                                                      0.000     0.000 r  
    R4                                                0.000     0.000 r  CLK100MHZ (IN)
                         net (fo=0)                   0.000     0.000    pll_inst/inst/clk_in1
    R4                   IBUF (Prop_ibuf_I_O)         0.431     0.431 r  pll_inst/inst/clkin1_ibufg/O
                         net (fo=1, routed)           0.481     0.912    pll_inst/inst/clk_in1_clk_wiz_0
    PLLE2_ADV_X1Y2       PLLE2_ADV (Prop_plle2_adv_CLKIN1_CLKOUT2)
                                                     -2.828    -1.916 r  pll_inst/inst/plle2_adv_inst/CLKOUT2
                         net (fo=1, routed)           0.595    -1.322    pll_inst/inst/clk_out3_clk_wiz_0
    BUFGCTRL_X0Y2        BUFG (Prop_bufg_I_O)         0.029    -1.293 r  pll_inst/inst/clkout3_buf/O
                         net (fo=2500, routed)        1.041    -0.252    cpu/mem_wb_register/clk_out3
    SLICE_X13Y12         FDRE                                         r  cpu/mem_wb_register/WB_raw_imm_reg[7]/C
                         clock pessimism             -0.233    -0.485    
    SLICE_X13Y12         FDRE (Hold_fdre_C_D)         0.078    -0.407    cpu/mem_wb_register/WB_raw_imm_reg[7]
  -------------------------------------------------------------------
                         required time                          0.407    
                         arrival time                          -0.288    
  -------------------------------------------------------------------
                         slack                                  0.119    

Slack (MET) :             0.121ns  (arrival time - required time)
  Source:                 cpu/ex_mem_register/MEM_raw_imm_reg[5]/C
                            (rising edge-triggered cell FDRE clocked by clk_out3_clk_wiz_0_1  {rise@0.000ns fall@5.000ns period=10.000ns})
  Destination:            cpu/mem_wb_register/WB_raw_imm_reg[5]/D
                            (rising edge-triggered cell FDRE clocked by clk_out3_clk_wiz_0_1  {rise@0.000ns fall@5.000ns period=10.000ns})
  Path Group:             clk_out3_clk_wiz_0_1
  Path Type:              Hold (Min at Fast Process Corner)
  Requirement:            0.000ns  (clk_out3_clk_wiz_0_1 rise@0.000ns - clk_out3_clk_wiz_0_1 rise@0.000ns)
  Data Path Delay:        0.197ns  (logic 0.141ns (71.611%)  route 0.056ns (28.389%))
  Logic Levels:           0  
  Clock Path Skew:        0.000ns (DCD - SCD - CPR)
    Destination Clock Delay (DCD):    -0.252ns
    Source Clock Delay      (SCD):    -0.485ns
    Clock Pessimism Removal (CPR):    0.233ns

    Location             Delay type                Incr(ns)  Path(ns)    Netlist Resource(s)
  -------------------------------------------------------------------    -------------------
                         (clock clk_out3_clk_wiz_0_1 rise edge)
                                                      0.000     0.000 r  
    R4                                                0.000     0.000 r  CLK100MHZ (IN)
                         net (fo=0)                   0.000     0.000    pll_inst/inst/clk_in1
    R4                   IBUF (Prop_ibuf_I_O)         0.243     0.243 r  pll_inst/inst/clkin1_ibufg/O
                         net (fo=1, routed)           0.440     0.683    pll_inst/inst/clk_in1_clk_wiz_0
    PLLE2_ADV_X1Y2       PLLE2_ADV (Prop_plle2_adv_CLKIN1_CLKOUT2)
                                                     -2.503    -1.819 r  pll_inst/inst/plle2_adv_inst/CLKOUT2
                         net (fo=1, routed)           0.546    -1.273    pll_inst/inst/clk_out3_clk_wiz_0
    BUFGCTRL_X0Y2        BUFG (Prop_bufg_I_O)         0.026    -1.247 r  pll_inst/inst/clkout3_buf/O
                         net (fo=2500, routed)        0.763    -0.485    cpu/ex_mem_register/clk_out3
    SLICE_X13Y12         FDRE                                         r  cpu/ex_mem_register/MEM_raw_imm_reg[5]/C
  -------------------------------------------------------------------    -------------------
    SLICE_X13Y12         FDRE (Prop_fdre_C_Q)         0.141    -0.344 r  cpu/ex_mem_register/MEM_raw_imm_reg[5]/Q
                         net (fo=1, routed)           0.056    -0.288    cpu/mem_wb_register/WB_raw_imm_reg[11]_0[5]
    SLICE_X13Y12         FDRE                                         r  cpu/mem_wb_register/WB_raw_imm_reg[5]/D
  -------------------------------------------------------------------    -------------------

                         (clock clk_out3_clk_wiz_0_1 rise edge)
                                                      0.000     0.000 r  
    R4                                                0.000     0.000 r  CLK100MHZ (IN)
                         net (fo=0)                   0.000     0.000    pll_inst/inst/clk_in1
    R4                   IBUF (Prop_ibuf_I_O)         0.431     0.431 r  pll_inst/inst/clkin1_ibufg/O
                         net (fo=1, routed)           0.481     0.912    pll_inst/inst/clk_in1_clk_wiz_0
    PLLE2_ADV_X1Y2       PLLE2_ADV (Prop_plle2_adv_CLKIN1_CLKOUT2)
                                                     -2.828    -1.916 r  pll_inst/inst/plle2_adv_inst/CLKOUT2
                         net (fo=1, routed)           0.595    -1.322    pll_inst/inst/clk_out3_clk_wiz_0
    BUFGCTRL_X0Y2        BUFG (Prop_bufg_I_O)         0.029    -1.293 r  pll_inst/inst/clkout3_buf/O
                         net (fo=2500, routed)        1.041    -0.252    cpu/mem_wb_register/clk_out3
    SLICE_X13Y12         FDRE                                         r  cpu/mem_wb_register/WB_raw_imm_reg[5]/C
                         clock pessimism             -0.233    -0.485    
    SLICE_X13Y12         FDRE (Hold_fdre_C_D)         0.076    -0.409    cpu/mem_wb_register/WB_raw_imm_reg[5]
  -------------------------------------------------------------------
                         required time                          0.409    
                         arrival time                          -0.288    
  -------------------------------------------------------------------
                         slack                                  0.121    

Slack (MET) :             0.124ns  (arrival time - required time)
  Source:                 cpu/ex_mem_register/MEM_instruction_reg[25]/C
                            (rising edge-triggered cell FDRE clocked by clk_out3_clk_wiz_0_1  {rise@0.000ns fall@5.000ns period=10.000ns})
  Destination:            cpu/mem_wb_register/WB_instruction_reg[25]/D
                            (rising edge-triggered cell FDRE clocked by clk_out3_clk_wiz_0_1  {rise@0.000ns fall@5.000ns period=10.000ns})
  Path Group:             clk_out3_clk_wiz_0_1
  Path Type:              Hold (Min at Fast Process Corner)
  Requirement:            0.000ns  (clk_out3_clk_wiz_0_1 rise@0.000ns - clk_out3_clk_wiz_0_1 rise@0.000ns)
  Data Path Delay:        0.200ns  (logic 0.141ns (70.589%)  route 0.059ns (29.411%))
  Logic Levels:           0  
  Clock Path Skew:        0.000ns (DCD - SCD - CPR)
    Destination Clock Delay (DCD):    -0.253ns
    Source Clock Delay      (SCD):    -0.488ns
    Clock Pessimism Removal (CPR):    0.235ns

    Location             Delay type                Incr(ns)  Path(ns)    Netlist Resource(s)
  -------------------------------------------------------------------    -------------------
                         (clock clk_out3_clk_wiz_0_1 rise edge)
                                                      0.000     0.000 r  
    R4                                                0.000     0.000 r  CLK100MHZ (IN)
                         net (fo=0)                   0.000     0.000    pll_inst/inst/clk_in1
    R4                   IBUF (Prop_ibuf_I_O)         0.243     0.243 r  pll_inst/inst/clkin1_ibufg/O
                         net (fo=1, routed)           0.440     0.683    pll_inst/inst/clk_in1_clk_wiz_0
    PLLE2_ADV_X1Y2       PLLE2_ADV (Prop_plle2_adv_CLKIN1_CLKOUT2)
                                                     -2.503    -1.819 r  pll_inst/inst/plle2_adv_inst/CLKOUT2
                         net (fo=1, routed)           0.546    -1.273    pll_inst/inst/clk_out3_clk_wiz_0
    BUFGCTRL_X0Y2        BUFG (Prop_bufg_I_O)         0.026    -1.247 r  pll_inst/inst/clkout3_buf/O
                         net (fo=2500, routed)        0.760    -0.488    cpu/ex_mem_register/clk_out3
    SLICE_X24Y3          FDRE                                         r  cpu/ex_mem_register/MEM_instruction_reg[25]/C
  -------------------------------------------------------------------    -------------------
    SLICE_X24Y3          FDRE (Prop_fdre_C_Q)         0.141    -0.347 r  cpu/ex_mem_register/MEM_instruction_reg[25]/Q
                         net (fo=1, routed)           0.059    -0.288    cpu/mem_wb_register/WB_instruction_reg[31]_0[25]
    SLICE_X24Y3          FDRE                                         r  cpu/mem_wb_register/WB_instruction_reg[25]/D
  -------------------------------------------------------------------    -------------------

                         (clock clk_out3_clk_wiz_0_1 rise edge)
                                                      0.000     0.000 r  
    R4                                                0.000     0.000 r  CLK100MHZ (IN)
                         net (fo=0)                   0.000     0.000    pll_inst/inst/clk_in1
    R4                   IBUF (Prop_ibuf_I_O)         0.431     0.431 r  pll_inst/inst/clkin1_ibufg/O
                         net (fo=1, routed)           0.481     0.912    pll_inst/inst/clk_in1_clk_wiz_0
    PLLE2_ADV_X1Y2       PLLE2_ADV (Prop_plle2_adv_CLKIN1_CLKOUT2)
                                                     -2.828    -1.916 r  pll_inst/inst/plle2_adv_inst/CLKOUT2
                         net (fo=1, routed)           0.595    -1.322    pll_inst/inst/clk_out3_clk_wiz_0
    BUFGCTRL_X0Y2        BUFG (Prop_bufg_I_O)         0.029    -1.293 r  pll_inst/inst/clkout3_buf/O
                         net (fo=2500, routed)        1.040    -0.253    cpu/mem_wb_register/clk_out3
    SLICE_X24Y3          FDRE                                         r  cpu/mem_wb_register/WB_instruction_reg[25]/C
                         clock pessimism             -0.235    -0.488    
    SLICE_X24Y3          FDRE (Hold_fdre_C_D)         0.076    -0.412    cpu/mem_wb_register/WB_instruction_reg[25]
  -------------------------------------------------------------------
                         required time                          0.412    
                         arrival time                          -0.288    
  -------------------------------------------------------------------
                         slack                                  0.124    

Slack (MET) :             0.126ns  (arrival time - required time)
  Source:                 cpu/ex_mem_register/MEM_raw_imm_reg[4]/C
                            (rising edge-triggered cell FDRE clocked by clk_out3_clk_wiz_0_1  {rise@0.000ns fall@5.000ns period=10.000ns})
  Destination:            cpu/mem_wb_register/WB_raw_imm_reg[4]/D
                            (rising edge-triggered cell FDRE clocked by clk_out3_clk_wiz_0_1  {rise@0.000ns fall@5.000ns period=10.000ns})
  Path Group:             clk_out3_clk_wiz_0_1
  Path Type:              Hold (Min at Fast Process Corner)
  Requirement:            0.000ns  (clk_out3_clk_wiz_0_1 rise@0.000ns - clk_out3_clk_wiz_0_1 rise@0.000ns)
  Data Path Delay:        0.197ns  (logic 0.141ns (71.611%)  route 0.056ns (28.389%))
  Logic Levels:           0  
  Clock Path Skew:        0.000ns (DCD - SCD - CPR)
    Destination Clock Delay (DCD):    -0.252ns
    Source Clock Delay      (SCD):    -0.485ns
    Clock Pessimism Removal (CPR):    0.233ns

    Location             Delay type                Incr(ns)  Path(ns)    Netlist Resource(s)
  -------------------------------------------------------------------    -------------------
                         (clock clk_out3_clk_wiz_0_1 rise edge)
                                                      0.000     0.000 r  
    R4                                                0.000     0.000 r  CLK100MHZ (IN)
                         net (fo=0)                   0.000     0.000    pll_inst/inst/clk_in1
    R4                   IBUF (Prop_ibuf_I_O)         0.243     0.243 r  pll_inst/inst/clkin1_ibufg/O
                         net (fo=1, routed)           0.440     0.683    pll_inst/inst/clk_in1_clk_wiz_0
    PLLE2_ADV_X1Y2       PLLE2_ADV (Prop_plle2_adv_CLKIN1_CLKOUT2)
                                                     -2.503    -1.819 r  pll_inst/inst/plle2_adv_inst/CLKOUT2
                         net (fo=1, routed)           0.546    -1.273    pll_inst/inst/clk_out3_clk_wiz_0
    BUFGCTRL_X0Y2        BUFG (Prop_bufg_I_O)         0.026    -1.247 r  pll_inst/inst/clkout3_buf/O
                         net (fo=2500, routed)        0.763    -0.485    cpu/ex_mem_register/clk_out3
    SLICE_X13Y12         FDRE                                         r  cpu/ex_mem_register/MEM_raw_imm_reg[4]/C
  -------------------------------------------------------------------    -------------------
    SLICE_X13Y12         FDRE (Prop_fdre_C_Q)         0.141    -0.344 r  cpu/ex_mem_register/MEM_raw_imm_reg[4]/Q
                         net (fo=1, routed)           0.056    -0.288    cpu/mem_wb_register/WB_raw_imm_reg[11]_0[4]
    SLICE_X13Y12         FDRE                                         r  cpu/mem_wb_register/WB_raw_imm_reg[4]/D
  -------------------------------------------------------------------    -------------------

                         (clock clk_out3_clk_wiz_0_1 rise edge)
                                                      0.000     0.000 r  
    R4                                                0.000     0.000 r  CLK100MHZ (IN)
                         net (fo=0)                   0.000     0.000    pll_inst/inst/clk_in1
    R4                   IBUF (Prop_ibuf_I_O)         0.431     0.431 r  pll_inst/inst/clkin1_ibufg/O
                         net (fo=1, routed)           0.481     0.912    pll_inst/inst/clk_in1_clk_wiz_0
    PLLE2_ADV_X1Y2       PLLE2_ADV (Prop_plle2_adv_CLKIN1_CLKOUT2)
                                                     -2.828    -1.916 r  pll_inst/inst/plle2_adv_inst/CLKOUT2
                         net (fo=1, routed)           0.595    -1.322    pll_inst/inst/clk_out3_clk_wiz_0
    BUFGCTRL_X0Y2        BUFG (Prop_bufg_I_O)         0.029    -1.293 r  pll_inst/inst/clkout3_buf/O
                         net (fo=2500, routed)        1.041    -0.252    cpu/mem_wb_register/clk_out3
    SLICE_X13Y12         FDRE                                         r  cpu/mem_wb_register/WB_raw_imm_reg[4]/C
                         clock pessimism             -0.233    -0.485    
    SLICE_X13Y12         FDRE (Hold_fdre_C_D)         0.071    -0.414    cpu/mem_wb_register/WB_raw_imm_reg[4]
  -------------------------------------------------------------------
                         required time                          0.414    
                         arrival time                          -0.288    
  -------------------------------------------------------------------
                         slack                                  0.126    

Slack (MET) :             0.128ns  (arrival time - required time)
  Source:                 cpu/ex_mem_register/MEM_instruction_reg[23]/C
                            (rising edge-triggered cell FDRE clocked by clk_out3_clk_wiz_0_1  {rise@0.000ns fall@5.000ns period=10.000ns})
  Destination:            cpu/mem_wb_register/WB_instruction_reg[23]/D
                            (rising edge-triggered cell FDRE clocked by clk_out3_clk_wiz_0_1  {rise@0.000ns fall@5.000ns period=10.000ns})
  Path Group:             clk_out3_clk_wiz_0_1
  Path Type:              Hold (Min at Fast Process Corner)
  Requirement:            0.000ns  (clk_out3_clk_wiz_0_1 rise@0.000ns - clk_out3_clk_wiz_0_1 rise@0.000ns)
  Data Path Delay:        0.199ns  (logic 0.141ns (70.953%)  route 0.058ns (29.047%))
  Logic Levels:           0  
  Clock Path Skew:        0.000ns (DCD - SCD - CPR)
    Destination Clock Delay (DCD):    -0.253ns
    Source Clock Delay      (SCD):    -0.488ns
    Clock Pessimism Removal (CPR):    0.235ns

    Location             Delay type                Incr(ns)  Path(ns)    Netlist Resource(s)
  -------------------------------------------------------------------    -------------------
                         (clock clk_out3_clk_wiz_0_1 rise edge)
                                                      0.000     0.000 r  
    R4                                                0.000     0.000 r  CLK100MHZ (IN)
                         net (fo=0)                   0.000     0.000    pll_inst/inst/clk_in1
    R4                   IBUF (Prop_ibuf_I_O)         0.243     0.243 r  pll_inst/inst/clkin1_ibufg/O
                         net (fo=1, routed)           0.440     0.683    pll_inst/inst/clk_in1_clk_wiz_0
    PLLE2_ADV_X1Y2       PLLE2_ADV (Prop_plle2_adv_CLKIN1_CLKOUT2)
                                                     -2.503    -1.819 r  pll_inst/inst/plle2_adv_inst/CLKOUT2
                         net (fo=1, routed)           0.546    -1.273    pll_inst/inst/clk_out3_clk_wiz_0
    BUFGCTRL_X0Y2        BUFG (Prop_bufg_I_O)         0.026    -1.247 r  pll_inst/inst/clkout3_buf/O
                         net (fo=2500, routed)        0.760    -0.488    cpu/ex_mem_register/clk_out3
    SLICE_X24Y3          FDRE                                         r  cpu/ex_mem_register/MEM_instruction_reg[23]/C
  -------------------------------------------------------------------    -------------------
    SLICE_X24Y3          FDRE (Prop_fdre_C_Q)         0.141    -0.347 r  cpu/ex_mem_register/MEM_instruction_reg[23]/Q
                         net (fo=1, routed)           0.058    -0.289    cpu/mem_wb_register/WB_instruction_reg[31]_0[23]
    SLICE_X24Y3          FDRE                                         r  cpu/mem_wb_register/WB_instruction_reg[23]/D
  -------------------------------------------------------------------    -------------------

                         (clock clk_out3_clk_wiz_0_1 rise edge)
                                                      0.000     0.000 r  
    R4                                                0.000     0.000 r  CLK100MHZ (IN)
                         net (fo=0)                   0.000     0.000    pll_inst/inst/clk_in1
    R4                   IBUF (Prop_ibuf_I_O)         0.431     0.431 r  pll_inst/inst/clkin1_ibufg/O
                         net (fo=1, routed)           0.481     0.912    pll_inst/inst/clk_in1_clk_wiz_0
    PLLE2_ADV_X1Y2       PLLE2_ADV (Prop_plle2_adv_CLKIN1_CLKOUT2)
                                                     -2.828    -1.916 r  pll_inst/inst/plle2_adv_inst/CLKOUT2
                         net (fo=1, routed)           0.595    -1.322    pll_inst/inst/clk_out3_clk_wiz_0
    BUFGCTRL_X0Y2        BUFG (Prop_bufg_I_O)         0.029    -1.293 r  pll_inst/inst/clkout3_buf/O
                         net (fo=2500, routed)        1.040    -0.253    cpu/mem_wb_register/clk_out3
    SLICE_X24Y3          FDRE                                         r  cpu/mem_wb_register/WB_instruction_reg[23]/C
                         clock pessimism             -0.235    -0.488    
    SLICE_X24Y3          FDRE (Hold_fdre_C_D)         0.071    -0.417    cpu/mem_wb_register/WB_instruction_reg[23]
  -------------------------------------------------------------------
                         required time                          0.417    
                         arrival time                          -0.289    
  -------------------------------------------------------------------
                         slack                                  0.128    

Slack (MET) :             0.129ns  (arrival time - required time)
  Source:                 cpu/exr_ex_register/EX_imm_reg[3]/C
                            (rising edge-triggered cell FDRE clocked by clk_out3_clk_wiz_0_1  {rise@0.000ns fall@5.000ns period=10.000ns})
  Destination:            cpu/ex_ex2_register/EX2_imm_reg[3]/D
                            (rising edge-triggered cell FDRE clocked by clk_out3_clk_wiz_0_1  {rise@0.000ns fall@5.000ns period=10.000ns})
  Path Group:             clk_out3_clk_wiz_0_1
  Path Type:              Hold (Min at Fast Process Corner)
  Requirement:            0.000ns  (clk_out3_clk_wiz_0_1 rise@0.000ns - clk_out3_clk_wiz_0_1 rise@0.000ns)
  Data Path Delay:        0.218ns  (logic 0.141ns (64.577%)  route 0.077ns (35.423%))
  Logic Levels:           0  
  Clock Path Skew:        0.013ns (DCD - SCD - CPR)
    Destination Clock Delay (DCD):    -0.250ns
    Source Clock Delay      (SCD):    -0.485ns
    Clock Pessimism Removal (CPR):    0.222ns

    Location             Delay type                Incr(ns)  Path(ns)    Netlist Resource(s)
  -------------------------------------------------------------------    -------------------
                         (clock clk_out3_clk_wiz_0_1 rise edge)
                                                      0.000     0.000 r  
    R4                                                0.000     0.000 r  CLK100MHZ (IN)
                         net (fo=0)                   0.000     0.000    pll_inst/inst/clk_in1
    R4                   IBUF (Prop_ibuf_I_O)         0.243     0.243 r  pll_inst/inst/clkin1_ibufg/O
                         net (fo=1, routed)           0.440     0.683    pll_inst/inst/clk_in1_clk_wiz_0
    PLLE2_ADV_X1Y2       PLLE2_ADV (Prop_plle2_adv_CLKIN1_CLKOUT2)
                                                     -2.503    -1.819 r  pll_inst/inst/plle2_adv_inst/CLKOUT2
                         net (fo=1, routed)           0.546    -1.273    pll_inst/inst/clk_out3_clk_wiz_0
    BUFGCTRL_X0Y2        BUFG (Prop_bufg_I_O)         0.026    -1.247 r  pll_inst/inst/clkout3_buf/O
                         net (fo=2500, routed)        0.763    -0.485    cpu/exr_ex_register/clk_out3
    SLICE_X21Y4          FDRE                                         r  cpu/exr_ex_register/EX_imm_reg[3]/C
  -------------------------------------------------------------------    -------------------
    SLICE_X21Y4          FDRE (Prop_fdre_C_Q)         0.141    -0.344 r  cpu/exr_ex_register/EX_imm_reg[3]/Q
                         net (fo=3, routed)           0.077    -0.266    cpu/ex_ex2_register/EX2_imm_reg[31]_0[3]
    SLICE_X20Y4          FDRE                                         r  cpu/ex_ex2_register/EX2_imm_reg[3]/D
  -------------------------------------------------------------------    -------------------

                         (clock clk_out3_clk_wiz_0_1 rise edge)
                                                      0.000     0.000 r  
    R4                                                0.000     0.000 r  CLK100MHZ (IN)
                         net (fo=0)                   0.000     0.000    pll_inst/inst/clk_in1
    R4                   IBUF (Prop_ibuf_I_O)         0.431     0.431 r  pll_inst/inst/clkin1_ibufg/O
                         net (fo=1, routed)           0.481     0.912    pll_inst/inst/clk_in1_clk_wiz_0
    PLLE2_ADV_X1Y2       PLLE2_ADV (Prop_plle2_adv_CLKIN1_CLKOUT2)
                                                     -2.828    -1.916 r  pll_inst/inst/plle2_adv_inst/CLKOUT2
                         net (fo=1, routed)           0.595    -1.322    pll_inst/inst/clk_out3_clk_wiz_0
    BUFGCTRL_X0Y2        BUFG (Prop_bufg_I_O)         0.029    -1.293 r  pll_inst/inst/clkout3_buf/O
                         net (fo=2500, routed)        1.043    -0.250    cpu/ex_ex2_register/clk_out3
    SLICE_X20Y4          FDRE                                         r  cpu/ex_ex2_register/EX2_imm_reg[3]/C
                         clock pessimism             -0.222    -0.472    
    SLICE_X20Y4          FDRE (Hold_fdre_C_D)         0.076    -0.396    cpu/ex_ex2_register/EX2_imm_reg[3]
  -------------------------------------------------------------------
                         required time                          0.396    
                         arrival time                          -0.266    
  -------------------------------------------------------------------
                         slack                                  0.129    

Slack (MET) :             0.130ns  (arrival time - required time)
  Source:                 cpu/exr_ex_register/EX_branch_estimation_reg/C
                            (rising edge-triggered cell FDRE clocked by clk_out3_clk_wiz_0_1  {rise@0.000ns fall@5.000ns period=10.000ns})
  Destination:            cpu/ex_ex2_register/EX2_branch_estimation_reg/D
                            (rising edge-triggered cell FDRE clocked by clk_out3_clk_wiz_0_1  {rise@0.000ns fall@5.000ns period=10.000ns})
  Path Group:             clk_out3_clk_wiz_0_1
  Path Type:              Hold (Min at Fast Process Corner)
  Requirement:            0.000ns  (clk_out3_clk_wiz_0_1 rise@0.000ns - clk_out3_clk_wiz_0_1 rise@0.000ns)
  Data Path Delay:        0.228ns  (logic 0.141ns (61.814%)  route 0.087ns (38.186%))
  Logic Levels:           0  
  Clock Path Skew:        0.013ns (DCD - SCD - CPR)
    Destination Clock Delay (DCD):    -0.247ns
    Source Clock Delay      (SCD):    -0.481ns
    Clock Pessimism Removal (CPR):    0.221ns

    Location             Delay type                Incr(ns)  Path(ns)    Netlist Resource(s)
  -------------------------------------------------------------------    -------------------
                         (clock clk_out3_clk_wiz_0_1 rise edge)
                                                      0.000     0.000 r  
    R4                                                0.000     0.000 r  CLK100MHZ (IN)
                         net (fo=0)                   0.000     0.000    pll_inst/inst/clk_in1
    R4                   IBUF (Prop_ibuf_I_O)         0.243     0.243 r  pll_inst/inst/clkin1_ibufg/O
                         net (fo=1, routed)           0.440     0.683    pll_inst/inst/clk_in1_clk_wiz_0
    PLLE2_ADV_X1Y2       PLLE2_ADV (Prop_plle2_adv_CLKIN1_CLKOUT2)
                                                     -2.503    -1.819 r  pll_inst/inst/plle2_adv_inst/CLKOUT2
                         net (fo=1, routed)           0.546    -1.273    pll_inst/inst/clk_out3_clk_wiz_0
    BUFGCTRL_X0Y2        BUFG (Prop_bufg_I_O)         0.026    -1.247 r  pll_inst/inst/clkout3_buf/O
                         net (fo=2500, routed)        0.767    -0.481    cpu/exr_ex_register/clk_out3
    SLICE_X15Y2          FDRE                                         r  cpu/exr_ex_register/EX_branch_estimation_reg/C
  -------------------------------------------------------------------    -------------------
    SLICE_X15Y2          FDRE (Prop_fdre_C_Q)         0.141    -0.340 r  cpu/exr_ex_register/EX_branch_estimation_reg/Q
                         net (fo=1, routed)           0.087    -0.252    cpu/ex_ex2_register/EX_branch_estimation
    SLICE_X14Y2          FDRE                                         r  cpu/ex_ex2_register/EX2_branch_estimation_reg/D
  -------------------------------------------------------------------    -------------------

                         (clock clk_out3_clk_wiz_0_1 rise edge)
                                                      0.000     0.000 r  
    R4                                                0.000     0.000 r  CLK100MHZ (IN)
                         net (fo=0)                   0.000     0.000    pll_inst/inst/clk_in1
    R4                   IBUF (Prop_ibuf_I_O)         0.431     0.431 r  pll_inst/inst/clkin1_ibufg/O
                         net (fo=1, routed)           0.481     0.912    pll_inst/inst/clk_in1_clk_wiz_0
    PLLE2_ADV_X1Y2       PLLE2_ADV (Prop_plle2_adv_CLKIN1_CLKOUT2)
                                                     -2.828    -1.916 r  pll_inst/inst/plle2_adv_inst/CLKOUT2
                         net (fo=1, routed)           0.595    -1.322    pll_inst/inst/clk_out3_clk_wiz_0
    BUFGCTRL_X0Y2        BUFG (Prop_bufg_I_O)         0.029    -1.293 r  pll_inst/inst/clkout3_buf/O
                         net (fo=2500, routed)        1.046    -0.247    cpu/ex_ex2_register/clk_out3
    SLICE_X14Y2          FDRE                                         r  cpu/ex_ex2_register/EX2_branch_estimation_reg/C
                         clock pessimism             -0.221    -0.468    
    SLICE_X14Y2          FDRE (Hold_fdre_C_D)         0.085    -0.383    cpu/ex_ex2_register/EX2_branch_estimation_reg
  -------------------------------------------------------------------
                         required time                          0.383    
                         arrival time                          -0.252    
  -------------------------------------------------------------------
                         slack                                  0.130    

Slack (MET) :             0.131ns  (arrival time - required time)
  Source:                 cpu/ex_mem_register/MEM_instruction_reg[22]/C
                            (rising edge-triggered cell FDRE clocked by clk_out3_clk_wiz_0_1  {rise@0.000ns fall@5.000ns period=10.000ns})
  Destination:            cpu/mem_wb_register/WB_instruction_reg[22]/D
                            (rising edge-triggered cell FDRE clocked by clk_out3_clk_wiz_0_1  {rise@0.000ns fall@5.000ns period=10.000ns})
  Path Group:             clk_out3_clk_wiz_0_1
  Path Type:              Hold (Min at Fast Process Corner)
  Requirement:            0.000ns  (clk_out3_clk_wiz_0_1 rise@0.000ns - clk_out3_clk_wiz_0_1 rise@0.000ns)
  Data Path Delay:        0.206ns  (logic 0.141ns (68.336%)  route 0.065ns (31.664%))
  Logic Levels:           0  
  Clock Path Skew:        0.000ns (DCD - SCD - CPR)
    Destination Clock Delay (DCD):    -0.253ns
    Source Clock Delay      (SCD):    -0.488ns
    Clock Pessimism Removal (CPR):    0.235ns

    Location             Delay type                Incr(ns)  Path(ns)    Netlist Resource(s)
  -------------------------------------------------------------------    -------------------
                         (clock clk_out3_clk_wiz_0_1 rise edge)
                                                      0.000     0.000 r  
    R4                                                0.000     0.000 r  CLK100MHZ (IN)
                         net (fo=0)                   0.000     0.000    pll_inst/inst/clk_in1
    R4                   IBUF (Prop_ibuf_I_O)         0.243     0.243 r  pll_inst/inst/clkin1_ibufg/O
                         net (fo=1, routed)           0.440     0.683    pll_inst/inst/clk_in1_clk_wiz_0
    PLLE2_ADV_X1Y2       PLLE2_ADV (Prop_plle2_adv_CLKIN1_CLKOUT2)
                                                     -2.503    -1.819 r  pll_inst/inst/plle2_adv_inst/CLKOUT2
                         net (fo=1, routed)           0.546    -1.273    pll_inst/inst/clk_out3_clk_wiz_0
    BUFGCTRL_X0Y2        BUFG (Prop_bufg_I_O)         0.026    -1.247 r  pll_inst/inst/clkout3_buf/O
                         net (fo=2500, routed)        0.760    -0.488    cpu/ex_mem_register/clk_out3
    SLICE_X24Y3          FDRE                                         r  cpu/ex_mem_register/MEM_instruction_reg[22]/C
  -------------------------------------------------------------------    -------------------
    SLICE_X24Y3          FDRE (Prop_fdre_C_Q)         0.141    -0.347 r  cpu/ex_mem_register/MEM_instruction_reg[22]/Q
                         net (fo=1, routed)           0.065    -0.281    cpu/mem_wb_register/WB_instruction_reg[31]_0[22]
    SLICE_X24Y3          FDRE                                         r  cpu/mem_wb_register/WB_instruction_reg[22]/D
  -------------------------------------------------------------------    -------------------

                         (clock clk_out3_clk_wiz_0_1 rise edge)
                                                      0.000     0.000 r  
    R4                                                0.000     0.000 r  CLK100MHZ (IN)
                         net (fo=0)                   0.000     0.000    pll_inst/inst/clk_in1
    R4                   IBUF (Prop_ibuf_I_O)         0.431     0.431 r  pll_inst/inst/clkin1_ibufg/O
                         net (fo=1, routed)           0.481     0.912    pll_inst/inst/clk_in1_clk_wiz_0
    PLLE2_ADV_X1Y2       PLLE2_ADV (Prop_plle2_adv_CLKIN1_CLKOUT2)
                                                     -2.828    -1.916 r  pll_inst/inst/plle2_adv_inst/CLKOUT2
                         net (fo=1, routed)           0.595    -1.322    pll_inst/inst/clk_out3_clk_wiz_0
    BUFGCTRL_X0Y2        BUFG (Prop_bufg_I_O)         0.029    -1.293 r  pll_inst/inst/clkout3_buf/O
                         net (fo=2500, routed)        1.040    -0.253    cpu/mem_wb_register/clk_out3
    SLICE_X24Y3          FDRE                                         r  cpu/mem_wb_register/WB_instruction_reg[22]/C
                         clock pessimism             -0.235    -0.488    
    SLICE_X24Y3          FDRE (Hold_fdre_C_D)         0.075    -0.413    cpu/mem_wb_register/WB_instruction_reg[22]
  -------------------------------------------------------------------
                         required time                          0.413    
                         arrival time                          -0.281    
  -------------------------------------------------------------------
                         slack                                  0.131    

Slack (MET) :             0.134ns  (arrival time - required time)
  Source:                 cpu/ex_ex2_register/EX2_imm_reg[14]/C
                            (rising edge-triggered cell FDRE clocked by clk_out3_clk_wiz_0_1  {rise@0.000ns fall@5.000ns period=10.000ns})
  Destination:            cpu/forward_unit/MEM_non_load_forward_data_reg[14]/D
                            (rising edge-triggered cell FDRE clocked by clk_out3_clk_wiz_0_1  {rise@0.000ns fall@5.000ns period=10.000ns})
  Path Group:             clk_out3_clk_wiz_0_1
  Path Type:              Hold (Min at Fast Process Corner)
  Requirement:            0.000ns  (clk_out3_clk_wiz_0_1 rise@0.000ns - clk_out3_clk_wiz_0_1 rise@0.000ns)
  Data Path Delay:        0.267ns  (logic 0.186ns (69.729%)  route 0.081ns (30.271%))
  Logic Levels:           1  (LUT6=1)
  Clock Path Skew:        0.013ns (DCD - SCD - CPR)
    Destination Clock Delay (DCD):    -0.252ns
    Source Clock Delay      (SCD):    -0.487ns
    Clock Pessimism Removal (CPR):    0.222ns

    Location             Delay type                Incr(ns)  Path(ns)    Netlist Resource(s)
  -------------------------------------------------------------------    -------------------
                         (clock clk_out3_clk_wiz_0_1 rise edge)
                                                      0.000     0.000 r  
    R4                                                0.000     0.000 r  CLK100MHZ (IN)
                         net (fo=0)                   0.000     0.000    pll_inst/inst/clk_in1
    R4                   IBUF (Prop_ibuf_I_O)         0.243     0.243 r  pll_inst/inst/clkin1_ibufg/O
                         net (fo=1, routed)           0.440     0.683    pll_inst/inst/clk_in1_clk_wiz_0
    PLLE2_ADV_X1Y2       PLLE2_ADV (Prop_plle2_adv_CLKIN1_CLKOUT2)
                                                     -2.503    -1.819 r  pll_inst/inst/plle2_adv_inst/CLKOUT2
                         net (fo=1, routed)           0.546    -1.273    pll_inst/inst/clk_out3_clk_wiz_0
    BUFGCTRL_X0Y2        BUFG (Prop_bufg_I_O)         0.026    -1.247 r  pll_inst/inst/clkout3_buf/O
                         net (fo=2500, routed)        0.761    -0.487    cpu/ex_ex2_register/clk_out3
    SLICE_X21Y10         FDRE                                         r  cpu/ex_ex2_register/EX2_imm_reg[14]/C
  -------------------------------------------------------------------    -------------------
    SLICE_X21Y10         FDRE (Prop_fdre_C_Q)         0.141    -0.346 r  cpu/ex_ex2_register/EX2_imm_reg[14]/Q
                         net (fo=3, routed)           0.081    -0.265    cpu/ex_ex2_register/EX2_imm[14]
    SLICE_X20Y10         LUT6 (Prop_lut6_I1_O)        0.045    -0.220 r  cpu/ex_ex2_register/MEM_non_load_forward_data[14]_i_1/O
                         net (fo=1, routed)           0.000    -0.220    cpu/forward_unit/D[14]
    SLICE_X20Y10         FDRE                                         r  cpu/forward_unit/MEM_non_load_forward_data_reg[14]/D
  -------------------------------------------------------------------    -------------------

                         (clock clk_out3_clk_wiz_0_1 rise edge)
                                                      0.000     0.000 r  
    R4                                                0.000     0.000 r  CLK100MHZ (IN)
                         net (fo=0)                   0.000     0.000    pll_inst/inst/clk_in1
    R4                   IBUF (Prop_ibuf_I_O)         0.431     0.431 r  pll_inst/inst/clkin1_ibufg/O
                         net (fo=1, routed)           0.481     0.912    pll_inst/inst/clk_in1_clk_wiz_0
    PLLE2_ADV_X1Y2       PLLE2_ADV (Prop_plle2_adv_CLKIN1_CLKOUT2)
                                                     -2.828    -1.916 r  pll_inst/inst/plle2_adv_inst/CLKOUT2
                         net (fo=1, routed)           0.595    -1.322    pll_inst/inst/clk_out3_clk_wiz_0
    BUFGCTRL_X0Y2        BUFG (Prop_bufg_I_O)         0.029    -1.293 r  pll_inst/inst/clkout3_buf/O
                         net (fo=2500, routed)        1.041    -0.252    cpu/forward_unit/clk_out3
    SLICE_X20Y10         FDRE                                         r  cpu/forward_unit/MEM_non_load_forward_data_reg[14]/C
                         clock pessimism             -0.222    -0.474    
    SLICE_X20Y10         FDRE (Hold_fdre_C_D)         0.120    -0.354    cpu/forward_unit/MEM_non_load_forward_data_reg[14]
  -------------------------------------------------------------------
                         required time                          0.354    
                         arrival time                          -0.220    
  -------------------------------------------------------------------
                         slack                                  0.134    

Slack (MET) :             0.141ns  (arrival time - required time)
  Source:                 cpu/if_io_register/IO_instruction_reg[14]/C
                            (rising edge-triggered cell FDRE clocked by clk_out3_clk_wiz_0_1  {rise@0.000ns fall@5.000ns period=10.000ns})
  Destination:            cpu/io_id_register/ID_instruction_reg[14]/D
                            (rising edge-triggered cell FDRE clocked by clk_out3_clk_wiz_0_1  {rise@0.000ns fall@5.000ns period=10.000ns})
  Path Group:             clk_out3_clk_wiz_0_1
  Path Type:              Hold (Min at Fast Process Corner)
  Requirement:            0.000ns  (clk_out3_clk_wiz_0_1 rise@0.000ns - clk_out3_clk_wiz_0_1 rise@0.000ns)
  Data Path Delay:        0.254ns  (logic 0.141ns (55.499%)  route 0.113ns (44.501%))
  Logic Levels:           0  
  Clock Path Skew:        0.038ns (DCD - SCD - CPR)
    Destination Clock Delay (DCD):    -0.248ns
    Source Clock Delay      (SCD):    -0.482ns
    Clock Pessimism Removal (CPR):    0.196ns

    Location             Delay type                Incr(ns)  Path(ns)    Netlist Resource(s)
  -------------------------------------------------------------------    -------------------
                         (clock clk_out3_clk_wiz_0_1 rise edge)
                                                      0.000     0.000 r  
    R4                                                0.000     0.000 r  CLK100MHZ (IN)
                         net (fo=0)                   0.000     0.000    pll_inst/inst/clk_in1
    R4                   IBUF (Prop_ibuf_I_O)         0.243     0.243 r  pll_inst/inst/clkin1_ibufg/O
                         net (fo=1, routed)           0.440     0.683    pll_inst/inst/clk_in1_clk_wiz_0
    PLLE2_ADV_X1Y2       PLLE2_ADV (Prop_plle2_adv_CLKIN1_CLKOUT2)
                                                     -2.503    -1.819 r  pll_inst/inst/plle2_adv_inst/CLKOUT2
                         net (fo=1, routed)           0.546    -1.273    pll_inst/inst/clk_out3_clk_wiz_0
    BUFGCTRL_X0Y2        BUFG (Prop_bufg_I_O)         0.026    -1.247 r  pll_inst/inst/clkout3_buf/O
                         net (fo=2500, routed)        0.766    -0.482    cpu/if_io_register/clk_out3
    SLICE_X9Y4           FDRE                                         r  cpu/if_io_register/IO_instruction_reg[14]/C
  -------------------------------------------------------------------    -------------------
    SLICE_X9Y4           FDRE (Prop_fdre_C_Q)         0.141    -0.341 r  cpu/if_io_register/IO_instruction_reg[14]/Q
                         net (fo=1, routed)           0.113    -0.228    cpu/io_id_register/ID_instruction_reg[31]_2[14]
    SLICE_X11Y3          FDRE                                         r  cpu/io_id_register/ID_instruction_reg[14]/D
  -------------------------------------------------------------------    -------------------

                         (clock clk_out3_clk_wiz_0_1 rise edge)
                                                      0.000     0.000 r  
    R4                                                0.000     0.000 r  CLK100MHZ (IN)
                         net (fo=0)                   0.000     0.000    pll_inst/inst/clk_in1
    R4                   IBUF (Prop_ibuf_I_O)         0.431     0.431 r  pll_inst/inst/clkin1_ibufg/O
                         net (fo=1, routed)           0.481     0.912    pll_inst/inst/clk_in1_clk_wiz_0
    PLLE2_ADV_X1Y2       PLLE2_ADV (Prop_plle2_adv_CLKIN1_CLKOUT2)
                                                     -2.828    -1.916 r  pll_inst/inst/plle2_adv_inst/CLKOUT2
                         net (fo=1, routed)           0.595    -1.322    pll_inst/inst/clk_out3_clk_wiz_0
    BUFGCTRL_X0Y2        BUFG (Prop_bufg_I_O)         0.029    -1.293 r  pll_inst/inst/clkout3_buf/O
                         net (fo=2500, routed)        1.045    -0.248    cpu/io_id_register/clk_out3
    SLICE_X11Y3          FDRE                                         r  cpu/io_id_register/ID_instruction_reg[14]/C
                         clock pessimism             -0.196    -0.444    
    SLICE_X11Y3          FDRE (Hold_fdre_C_D)         0.075    -0.369    cpu/io_id_register/ID_instruction_reg[14]
  -------------------------------------------------------------------
                         required time                          0.369    
                         arrival time                          -0.228    
  -------------------------------------------------------------------
                         slack                                  0.141    





Pulse Width Checks
--------------------------------------------------------------------------------------
Clock Name:         clk_out3_clk_wiz_0_1
Waveform(ns):       { 0.000 5.000 }
Period(ns):         10.000
Sources:            { pll_inst/inst/plle2_adv_inst/CLKOUT2 }

Check Type        Corner  Lib Pin             Reference Pin  Required(ns)  Actual(ns)  Slack(ns)  Location        Pin
Min Period        n/a     RAMB36E1/CLKARDCLK  n/a            2.944         10.000      7.056      RAMB36_X0Y0     cpu/data_memory/memory_bank0_reg_0/CLKARDCLK
Min Period        n/a     RAMB36E1/CLKARDCLK  n/a            2.944         10.000      7.056      RAMB36_X0Y1     cpu/data_memory/memory_bank0_reg_1/CLKARDCLK
Min Period        n/a     RAMB36E1/CLKARDCLK  n/a            2.944         10.000      7.056      RAMB36_X2Y1     cpu/data_memory/memory_bank1_reg_0/CLKARDCLK
Min Period        n/a     RAMB36E1/CLKARDCLK  n/a            2.944         10.000      7.056      RAMB36_X1Y2     cpu/data_memory/memory_bank1_reg_1/CLKARDCLK
Min Period        n/a     RAMB36E1/CLKARDCLK  n/a            2.944         10.000      7.056      RAMB36_X1Y0     cpu/data_memory/memory_bank2_reg_0/CLKARDCLK
Min Period        n/a     RAMB36E1/CLKARDCLK  n/a            2.944         10.000      7.056      RAMB36_X2Y2     cpu/data_memory/memory_bank2_reg_1/CLKARDCLK
Min Period        n/a     RAMB36E1/CLKARDCLK  n/a            2.944         10.000      7.056      RAMB36_X1Y3     cpu/data_memory/memory_bank3_reg_0/CLKARDCLK
Min Period        n/a     RAMB36E1/CLKARDCLK  n/a            2.944         10.000      7.056      RAMB36_X2Y3     cpu/data_memory/memory_bank3_reg_1/CLKARDCLK
Min Period        n/a     RAMB36E1/CLKBWRCLK  n/a            2.576         10.000      7.424      RAMB36_X0Y0     cpu/data_memory/memory_bank0_reg_0/CLKBWRCLK
Min Period        n/a     RAMB36E1/CLKBWRCLK  n/a            2.576         10.000      7.424      RAMB36_X0Y1     cpu/data_memory/memory_bank0_reg_1/CLKBWRCLK
Max Period        n/a     PLLE2_ADV/CLKOUT2   n/a            160.000       10.000      150.000    PLLE2_ADV_X1Y2  pll_inst/inst/plle2_adv_inst/CLKOUT2
Low Pulse Width   Slow    RAMD32/CLK          n/a            1.250         5.000       3.750      SLICE_X22Y2     cpu/register_file/registers_reg_r1_0_31_0_5/RAMA/CLK
Low Pulse Width   Fast    RAMD32/CLK          n/a            1.250         5.000       3.750      SLICE_X22Y2     cpu/register_file/registers_reg_r1_0_31_0_5/RAMA/CLK
Low Pulse Width   Slow    RAMD32/CLK          n/a            1.250         5.000       3.750      SLICE_X22Y2     cpu/register_file/registers_reg_r1_0_31_0_5/RAMA_D1/CLK
Low Pulse Width   Fast    RAMD32/CLK          n/a            1.250         5.000       3.750      SLICE_X22Y2     cpu/register_file/registers_reg_r1_0_31_0_5/RAMA_D1/CLK
Low Pulse Width   Slow    RAMD32/CLK          n/a            1.250         5.000       3.750      SLICE_X22Y2     cpu/register_file/registers_reg_r1_0_31_0_5/RAMB/CLK
Low Pulse Width   Fast    RAMD32/CLK          n/a            1.250         5.000       3.750      SLICE_X22Y2     cpu/register_file/registers_reg_r1_0_31_0_5/RAMB/CLK
Low Pulse Width   Slow    RAMD32/CLK          n/a            1.250         5.000       3.750      SLICE_X22Y2     cpu/register_file/registers_reg_r1_0_31_0_5/RAMB_D1/CLK
Low Pulse Width   Fast    RAMD32/CLK          n/a            1.250         5.000       3.750      SLICE_X22Y2     cpu/register_file/registers_reg_r1_0_31_0_5/RAMB_D1/CLK
Low Pulse Width   Slow    RAMD32/CLK          n/a            1.250         5.000       3.750      SLICE_X22Y2     cpu/register_file/registers_reg_r1_0_31_0_5/RAMC/CLK
Low Pulse Width   Fast    RAMD32/CLK          n/a            1.250         5.000       3.750      SLICE_X22Y2     cpu/register_file/registers_reg_r1_0_31_0_5/RAMC/CLK
High Pulse Width  Slow    RAMD32/CLK          n/a            1.250         5.000       3.750      SLICE_X22Y2     cpu/register_file/registers_reg_r1_0_31_0_5/RAMA/CLK
High Pulse Width  Fast    RAMD32/CLK          n/a            1.250         5.000       3.750      SLICE_X22Y2     cpu/register_file/registers_reg_r1_0_31_0_5/RAMA/CLK
High Pulse Width  Slow    RAMD32/CLK          n/a            1.250         5.000       3.750      SLICE_X22Y2     cpu/register_file/registers_reg_r1_0_31_0_5/RAMA_D1/CLK
High Pulse Width  Fast    RAMD32/CLK          n/a            1.250         5.000       3.750      SLICE_X22Y2     cpu/register_file/registers_reg_r1_0_31_0_5/RAMA_D1/CLK
High Pulse Width  Slow    RAMD32/CLK          n/a            1.250         5.000       3.750      SLICE_X22Y2     cpu/register_file/registers_reg_r1_0_31_0_5/RAMB/CLK
High Pulse Width  Fast    RAMD32/CLK          n/a            1.250         5.000       3.750      SLICE_X22Y2     cpu/register_file/registers_reg_r1_0_31_0_5/RAMB/CLK
High Pulse Width  Slow    RAMD32/CLK          n/a            1.250         5.000       3.750      SLICE_X22Y2     cpu/register_file/registers_reg_r1_0_31_0_5/RAMB_D1/CLK
High Pulse Width  Fast    RAMD32/CLK          n/a            1.250         5.000       3.750      SLICE_X22Y2     cpu/register_file/registers_reg_r1_0_31_0_5/RAMB_D1/CLK
High Pulse Width  Slow    RAMD32/CLK          n/a            1.250         5.000       3.750      SLICE_X22Y2     cpu/register_file/registers_reg_r1_0_31_0_5/RAMC/CLK
High Pulse Width  Fast    RAMD32/CLK          n/a            1.250         5.000       3.750      SLICE_X22Y2     cpu/register_file/registers_reg_r1_0_31_0_5/RAMC/CLK



---------------------------------------------------------------------------------------------------
From Clock:  clkfbout_clk_wiz_0_1
  To Clock:  clkfbout_clk_wiz_0_1

Setup :           NA  Failing Endpoints,  Worst Slack           NA  ,  Total Violation           NA
Hold  :           NA  Failing Endpoints,  Worst Slack           NA  ,  Total Violation           NA
PW    :            0  Failing Endpoints,  Worst Slack        7.845ns,  Total Violation        0.000ns
---------------------------------------------------------------------------------------------------


Pulse Width Checks
--------------------------------------------------------------------------------------
Clock Name:         clkfbout_clk_wiz_0_1
Waveform(ns):       { 0.000 5.000 }
Period(ns):         10.000
Sources:            { pll_inst/inst/plle2_adv_inst/CLKFBOUT }

Check Type  Corner  Lib Pin             Reference Pin  Required(ns)  Actual(ns)  Slack(ns)  Location        Pin
Min Period  n/a     BUFG/I              n/a            2.155         10.000      7.845      BUFGCTRL_X0Y3   pll_inst/inst/clkf_buf/I
Min Period  n/a     PLLE2_ADV/CLKFBOUT  n/a            1.249         10.000      8.751      PLLE2_ADV_X1Y2  pll_inst/inst/plle2_adv_inst/CLKFBOUT
Min Period  n/a     PLLE2_ADV/CLKFBIN   n/a            1.249         10.000      8.751      PLLE2_ADV_X1Y2  pll_inst/inst/plle2_adv_inst/CLKFBIN
Max Period  n/a     PLLE2_ADV/CLKFBIN   n/a            52.633        10.000      42.633     PLLE2_ADV_X1Y2  pll_inst/inst/plle2_adv_inst/CLKFBIN
Max Period  n/a     PLLE2_ADV/CLKFBOUT  n/a            160.000       10.000      150.000    PLLE2_ADV_X1Y2  pll_inst/inst/plle2_adv_inst/CLKFBOUT



---------------------------------------------------------------------------------------------------
From Clock:  clk_out1_clk_wiz_0_1
  To Clock:  clk_out3_clk_wiz_0_1

Setup :            0  Failing Endpoints,  Worst Slack        6.721ns,  Total Violation        0.000ns
Hold  :            0  Failing Endpoints,  Worst Slack        0.179ns,  Total Violation        0.000ns
---------------------------------------------------------------------------------------------------


Max Delay Paths
--------------------------------------------------------------------------------------
Slack (MET) :             6.721ns  (required time - arrival time)
  Source:                 kb_scancode_pix_reg[5]/C
                            (rising edge-triggered cell FDCE clocked by clk_out1_clk_wiz_0_1  {rise@0.000ns fall@20.000ns period=40.000ns})
  Destination:            kb_scancode_sys_reg[5]/D
                            (rising edge-triggered cell FDCE clocked by clk_out3_clk_wiz_0_1  {rise@0.000ns fall@5.000ns period=10.000ns})
  Path Group:             clk_out3_clk_wiz_0_1
  Path Type:              Setup (Max at Slow Process Corner)
  Requirement:            10.000ns  (clk_out3_clk_wiz_0_1 rise@10.000ns - clk_out1_clk_wiz_0_1 rise@0.000ns)
  Data Path Delay:        2.781ns  (logic 0.518ns (18.627%)  route 2.263ns (81.373%))
  Logic Levels:           0  
  Clock Path Skew:        -0.226ns (DCD - SCD + CPR)
    Destination Clock Delay (DCD):    -1.830ns = ( 8.170 - 10.000 ) 
    Source Clock Delay      (SCD):    -2.209ns
    Clock Pessimism Removal (CPR):    -0.605ns
  Clock Uncertainty:      0.211ns  ((TSJ^2 + DJ^2)^1/2) / 2 + PE
    Total System Jitter     (TSJ):    0.071ns
    Discrete Jitter          (DJ):    0.168ns
    Phase Error              (PE):    0.120ns

    Location             Delay type                Incr(ns)  Path(ns)    Netlist Resource(s)
  -------------------------------------------------------------------    -------------------
                         (clock clk_out1_clk_wiz_0_1 rise edge)
                                                      0.000     0.000 r  
    R4                                                0.000     0.000 r  CLK100MHZ (IN)
                         net (fo=0)                   0.000     0.000    pll_inst/inst/clk_in1
    R4                   IBUF (Prop_ibuf_I_O)         1.475     1.475 r  pll_inst/inst/clkin1_ibufg/O
                         net (fo=1, routed)           1.253     2.728    pll_inst/inst/clk_in1_clk_wiz_0
    PLLE2_ADV_X1Y2       PLLE2_ADV (Prop_plle2_adv_CLKIN1_CLKOUT0)
                                                     -8.953    -6.225 r  pll_inst/inst/plle2_adv_inst/CLKOUT0
                         net (fo=1, routed)           1.802    -4.422    pll_inst/inst/clk_out1_clk_wiz_0
    BUFGCTRL_X0Y0        BUFG (Prop_bufg_I_O)         0.096    -4.326 r  pll_inst/inst/clkout1_buf/O
                         net (fo=251, routed)         2.117    -2.209    pixel_clk
    SLICE_X20Y31         FDCE                                         r  kb_scancode_pix_reg[5]/C
  -------------------------------------------------------------------    -------------------
    SLICE_X20Y31         FDCE (Prop_fdce_C_Q)         0.518    -1.691 r  kb_scancode_pix_reg[5]/Q
                         net (fo=1, routed)           2.263     0.572    kb_scancode_pix[5]
    SLICE_X22Y20         FDCE                                         r  kb_scancode_sys_reg[5]/D
  -------------------------------------------------------------------    -------------------

                         (clock clk_out3_clk_wiz_0_1 rise edge)
                                                     10.000    10.000 r  
    R4                                                0.000    10.000 r  CLK100MHZ (IN)
                         net (fo=0)                   0.000    10.000    pll_inst/inst/clk_in1
    R4                   IBUF (Prop_ibuf_I_O)         1.405    11.405 r  pll_inst/inst/clkin1_ibufg/O
                         net (fo=1, routed)           1.181    12.586    pll_inst/inst/clk_in1_clk_wiz_0
    PLLE2_ADV_X1Y2       PLLE2_ADV (Prop_plle2_adv_CLKIN1_CLKOUT2)
                                                     -8.206     4.380 r  pll_inst/inst/plle2_adv_inst/CLKOUT2
                         net (fo=1, routed)           1.718     6.098    pll_inst/inst/clk_out3_clk_wiz_0
    BUFGCTRL_X0Y2        BUFG (Prop_bufg_I_O)         0.091     6.189 r  pll_inst/inst/clkout3_buf/O
                         net (fo=2500, routed)        1.981     8.170    sys_clk
    SLICE_X22Y20         FDCE                                         r  kb_scancode_sys_reg[5]/C
                         clock pessimism             -0.605     7.565    
                         clock uncertainty           -0.211     7.354    
    SLICE_X22Y20         FDCE (Setup_fdce_C_D)       -0.061     7.293    kb_scancode_sys_reg[5]
  -------------------------------------------------------------------
                         required time                          7.293    
                         arrival time                          -0.572    
  -------------------------------------------------------------------
                         slack                                  6.721    

Slack (MET) :             7.120ns  (required time - arrival time)
  Source:                 kb_scancode_pix_reg[0]/C
                            (rising edge-triggered cell FDCE clocked by clk_out1_clk_wiz_0_1  {rise@0.000ns fall@20.000ns period=40.000ns})
  Destination:            kb_scancode_sys_reg[0]/D
                            (rising edge-triggered cell FDCE clocked by clk_out3_clk_wiz_0_1  {rise@0.000ns fall@5.000ns period=10.000ns})
  Path Group:             clk_out3_clk_wiz_0_1
  Path Type:              Setup (Max at Slow Process Corner)
  Requirement:            10.000ns  (clk_out3_clk_wiz_0_1 rise@10.000ns - clk_out1_clk_wiz_0_1 rise@0.000ns)
  Data Path Delay:        2.411ns  (logic 0.518ns (21.485%)  route 1.893ns (78.515%))
  Logic Levels:           0  
  Clock Path Skew:        -0.227ns (DCD - SCD + CPR)
    Destination Clock Delay (DCD):    -1.817ns = ( 8.183 - 10.000 ) 
    Source Clock Delay      (SCD):    -2.195ns
    Clock Pessimism Removal (CPR):    -0.605ns
  Clock Uncertainty:      0.211ns  ((TSJ^2 + DJ^2)^1/2) / 2 + PE
    Total System Jitter     (TSJ):    0.071ns
    Discrete Jitter          (DJ):    0.168ns
    Phase Error              (PE):    0.120ns

    Location             Delay type                Incr(ns)  Path(ns)    Netlist Resource(s)
  -------------------------------------------------------------------    -------------------
                         (clock clk_out1_clk_wiz_0_1 rise edge)
                                                      0.000     0.000 r  
    R4                                                0.000     0.000 r  CLK100MHZ (IN)
                         net (fo=0)                   0.000     0.000    pll_inst/inst/clk_in1
    R4                   IBUF (Prop_ibuf_I_O)         1.475     1.475 r  pll_inst/inst/clkin1_ibufg/O
                         net (fo=1, routed)           1.253     2.728    pll_inst/inst/clk_in1_clk_wiz_0
    PLLE2_ADV_X1Y2       PLLE2_ADV (Prop_plle2_adv_CLKIN1_CLKOUT0)
                                                     -8.953    -6.225 r  pll_inst/inst/plle2_adv_inst/CLKOUT0
                         net (fo=1, routed)           1.802    -4.422    pll_inst/inst/clk_out1_clk_wiz_0
    BUFGCTRL_X0Y0        BUFG (Prop_bufg_I_O)         0.096    -4.326 r  pll_inst/inst/clkout1_buf/O
                         net (fo=251, routed)         2.131    -2.195    pixel_clk
    SLICE_X14Y43         FDCE                                         r  kb_scancode_pix_reg[0]/C
  -------------------------------------------------------------------    -------------------
    SLICE_X14Y43         FDCE (Prop_fdce_C_Q)         0.518    -1.677 r  kb_scancode_pix_reg[0]/Q
                         net (fo=1, routed)           1.893     0.216    kb_scancode_pix[0]
    SLICE_X8Y45          FDCE                                         r  kb_scancode_sys_reg[0]/D
  -------------------------------------------------------------------    -------------------

                         (clock clk_out3_clk_wiz_0_1 rise edge)
                                                     10.000    10.000 r  
    R4                                                0.000    10.000 r  CLK100MHZ (IN)
                         net (fo=0)                   0.000    10.000    pll_inst/inst/clk_in1
    R4                   IBUF (Prop_ibuf_I_O)         1.405    11.405 r  pll_inst/inst/clkin1_ibufg/O
                         net (fo=1, routed)           1.181    12.586    pll_inst/inst/clk_in1_clk_wiz_0
    PLLE2_ADV_X1Y2       PLLE2_ADV (Prop_plle2_adv_CLKIN1_CLKOUT2)
                                                     -8.206     4.380 r  pll_inst/inst/plle2_adv_inst/CLKOUT2
                         net (fo=1, routed)           1.718     6.098    pll_inst/inst/clk_out3_clk_wiz_0
    BUFGCTRL_X0Y2        BUFG (Prop_bufg_I_O)         0.091     6.189 r  pll_inst/inst/clkout3_buf/O
                         net (fo=2500, routed)        1.994     8.183    sys_clk
    SLICE_X8Y45          FDCE                                         r  kb_scancode_sys_reg[0]/C
                         clock pessimism             -0.605     7.578    
                         clock uncertainty           -0.211     7.367    
    SLICE_X8Y45          FDCE (Setup_fdce_C_D)       -0.031     7.336    kb_scancode_sys_reg[0]
  -------------------------------------------------------------------
                         required time                          7.336    
                         arrival time                          -0.216    
  -------------------------------------------------------------------
                         slack                                  7.120    

Slack (MET) :             7.236ns  (required time - arrival time)
  Source:                 kb_scancode_pix_reg[4]/C
                            (rising edge-triggered cell FDCE clocked by clk_out1_clk_wiz_0_1  {rise@0.000ns fall@20.000ns period=40.000ns})
  Destination:            kb_scancode_sys_reg[4]/D
                            (rising edge-triggered cell FDCE clocked by clk_out3_clk_wiz_0_1  {rise@0.000ns fall@5.000ns period=10.000ns})
  Path Group:             clk_out3_clk_wiz_0_1
  Path Type:              Setup (Max at Slow Process Corner)
  Requirement:            10.000ns  (clk_out3_clk_wiz_0_1 rise@10.000ns - clk_out1_clk_wiz_0_1 rise@0.000ns)
  Data Path Delay:        2.269ns  (logic 0.518ns (22.830%)  route 1.751ns (77.170%))
  Logic Levels:           0  
  Clock Path Skew:        -0.226ns (DCD - SCD + CPR)
    Destination Clock Delay (DCD):    -1.830ns = ( 8.170 - 10.000 ) 
    Source Clock Delay      (SCD):    -2.209ns
    Clock Pessimism Removal (CPR):    -0.605ns
  Clock Uncertainty:      0.211ns  ((TSJ^2 + DJ^2)^1/2) / 2 + PE
    Total System Jitter     (TSJ):    0.071ns
    Discrete Jitter          (DJ):    0.168ns
    Phase Error              (PE):    0.120ns

    Location             Delay type                Incr(ns)  Path(ns)    Netlist Resource(s)
  -------------------------------------------------------------------    -------------------
                         (clock clk_out1_clk_wiz_0_1 rise edge)
                                                      0.000     0.000 r  
    R4                                                0.000     0.000 r  CLK100MHZ (IN)
                         net (fo=0)                   0.000     0.000    pll_inst/inst/clk_in1
    R4                   IBUF (Prop_ibuf_I_O)         1.475     1.475 r  pll_inst/inst/clkin1_ibufg/O
                         net (fo=1, routed)           1.253     2.728    pll_inst/inst/clk_in1_clk_wiz_0
    PLLE2_ADV_X1Y2       PLLE2_ADV (Prop_plle2_adv_CLKIN1_CLKOUT0)
                                                     -8.953    -6.225 r  pll_inst/inst/plle2_adv_inst/CLKOUT0
                         net (fo=1, routed)           1.802    -4.422    pll_inst/inst/clk_out1_clk_wiz_0
    BUFGCTRL_X0Y0        BUFG (Prop_bufg_I_O)         0.096    -4.326 r  pll_inst/inst/clkout1_buf/O
                         net (fo=251, routed)         2.117    -2.209    pixel_clk
    SLICE_X20Y31         FDCE                                         r  kb_scancode_pix_reg[4]/C
  -------------------------------------------------------------------    -------------------
    SLICE_X20Y31         FDCE (Prop_fdce_C_Q)         0.518    -1.691 r  kb_scancode_pix_reg[4]/Q
                         net (fo=1, routed)           1.751     0.060    kb_scancode_pix[4]
    SLICE_X22Y20         FDCE                                         r  kb_scancode_sys_reg[4]/D
  -------------------------------------------------------------------    -------------------

                         (clock clk_out3_clk_wiz_0_1 rise edge)
                                                     10.000    10.000 r  
    R4                                                0.000    10.000 r  CLK100MHZ (IN)
                         net (fo=0)                   0.000    10.000    pll_inst/inst/clk_in1
    R4                   IBUF (Prop_ibuf_I_O)         1.405    11.405 r  pll_inst/inst/clkin1_ibufg/O
                         net (fo=1, routed)           1.181    12.586    pll_inst/inst/clk_in1_clk_wiz_0
    PLLE2_ADV_X1Y2       PLLE2_ADV (Prop_plle2_adv_CLKIN1_CLKOUT2)
                                                     -8.206     4.380 r  pll_inst/inst/plle2_adv_inst/CLKOUT2
                         net (fo=1, routed)           1.718     6.098    pll_inst/inst/clk_out3_clk_wiz_0
    BUFGCTRL_X0Y2        BUFG (Prop_bufg_I_O)         0.091     6.189 r  pll_inst/inst/clkout3_buf/O
                         net (fo=2500, routed)        1.981     8.170    sys_clk
    SLICE_X22Y20         FDCE                                         r  kb_scancode_sys_reg[4]/C
                         clock pessimism             -0.605     7.565    
                         clock uncertainty           -0.211     7.354    
    SLICE_X22Y20         FDCE (Setup_fdce_C_D)       -0.058     7.296    kb_scancode_sys_reg[4]
  -------------------------------------------------------------------
                         required time                          7.296    
                         arrival time                          -0.060    
  -------------------------------------------------------------------
                         slack                                  7.236    

Slack (MET) :             7.245ns  (required time - arrival time)
  Source:                 kb_scancode_pix_reg[6]/C
                            (rising edge-triggered cell FDCE clocked by clk_out1_clk_wiz_0_1  {rise@0.000ns fall@20.000ns period=40.000ns})
  Destination:            kb_scancode_sys_reg[6]/D
                            (rising edge-triggered cell FDCE clocked by clk_out3_clk_wiz_0_1  {rise@0.000ns fall@5.000ns period=10.000ns})
  Path Group:             clk_out3_clk_wiz_0_1
  Path Type:              Setup (Max at Slow Process Corner)
  Requirement:            10.000ns  (clk_out3_clk_wiz_0_1 rise@10.000ns - clk_out1_clk_wiz_0_1 rise@0.000ns)
  Data Path Delay:        2.254ns  (logic 0.518ns (22.977%)  route 1.736ns (77.023%))
  Logic Levels:           0  
  Clock Path Skew:        -0.226ns (DCD - SCD + CPR)
    Destination Clock Delay (DCD):    -1.830ns = ( 8.170 - 10.000 ) 
    Source Clock Delay      (SCD):    -2.209ns
    Clock Pessimism Removal (CPR):    -0.605ns
  Clock Uncertainty:      0.211ns  ((TSJ^2 + DJ^2)^1/2) / 2 + PE
    Total System Jitter     (TSJ):    0.071ns
    Discrete Jitter          (DJ):    0.168ns
    Phase Error              (PE):    0.120ns

    Location             Delay type                Incr(ns)  Path(ns)    Netlist Resource(s)
  -------------------------------------------------------------------    -------------------
                         (clock clk_out1_clk_wiz_0_1 rise edge)
                                                      0.000     0.000 r  
    R4                                                0.000     0.000 r  CLK100MHZ (IN)
                         net (fo=0)                   0.000     0.000    pll_inst/inst/clk_in1
    R4                   IBUF (Prop_ibuf_I_O)         1.475     1.475 r  pll_inst/inst/clkin1_ibufg/O
                         net (fo=1, routed)           1.253     2.728    pll_inst/inst/clk_in1_clk_wiz_0
    PLLE2_ADV_X1Y2       PLLE2_ADV (Prop_plle2_adv_CLKIN1_CLKOUT0)
                                                     -8.953    -6.225 r  pll_inst/inst/plle2_adv_inst/CLKOUT0
                         net (fo=1, routed)           1.802    -4.422    pll_inst/inst/clk_out1_clk_wiz_0
    BUFGCTRL_X0Y0        BUFG (Prop_bufg_I_O)         0.096    -4.326 r  pll_inst/inst/clkout1_buf/O
                         net (fo=251, routed)         2.117    -2.209    pixel_clk
    SLICE_X20Y31         FDCE                                         r  kb_scancode_pix_reg[6]/C
  -------------------------------------------------------------------    -------------------
    SLICE_X20Y31         FDCE (Prop_fdce_C_Q)         0.518    -1.691 r  kb_scancode_pix_reg[6]/Q
                         net (fo=1, routed)           1.736     0.046    kb_scancode_pix[6]
    SLICE_X22Y20         FDCE                                         r  kb_scancode_sys_reg[6]/D
  -------------------------------------------------------------------    -------------------

                         (clock clk_out3_clk_wiz_0_1 rise edge)
                                                     10.000    10.000 r  
    R4                                                0.000    10.000 r  CLK100MHZ (IN)
                         net (fo=0)                   0.000    10.000    pll_inst/inst/clk_in1
    R4                   IBUF (Prop_ibuf_I_O)         1.405    11.405 r  pll_inst/inst/clkin1_ibufg/O
                         net (fo=1, routed)           1.181    12.586    pll_inst/inst/clk_in1_clk_wiz_0
    PLLE2_ADV_X1Y2       PLLE2_ADV (Prop_plle2_adv_CLKIN1_CLKOUT2)
                                                     -8.206     4.380 r  pll_inst/inst/plle2_adv_inst/CLKOUT2
                         net (fo=1, routed)           1.718     6.098    pll_inst/inst/clk_out3_clk_wiz_0
    BUFGCTRL_X0Y2        BUFG (Prop_bufg_I_O)         0.091     6.189 r  pll_inst/inst/clkout3_buf/O
                         net (fo=2500, routed)        1.981     8.170    sys_clk
    SLICE_X22Y20         FDCE                                         r  kb_scancode_sys_reg[6]/C
                         clock pessimism             -0.605     7.565    
                         clock uncertainty           -0.211     7.354    
    SLICE_X22Y20         FDCE (Setup_fdce_C_D)       -0.063     7.291    kb_scancode_sys_reg[6]
  -------------------------------------------------------------------
                         required time                          7.291    
                         arrival time                          -0.046    
  -------------------------------------------------------------------
                         slack                                  7.245    

Slack (MET) :             7.346ns  (required time - arrival time)
  Source:                 kb_scancode_pix_reg[3]/C
                            (rising edge-triggered cell FDCE clocked by clk_out1_clk_wiz_0_1  {rise@0.000ns fall@20.000ns period=40.000ns})
  Destination:            kb_scancode_sys_reg[3]/D
                            (rising edge-triggered cell FDCE clocked by clk_out3_clk_wiz_0_1  {rise@0.000ns fall@5.000ns period=10.000ns})
  Path Group:             clk_out3_clk_wiz_0_1
  Path Type:              Setup (Max at Slow Process Corner)
  Requirement:            10.000ns  (clk_out3_clk_wiz_0_1 rise@10.000ns - clk_out1_clk_wiz_0_1 rise@0.000ns)
  Data Path Delay:        2.150ns  (logic 0.518ns (24.097%)  route 1.632ns (75.903%))
  Logic Levels:           0  
  Clock Path Skew:        -0.226ns (DCD - SCD + CPR)
    Destination Clock Delay (DCD):    -1.816ns = ( 8.184 - 10.000 ) 
    Source Clock Delay      (SCD):    -2.195ns
    Clock Pessimism Removal (CPR):    -0.605ns
  Clock Uncertainty:      0.211ns  ((TSJ^2 + DJ^2)^1/2) / 2 + PE
    Total System Jitter     (TSJ):    0.071ns
    Discrete Jitter          (DJ):    0.168ns
    Phase Error              (PE):    0.120ns

    Location             Delay type                Incr(ns)  Path(ns)    Netlist Resource(s)
  -------------------------------------------------------------------    -------------------
                         (clock clk_out1_clk_wiz_0_1 rise edge)
                                                      0.000     0.000 r  
    R4                                                0.000     0.000 r  CLK100MHZ (IN)
                         net (fo=0)                   0.000     0.000    pll_inst/inst/clk_in1
    R4                   IBUF (Prop_ibuf_I_O)         1.475     1.475 r  pll_inst/inst/clkin1_ibufg/O
                         net (fo=1, routed)           1.253     2.728    pll_inst/inst/clk_in1_clk_wiz_0
    PLLE2_ADV_X1Y2       PLLE2_ADV (Prop_plle2_adv_CLKIN1_CLKOUT0)
                                                     -8.953    -6.225 r  pll_inst/inst/plle2_adv_inst/CLKOUT0
                         net (fo=1, routed)           1.802    -4.422    pll_inst/inst/clk_out1_clk_wiz_0
    BUFGCTRL_X0Y0        BUFG (Prop_bufg_I_O)         0.096    -4.326 r  pll_inst/inst/clkout1_buf/O
                         net (fo=251, routed)         2.131    -2.195    pixel_clk
    SLICE_X14Y43         FDCE                                         r  kb_scancode_pix_reg[3]/C
  -------------------------------------------------------------------    -------------------
    SLICE_X14Y43         FDCE (Prop_fdce_C_Q)         0.518    -1.677 r  kb_scancode_pix_reg[3]/Q
                         net (fo=1, routed)           1.632    -0.045    kb_scancode_pix[3]
    SLICE_X13Y46         FDCE                                         r  kb_scancode_sys_reg[3]/D
  -------------------------------------------------------------------    -------------------

                         (clock clk_out3_clk_wiz_0_1 rise edge)
                                                     10.000    10.000 r  
    R4                                                0.000    10.000 r  CLK100MHZ (IN)
                         net (fo=0)                   0.000    10.000    pll_inst/inst/clk_in1
    R4                   IBUF (Prop_ibuf_I_O)         1.405    11.405 r  pll_inst/inst/clkin1_ibufg/O
                         net (fo=1, routed)           1.181    12.586    pll_inst/inst/clk_in1_clk_wiz_0
    PLLE2_ADV_X1Y2       PLLE2_ADV (Prop_plle2_adv_CLKIN1_CLKOUT2)
                                                     -8.206     4.380 r  pll_inst/inst/plle2_adv_inst/CLKOUT2
                         net (fo=1, routed)           1.718     6.098    pll_inst/inst/clk_out3_clk_wiz_0
    BUFGCTRL_X0Y2        BUFG (Prop_bufg_I_O)         0.091     6.189 r  pll_inst/inst/clkout3_buf/O
                         net (fo=2500, routed)        1.995     8.184    sys_clk
    SLICE_X13Y46         FDCE                                         r  kb_scancode_sys_reg[3]/C
                         clock pessimism             -0.605     7.579    
                         clock uncertainty           -0.211     7.368    
    SLICE_X13Y46         FDCE (Setup_fdce_C_D)       -0.067     7.301    kb_scancode_sys_reg[3]
  -------------------------------------------------------------------
                         required time                          7.301    
                         arrival time                           0.045    
  -------------------------------------------------------------------
                         slack                                  7.346    

Slack (MET) :             7.385ns  (required time - arrival time)
  Source:                 kb_scancode_pix_reg[2]/C
                            (rising edge-triggered cell FDCE clocked by clk_out1_clk_wiz_0_1  {rise@0.000ns fall@20.000ns period=40.000ns})
  Destination:            kb_scancode_sys_reg[2]/D
                            (rising edge-triggered cell FDCE clocked by clk_out3_clk_wiz_0_1  {rise@0.000ns fall@5.000ns period=10.000ns})
  Path Group:             clk_out3_clk_wiz_0_1
  Path Type:              Setup (Max at Slow Process Corner)
  Requirement:            10.000ns  (clk_out3_clk_wiz_0_1 rise@10.000ns - clk_out1_clk_wiz_0_1 rise@0.000ns)
  Data Path Delay:        2.095ns  (logic 0.518ns (24.728%)  route 1.577ns (75.272%))
  Logic Levels:           0  
  Clock Path Skew:        -0.228ns (DCD - SCD + CPR)
    Destination Clock Delay (DCD):    -1.818ns = ( 8.182 - 10.000 ) 
    Source Clock Delay      (SCD):    -2.195ns
    Clock Pessimism Removal (CPR):    -0.605ns
  Clock Uncertainty:      0.211ns  ((TSJ^2 + DJ^2)^1/2) / 2 + PE
    Total System Jitter     (TSJ):    0.071ns
    Discrete Jitter          (DJ):    0.168ns
    Phase Error              (PE):    0.120ns

    Location             Delay type                Incr(ns)  Path(ns)    Netlist Resource(s)
  -------------------------------------------------------------------    -------------------
                         (clock clk_out1_clk_wiz_0_1 rise edge)
                                                      0.000     0.000 r  
    R4                                                0.000     0.000 r  CLK100MHZ (IN)
                         net (fo=0)                   0.000     0.000    pll_inst/inst/clk_in1
    R4                   IBUF (Prop_ibuf_I_O)         1.475     1.475 r  pll_inst/inst/clkin1_ibufg/O
                         net (fo=1, routed)           1.253     2.728    pll_inst/inst/clk_in1_clk_wiz_0
    PLLE2_ADV_X1Y2       PLLE2_ADV (Prop_plle2_adv_CLKIN1_CLKOUT0)
                                                     -8.953    -6.225 r  pll_inst/inst/plle2_adv_inst/CLKOUT0
                         net (fo=1, routed)           1.802    -4.422    pll_inst/inst/clk_out1_clk_wiz_0
    BUFGCTRL_X0Y0        BUFG (Prop_bufg_I_O)         0.096    -4.326 r  pll_inst/inst/clkout1_buf/O
                         net (fo=251, routed)         2.131    -2.195    pixel_clk
    SLICE_X14Y43         FDCE                                         r  kb_scancode_pix_reg[2]/C
  -------------------------------------------------------------------    -------------------
    SLICE_X14Y43         FDCE (Prop_fdce_C_Q)         0.518    -1.677 r  kb_scancode_pix_reg[2]/Q
                         net (fo=1, routed)           1.577    -0.100    kb_scancode_pix[2]
    SLICE_X13Y39         FDCE                                         r  kb_scancode_sys_reg[2]/D
  -------------------------------------------------------------------    -------------------

                         (clock clk_out3_clk_wiz_0_1 rise edge)
                                                     10.000    10.000 r  
    R4                                                0.000    10.000 r  CLK100MHZ (IN)
                         net (fo=0)                   0.000    10.000    pll_inst/inst/clk_in1
    R4                   IBUF (Prop_ibuf_I_O)         1.405    11.405 r  pll_inst/inst/clkin1_ibufg/O
                         net (fo=1, routed)           1.181    12.586    pll_inst/inst/clk_in1_clk_wiz_0
    PLLE2_ADV_X1Y2       PLLE2_ADV (Prop_plle2_adv_CLKIN1_CLKOUT2)
                                                     -8.206     4.380 r  pll_inst/inst/plle2_adv_inst/CLKOUT2
                         net (fo=1, routed)           1.718     6.098    pll_inst/inst/clk_out3_clk_wiz_0
    BUFGCTRL_X0Y2        BUFG (Prop_bufg_I_O)         0.091     6.189 r  pll_inst/inst/clkout3_buf/O
                         net (fo=2500, routed)        1.993     8.182    sys_clk
    SLICE_X13Y39         FDCE                                         r  kb_scancode_sys_reg[2]/C
                         clock pessimism             -0.605     7.577    
                         clock uncertainty           -0.211     7.366    
    SLICE_X13Y39         FDCE (Setup_fdce_C_D)       -0.081     7.285    kb_scancode_sys_reg[2]
  -------------------------------------------------------------------
                         required time                          7.285    
                         arrival time                           0.100    
  -------------------------------------------------------------------
                         slack                                  7.385    

Slack (MET) :             7.408ns  (required time - arrival time)
  Source:                 kb_scancode_pix_reg[1]/C
                            (rising edge-triggered cell FDCE clocked by clk_out1_clk_wiz_0_1  {rise@0.000ns fall@20.000ns period=40.000ns})
  Destination:            kb_scancode_sys_reg[1]/D
                            (rising edge-triggered cell FDCE clocked by clk_out3_clk_wiz_0_1  {rise@0.000ns fall@5.000ns period=10.000ns})
  Path Group:             clk_out3_clk_wiz_0_1
  Path Type:              Setup (Max at Slow Process Corner)
  Requirement:            10.000ns  (clk_out3_clk_wiz_0_1 rise@10.000ns - clk_out1_clk_wiz_0_1 rise@0.000ns)
  Data Path Delay:        2.086ns  (logic 0.518ns (24.834%)  route 1.568ns (75.166%))
  Logic Levels:           0  
  Clock Path Skew:        -0.228ns (DCD - SCD + CPR)
    Destination Clock Delay (DCD):    -1.818ns = ( 8.182 - 10.000 ) 
    Source Clock Delay      (SCD):    -2.195ns
    Clock Pessimism Removal (CPR):    -0.605ns
  Clock Uncertainty:      0.211ns  ((TSJ^2 + DJ^2)^1/2) / 2 + PE
    Total System Jitter     (TSJ):    0.071ns
    Discrete Jitter          (DJ):    0.168ns
    Phase Error              (PE):    0.120ns

    Location             Delay type                Incr(ns)  Path(ns)    Netlist Resource(s)
  -------------------------------------------------------------------    -------------------
                         (clock clk_out1_clk_wiz_0_1 rise edge)
                                                      0.000     0.000 r  
    R4                                                0.000     0.000 r  CLK100MHZ (IN)
                         net (fo=0)                   0.000     0.000    pll_inst/inst/clk_in1
    R4                   IBUF (Prop_ibuf_I_O)         1.475     1.475 r  pll_inst/inst/clkin1_ibufg/O
                         net (fo=1, routed)           1.253     2.728    pll_inst/inst/clk_in1_clk_wiz_0
    PLLE2_ADV_X1Y2       PLLE2_ADV (Prop_plle2_adv_CLKIN1_CLKOUT0)
                                                     -8.953    -6.225 r  pll_inst/inst/plle2_adv_inst/CLKOUT0
                         net (fo=1, routed)           1.802    -4.422    pll_inst/inst/clk_out1_clk_wiz_0
    BUFGCTRL_X0Y0        BUFG (Prop_bufg_I_O)         0.096    -4.326 r  pll_inst/inst/clkout1_buf/O
                         net (fo=251, routed)         2.131    -2.195    pixel_clk
    SLICE_X14Y43         FDCE                                         r  kb_scancode_pix_reg[1]/C
  -------------------------------------------------------------------    -------------------
    SLICE_X14Y43         FDCE (Prop_fdce_C_Q)         0.518    -1.677 r  kb_scancode_pix_reg[1]/Q
                         net (fo=1, routed)           1.568    -0.109    kb_scancode_pix[1]
    SLICE_X13Y39         FDCE                                         r  kb_scancode_sys_reg[1]/D
  -------------------------------------------------------------------    -------------------

                         (clock clk_out3_clk_wiz_0_1 rise edge)
                                                     10.000    10.000 r  
    R4                                                0.000    10.000 r  CLK100MHZ (IN)
                         net (fo=0)                   0.000    10.000    pll_inst/inst/clk_in1
    R4                   IBUF (Prop_ibuf_I_O)         1.405    11.405 r  pll_inst/inst/clkin1_ibufg/O
                         net (fo=1, routed)           1.181    12.586    pll_inst/inst/clk_in1_clk_wiz_0
    PLLE2_ADV_X1Y2       PLLE2_ADV (Prop_plle2_adv_CLKIN1_CLKOUT2)
                                                     -8.206     4.380 r  pll_inst/inst/plle2_adv_inst/CLKOUT2
                         net (fo=1, routed)           1.718     6.098    pll_inst/inst/clk_out3_clk_wiz_0
    BUFGCTRL_X0Y2        BUFG (Prop_bufg_I_O)         0.091     6.189 r  pll_inst/inst/clkout3_buf/O
                         net (fo=2500, routed)        1.993     8.182    sys_clk
    SLICE_X13Y39         FDCE                                         r  kb_scancode_sys_reg[1]/C
                         clock pessimism             -0.605     7.577    
                         clock uncertainty           -0.211     7.366    
    SLICE_X13Y39         FDCE (Setup_fdce_C_D)       -0.067     7.299    kb_scancode_sys_reg[1]
  -------------------------------------------------------------------
                         required time                          7.299    
                         arrival time                           0.109    
  -------------------------------------------------------------------
                         slack                                  7.408    

Slack (MET) :             7.427ns  (required time - arrival time)
  Source:                 kb_toggle_pix_reg/C
                            (rising edge-triggered cell FDCE clocked by clk_out1_clk_wiz_0_1  {rise@0.000ns fall@20.000ns period=40.000ns})
  Destination:            kb_toggle_sync_reg[0]/D
                            (rising edge-triggered cell FDCE clocked by clk_out3_clk_wiz_0_1  {rise@0.000ns fall@5.000ns period=10.000ns})
  Path Group:             clk_out3_clk_wiz_0_1
  Path Type:              Setup (Max at Slow Process Corner)
  Requirement:            10.000ns  (clk_out3_clk_wiz_0_1 rise@10.000ns - clk_out1_clk_wiz_0_1 rise@0.000ns)
  Data Path Delay:        2.091ns  (logic 0.456ns (21.807%)  route 1.635ns (78.193%))
  Logic Levels:           0  
  Clock Path Skew:        -0.226ns (DCD - SCD + CPR)
    Destination Clock Delay (DCD):    -1.821ns = ( 8.179 - 10.000 ) 
    Source Clock Delay      (SCD):    -2.200ns
    Clock Pessimism Removal (CPR):    -0.605ns
  Clock Uncertainty:      0.211ns  ((TSJ^2 + DJ^2)^1/2) / 2 + PE
    Total System Jitter     (TSJ):    0.071ns
    Discrete Jitter          (DJ):    0.168ns
    Phase Error              (PE):    0.120ns

    Location             Delay type                Incr(ns)  Path(ns)    Netlist Resource(s)
  -------------------------------------------------------------------    -------------------
                         (clock clk_out1_clk_wiz_0_1 rise edge)
                                                      0.000     0.000 r  
    R4                                                0.000     0.000 r  CLK100MHZ (IN)
                         net (fo=0)                   0.000     0.000    pll_inst/inst/clk_in1
    R4                   IBUF (Prop_ibuf_I_O)         1.475     1.475 r  pll_inst/inst/clkin1_ibufg/O
                         net (fo=1, routed)           1.253     2.728    pll_inst/inst/clk_in1_clk_wiz_0
    PLLE2_ADV_X1Y2       PLLE2_ADV (Prop_plle2_adv_CLKIN1_CLKOUT0)
                                                     -8.953    -6.225 r  pll_inst/inst/plle2_adv_inst/CLKOUT0
                         net (fo=1, routed)           1.802    -4.422    pll_inst/inst/clk_out1_clk_wiz_0
    BUFGCTRL_X0Y0        BUFG (Prop_bufg_I_O)         0.096    -4.326 r  pll_inst/inst/clkout1_buf/O
                         net (fo=251, routed)         2.126    -2.200    pixel_clk
    SLICE_X15Y35         FDCE                                         r  kb_toggle_pix_reg/C
  -------------------------------------------------------------------    -------------------
    SLICE_X15Y35         FDCE (Prop_fdce_C_Q)         0.456    -1.744 r  kb_toggle_pix_reg/Q
                         net (fo=2, routed)           1.635    -0.109    kb_toggle_pix
    SLICE_X14Y35         FDCE                                         r  kb_toggle_sync_reg[0]/D
  -------------------------------------------------------------------    -------------------

                         (clock clk_out3_clk_wiz_0_1 rise edge)
                                                     10.000    10.000 r  
    R4                                                0.000    10.000 r  CLK100MHZ (IN)
                         net (fo=0)                   0.000    10.000    pll_inst/inst/clk_in1
    R4                   IBUF (Prop_ibuf_I_O)         1.405    11.405 r  pll_inst/inst/clkin1_ibufg/O
                         net (fo=1, routed)           1.181    12.586    pll_inst/inst/clk_in1_clk_wiz_0
    PLLE2_ADV_X1Y2       PLLE2_ADV (Prop_plle2_adv_CLKIN1_CLKOUT2)
                                                     -8.206     4.380 r  pll_inst/inst/plle2_adv_inst/CLKOUT2
                         net (fo=1, routed)           1.718     6.098    pll_inst/inst/clk_out3_clk_wiz_0
    BUFGCTRL_X0Y2        BUFG (Prop_bufg_I_O)         0.091     6.189 r  pll_inst/inst/clkout3_buf/O
                         net (fo=2500, routed)        1.990     8.179    sys_clk
    SLICE_X14Y35         FDCE                                         r  kb_toggle_sync_reg[0]/C
                         clock pessimism             -0.605     7.574    
                         clock uncertainty           -0.211     7.363    
    SLICE_X14Y35         FDCE (Setup_fdce_C_D)       -0.045     7.318    kb_toggle_sync_reg[0]
  -------------------------------------------------------------------
                         required time                          7.318    
                         arrival time                           0.109    
  -------------------------------------------------------------------
                         slack                                  7.427    

Slack (MET) :             7.478ns  (required time - arrival time)
  Source:                 kb_scancode_pix_reg[7]/C
                            (rising edge-triggered cell FDCE clocked by clk_out1_clk_wiz_0_1  {rise@0.000ns fall@20.000ns period=40.000ns})
  Destination:            kb_scancode_sys_reg[7]/D
                            (rising edge-triggered cell FDCE clocked by clk_out3_clk_wiz_0_1  {rise@0.000ns fall@5.000ns period=10.000ns})
  Path Group:             clk_out3_clk_wiz_0_1
  Path Type:              Setup (Max at Slow Process Corner)
  Requirement:            10.000ns  (clk_out3_clk_wiz_0_1 rise@10.000ns - clk_out1_clk_wiz_0_1 rise@0.000ns)
  Data Path Delay:        2.018ns  (logic 0.518ns (25.667%)  route 1.500ns (74.333%))
  Logic Levels:           0  
  Clock Path Skew:        -0.226ns (DCD - SCD + CPR)
    Destination Clock Delay (DCD):    -1.829ns = ( 8.171 - 10.000 ) 
    Source Clock Delay      (SCD):    -2.208ns
    Clock Pessimism Removal (CPR):    -0.605ns
  Clock Uncertainty:      0.211ns  ((TSJ^2 + DJ^2)^1/2) / 2 + PE
    Total System Jitter     (TSJ):    0.071ns
    Discrete Jitter          (DJ):    0.168ns
    Phase Error              (PE):    0.120ns

    Location             Delay type                Incr(ns)  Path(ns)    Netlist Resource(s)
  -------------------------------------------------------------------    -------------------
                         (clock clk_out1_clk_wiz_0_1 rise edge)
                                                      0.000     0.000 r  
    R4                                                0.000     0.000 r  CLK100MHZ (IN)
                         net (fo=0)                   0.000     0.000    pll_inst/inst/clk_in1
    R4                   IBUF (Prop_ibuf_I_O)         1.475     1.475 r  pll_inst/inst/clkin1_ibufg/O
                         net (fo=1, routed)           1.253     2.728    pll_inst/inst/clk_in1_clk_wiz_0
    PLLE2_ADV_X1Y2       PLLE2_ADV (Prop_plle2_adv_CLKIN1_CLKOUT0)
                                                     -8.953    -6.225 r  pll_inst/inst/plle2_adv_inst/CLKOUT0
                         net (fo=1, routed)           1.802    -4.422    pll_inst/inst/clk_out1_clk_wiz_0
    BUFGCTRL_X0Y0        BUFG (Prop_bufg_I_O)         0.096    -4.326 r  pll_inst/inst/clkout1_buf/O
                         net (fo=251, routed)         2.118    -2.208    pixel_clk
    SLICE_X18Y31         FDCE                                         r  kb_scancode_pix_reg[7]/C
  -------------------------------------------------------------------    -------------------
    SLICE_X18Y31         FDCE (Prop_fdce_C_Q)         0.518    -1.690 r  kb_scancode_pix_reg[7]/Q
                         net (fo=1, routed)           1.500    -0.190    kb_scancode_pix[7]
    SLICE_X17Y21         FDCE                                         r  kb_scancode_sys_reg[7]/D
  -------------------------------------------------------------------    -------------------

                         (clock clk_out3_clk_wiz_0_1 rise edge)
                                                     10.000    10.000 r  
    R4                                                0.000    10.000 r  CLK100MHZ (IN)
                         net (fo=0)                   0.000    10.000    pll_inst/inst/clk_in1
    R4                   IBUF (Prop_ibuf_I_O)         1.405    11.405 r  pll_inst/inst/clkin1_ibufg/O
                         net (fo=1, routed)           1.181    12.586    pll_inst/inst/clk_in1_clk_wiz_0
    PLLE2_ADV_X1Y2       PLLE2_ADV (Prop_plle2_adv_CLKIN1_CLKOUT2)
                                                     -8.206     4.380 r  pll_inst/inst/plle2_adv_inst/CLKOUT2
                         net (fo=1, routed)           1.718     6.098    pll_inst/inst/clk_out3_clk_wiz_0
    BUFGCTRL_X0Y2        BUFG (Prop_bufg_I_O)         0.091     6.189 r  pll_inst/inst/clkout3_buf/O
                         net (fo=2500, routed)        1.982     8.171    sys_clk
    SLICE_X17Y21         FDCE                                         r  kb_scancode_sys_reg[7]/C
                         clock pessimism             -0.605     7.566    
                         clock uncertainty           -0.211     7.355    
    SLICE_X17Y21         FDCE (Setup_fdce_C_D)       -0.067     7.288    kb_scancode_sys_reg[7]
  -------------------------------------------------------------------
                         required time                          7.288    
                         arrival time                           0.190    
  -------------------------------------------------------------------
                         slack                                  7.478    





Min Delay Paths
--------------------------------------------------------------------------------------
Slack (MET) :             0.179ns  (arrival time - required time)
  Source:                 kb_scancode_pix_reg[1]/C
                            (rising edge-triggered cell FDCE clocked by clk_out1_clk_wiz_0_1  {rise@0.000ns fall@20.000ns period=40.000ns})
  Destination:            kb_scancode_sys_reg[1]/D
                            (rising edge-triggered cell FDCE clocked by clk_out3_clk_wiz_0_1  {rise@0.000ns fall@5.000ns period=10.000ns})
  Path Group:             clk_out3_clk_wiz_0_1
  Path Type:              Hold (Min at Fast Process Corner)
  Requirement:            0.000ns  (clk_out3_clk_wiz_0_1 rise@0.000ns - clk_out1_clk_wiz_0_1 rise@0.000ns)
  Data Path Delay:        0.789ns  (logic 0.164ns (20.791%)  route 0.625ns (79.209%))
  Logic Levels:           0  
  Clock Path Skew:        0.329ns (DCD - SCD - CPR)
    Destination Clock Delay (DCD):    -0.250ns
    Source Clock Delay      (SCD):    -0.482ns
    Clock Pessimism Removal (CPR):    -0.097ns
  Clock Uncertainty:      0.211ns  ((TSJ^2 + DJ^2)^1/2) / 2 + PE
    Total System Jitter     (TSJ):    0.071ns
    Discrete Jitter          (DJ):    0.168ns
    Phase Error              (PE):    0.120ns

    Location             Delay type                Incr(ns)  Path(ns)    Netlist Resource(s)
  -------------------------------------------------------------------    -------------------
                         (clock clk_out1_clk_wiz_0_1 rise edge)
                                                      0.000     0.000 r  
    R4                                                0.000     0.000 r  CLK100MHZ (IN)
                         net (fo=0)                   0.000     0.000    pll_inst/inst/clk_in1
    R4                   IBUF (Prop_ibuf_I_O)         0.243     0.243 r  pll_inst/inst/clkin1_ibufg/O
                         net (fo=1, routed)           0.440     0.683    pll_inst/inst/clk_in1_clk_wiz_0
    PLLE2_ADV_X1Y2       PLLE2_ADV (Prop_plle2_adv_CLKIN1_CLKOUT0)
                                                     -2.503    -1.819 r  pll_inst/inst/plle2_adv_inst/CLKOUT0
                         net (fo=1, routed)           0.546    -1.273    pll_inst/inst/clk_out1_clk_wiz_0
    BUFGCTRL_X0Y0        BUFG (Prop_bufg_I_O)         0.026    -1.247 r  pll_inst/inst/clkout1_buf/O
                         net (fo=251, routed)         0.766    -0.482    pixel_clk
    SLICE_X14Y43         FDCE                                         r  kb_scancode_pix_reg[1]/C
  -------------------------------------------------------------------    -------------------
    SLICE_X14Y43         FDCE (Prop_fdce_C_Q)         0.164    -0.318 r  kb_scancode_pix_reg[1]/Q
                         net (fo=1, routed)           0.625     0.307    kb_scancode_pix[1]
    SLICE_X13Y39         FDCE                                         r  kb_scancode_sys_reg[1]/D
  -------------------------------------------------------------------    -------------------

                         (clock clk_out3_clk_wiz_0_1 rise edge)
                                                      0.000     0.000 r  
    R4                                                0.000     0.000 r  CLK100MHZ (IN)
                         net (fo=0)                   0.000     0.000    pll_inst/inst/clk_in1
    R4                   IBUF (Prop_ibuf_I_O)         0.431     0.431 r  pll_inst/inst/clkin1_ibufg/O
                         net (fo=1, routed)           0.481     0.912    pll_inst/inst/clk_in1_clk_wiz_0
    PLLE2_ADV_X1Y2       PLLE2_ADV (Prop_plle2_adv_CLKIN1_CLKOUT2)
                                                     -2.828    -1.916 r  pll_inst/inst/plle2_adv_inst/CLKOUT2
                         net (fo=1, routed)           0.595    -1.322    pll_inst/inst/clk_out3_clk_wiz_0
    BUFGCTRL_X0Y2        BUFG (Prop_bufg_I_O)         0.029    -1.293 r  pll_inst/inst/clkout3_buf/O
                         net (fo=2500, routed)        1.043    -0.250    sys_clk
    SLICE_X13Y39         FDCE                                         r  kb_scancode_sys_reg[1]/C
                         clock pessimism              0.097    -0.153    
                         clock uncertainty            0.211     0.058    
    SLICE_X13Y39         FDCE (Hold_fdce_C_D)         0.070     0.128    kb_scancode_sys_reg[1]
  -------------------------------------------------------------------
                         required time                         -0.128    
                         arrival time                           0.307    
  -------------------------------------------------------------------
                         slack                                  0.179    

Slack (MET) :             0.181ns  (arrival time - required time)
  Source:                 kb_scancode_pix_reg[7]/C
                            (rising edge-triggered cell FDCE clocked by clk_out1_clk_wiz_0_1  {rise@0.000ns fall@20.000ns period=40.000ns})
  Destination:            kb_scancode_sys_reg[7]/D
                            (rising edge-triggered cell FDCE clocked by clk_out3_clk_wiz_0_1  {rise@0.000ns fall@5.000ns period=10.000ns})
  Path Group:             clk_out3_clk_wiz_0_1
  Path Type:              Hold (Min at Fast Process Corner)
  Requirement:            0.000ns  (clk_out3_clk_wiz_0_1 rise@0.000ns - clk_out1_clk_wiz_0_1 rise@0.000ns)
  Data Path Delay:        0.788ns  (logic 0.164ns (20.808%)  route 0.624ns (79.192%))
  Logic Levels:           0  
  Clock Path Skew:        0.326ns (DCD - SCD - CPR)
    Destination Clock Delay (DCD):    -0.261ns
    Source Clock Delay      (SCD):    -0.491ns
    Clock Pessimism Removal (CPR):    -0.097ns
  Clock Uncertainty:      0.211ns  ((TSJ^2 + DJ^2)^1/2) / 2 + PE
    Total System Jitter     (TSJ):    0.071ns
    Discrete Jitter          (DJ):    0.168ns
    Phase Error              (PE):    0.120ns

    Location             Delay type                Incr(ns)  Path(ns)    Netlist Resource(s)
  -------------------------------------------------------------------    -------------------
                         (clock clk_out1_clk_wiz_0_1 rise edge)
                                                      0.000     0.000 r  
    R4                                                0.000     0.000 r  CLK100MHZ (IN)
                         net (fo=0)                   0.000     0.000    pll_inst/inst/clk_in1
    R4                   IBUF (Prop_ibuf_I_O)         0.243     0.243 r  pll_inst/inst/clkin1_ibufg/O
                         net (fo=1, routed)           0.440     0.683    pll_inst/inst/clk_in1_clk_wiz_0
    PLLE2_ADV_X1Y2       PLLE2_ADV (Prop_plle2_adv_CLKIN1_CLKOUT0)
                                                     -2.503    -1.819 r  pll_inst/inst/plle2_adv_inst/CLKOUT0
                         net (fo=1, routed)           0.546    -1.273    pll_inst/inst/clk_out1_clk_wiz_0
    BUFGCTRL_X0Y0        BUFG (Prop_bufg_I_O)         0.026    -1.247 r  pll_inst/inst/clkout1_buf/O
                         net (fo=251, routed)         0.757    -0.491    pixel_clk
    SLICE_X18Y31         FDCE                                         r  kb_scancode_pix_reg[7]/C
  -------------------------------------------------------------------    -------------------
    SLICE_X18Y31         FDCE (Prop_fdce_C_Q)         0.164    -0.327 r  kb_scancode_pix_reg[7]/Q
                         net (fo=1, routed)           0.624     0.298    kb_scancode_pix[7]
    SLICE_X17Y21         FDCE                                         r  kb_scancode_sys_reg[7]/D
  -------------------------------------------------------------------    -------------------

                         (clock clk_out3_clk_wiz_0_1 rise edge)
                                                      0.000     0.000 r  
    R4                                                0.000     0.000 r  CLK100MHZ (IN)
                         net (fo=0)                   0.000     0.000    pll_inst/inst/clk_in1
    R4                   IBUF (Prop_ibuf_I_O)         0.431     0.431 r  pll_inst/inst/clkin1_ibufg/O
                         net (fo=1, routed)           0.481     0.912    pll_inst/inst/clk_in1_clk_wiz_0
    PLLE2_ADV_X1Y2       PLLE2_ADV (Prop_plle2_adv_CLKIN1_CLKOUT2)
                                                     -2.828    -1.916 r  pll_inst/inst/plle2_adv_inst/CLKOUT2
                         net (fo=1, routed)           0.595    -1.322    pll_inst/inst/clk_out3_clk_wiz_0
    BUFGCTRL_X0Y2        BUFG (Prop_bufg_I_O)         0.029    -1.293 r  pll_inst/inst/clkout3_buf/O
                         net (fo=2500, routed)        1.032    -0.261    sys_clk
    SLICE_X17Y21         FDCE                                         r  kb_scancode_sys_reg[7]/C
                         clock pessimism              0.097    -0.164    
                         clock uncertainty            0.211     0.047    
    SLICE_X17Y21         FDCE (Hold_fdce_C_D)         0.070     0.117    kb_scancode_sys_reg[7]
  -------------------------------------------------------------------
                         required time                         -0.117    
                         arrival time                           0.298    
  -------------------------------------------------------------------
                         slack                                  0.181    

Slack (MET) :             0.189ns  (arrival time - required time)
  Source:                 kb_scancode_pix_reg[2]/C
                            (rising edge-triggered cell FDCE clocked by clk_out1_clk_wiz_0_1  {rise@0.000ns fall@20.000ns period=40.000ns})
  Destination:            kb_scancode_sys_reg[2]/D
                            (rising edge-triggered cell FDCE clocked by clk_out3_clk_wiz_0_1  {rise@0.000ns fall@5.000ns period=10.000ns})
  Path Group:             clk_out3_clk_wiz_0_1
  Path Type:              Hold (Min at Fast Process Corner)
  Requirement:            0.000ns  (clk_out3_clk_wiz_0_1 rise@0.000ns - clk_out1_clk_wiz_0_1 rise@0.000ns)
  Data Path Delay:        0.795ns  (logic 0.164ns (20.634%)  route 0.631ns (79.366%))
  Logic Levels:           0  
  Clock Path Skew:        0.329ns (DCD - SCD - CPR)
    Destination Clock Delay (DCD):    -0.250ns
    Source Clock Delay      (SCD):    -0.482ns
    Clock Pessimism Removal (CPR):    -0.097ns
  Clock Uncertainty:      0.211ns  ((TSJ^2 + DJ^2)^1/2) / 2 + PE
    Total System Jitter     (TSJ):    0.071ns
    Discrete Jitter          (DJ):    0.168ns
    Phase Error              (PE):    0.120ns

    Location             Delay type                Incr(ns)  Path(ns)    Netlist Resource(s)
  -------------------------------------------------------------------    -------------------
                         (clock clk_out1_clk_wiz_0_1 rise edge)
                                                      0.000     0.000 r  
    R4                                                0.000     0.000 r  CLK100MHZ (IN)
                         net (fo=0)                   0.000     0.000    pll_inst/inst/clk_in1
    R4                   IBUF (Prop_ibuf_I_O)         0.243     0.243 r  pll_inst/inst/clkin1_ibufg/O
                         net (fo=1, routed)           0.440     0.683    pll_inst/inst/clk_in1_clk_wiz_0
    PLLE2_ADV_X1Y2       PLLE2_ADV (Prop_plle2_adv_CLKIN1_CLKOUT0)
                                                     -2.503    -1.819 r  pll_inst/inst/plle2_adv_inst/CLKOUT0
                         net (fo=1, routed)           0.546    -1.273    pll_inst/inst/clk_out1_clk_wiz_0
    BUFGCTRL_X0Y0        BUFG (Prop_bufg_I_O)         0.026    -1.247 r  pll_inst/inst/clkout1_buf/O
                         net (fo=251, routed)         0.766    -0.482    pixel_clk
    SLICE_X14Y43         FDCE                                         r  kb_scancode_pix_reg[2]/C
  -------------------------------------------------------------------    -------------------
    SLICE_X14Y43         FDCE (Prop_fdce_C_Q)         0.164    -0.318 r  kb_scancode_pix_reg[2]/Q
                         net (fo=1, routed)           0.631     0.313    kb_scancode_pix[2]
    SLICE_X13Y39         FDCE                                         r  kb_scancode_sys_reg[2]/D
  -------------------------------------------------------------------    -------------------

                         (clock clk_out3_clk_wiz_0_1 rise edge)
                                                      0.000     0.000 r  
    R4                                                0.000     0.000 r  CLK100MHZ (IN)
                         net (fo=0)                   0.000     0.000    pll_inst/inst/clk_in1
    R4                   IBUF (Prop_ibuf_I_O)         0.431     0.431 r  pll_inst/inst/clkin1_ibufg/O
                         net (fo=1, routed)           0.481     0.912    pll_inst/inst/clk_in1_clk_wiz_0
    PLLE2_ADV_X1Y2       PLLE2_ADV (Prop_plle2_adv_CLKIN1_CLKOUT2)
                                                     -2.828    -1.916 r  pll_inst/inst/plle2_adv_inst/CLKOUT2
                         net (fo=1, routed)           0.595    -1.322    pll_inst/inst/clk_out3_clk_wiz_0
    BUFGCTRL_X0Y2        BUFG (Prop_bufg_I_O)         0.029    -1.293 r  pll_inst/inst/clkout3_buf/O
                         net (fo=2500, routed)        1.043    -0.250    sys_clk
    SLICE_X13Y39         FDCE                                         r  kb_scancode_sys_reg[2]/C
                         clock pessimism              0.097    -0.153    
                         clock uncertainty            0.211     0.058    
    SLICE_X13Y39         FDCE (Hold_fdce_C_D)         0.066     0.124    kb_scancode_sys_reg[2]
  -------------------------------------------------------------------
                         required time                         -0.124    
                         arrival time                           0.313    
  -------------------------------------------------------------------
                         slack                                  0.189    

Slack (MET) :             0.196ns  (arrival time - required time)
  Source:                 kb_scancode_pix_reg[3]/C
                            (rising edge-triggered cell FDCE clocked by clk_out1_clk_wiz_0_1  {rise@0.000ns fall@20.000ns period=40.000ns})
  Destination:            kb_scancode_sys_reg[3]/D
                            (rising edge-triggered cell FDCE clocked by clk_out3_clk_wiz_0_1  {rise@0.000ns fall@5.000ns period=10.000ns})
  Path Group:             clk_out3_clk_wiz_0_1
  Path Type:              Hold (Min at Fast Process Corner)
  Requirement:            0.000ns  (clk_out3_clk_wiz_0_1 rise@0.000ns - clk_out1_clk_wiz_0_1 rise@0.000ns)
  Data Path Delay:        0.808ns  (logic 0.164ns (20.305%)  route 0.644ns (79.695%))
  Logic Levels:           0  
  Clock Path Skew:        0.330ns (DCD - SCD - CPR)
    Destination Clock Delay (DCD):    -0.248ns
    Source Clock Delay      (SCD):    -0.482ns
    Clock Pessimism Removal (CPR):    -0.097ns
  Clock Uncertainty:      0.211ns  ((TSJ^2 + DJ^2)^1/2) / 2 + PE
    Total System Jitter     (TSJ):    0.071ns
    Discrete Jitter          (DJ):    0.168ns
    Phase Error              (PE):    0.120ns

    Location             Delay type                Incr(ns)  Path(ns)    Netlist Resource(s)
  -------------------------------------------------------------------    -------------------
                         (clock clk_out1_clk_wiz_0_1 rise edge)
                                                      0.000     0.000 r  
    R4                                                0.000     0.000 r  CLK100MHZ (IN)
                         net (fo=0)                   0.000     0.000    pll_inst/inst/clk_in1
    R4                   IBUF (Prop_ibuf_I_O)         0.243     0.243 r  pll_inst/inst/clkin1_ibufg/O
                         net (fo=1, routed)           0.440     0.683    pll_inst/inst/clk_in1_clk_wiz_0
    PLLE2_ADV_X1Y2       PLLE2_ADV (Prop_plle2_adv_CLKIN1_CLKOUT0)
                                                     -2.503    -1.819 r  pll_inst/inst/plle2_adv_inst/CLKOUT0
                         net (fo=1, routed)           0.546    -1.273    pll_inst/inst/clk_out1_clk_wiz_0
    BUFGCTRL_X0Y0        BUFG (Prop_bufg_I_O)         0.026    -1.247 r  pll_inst/inst/clkout1_buf/O
                         net (fo=251, routed)         0.766    -0.482    pixel_clk
    SLICE_X14Y43         FDCE                                         r  kb_scancode_pix_reg[3]/C
  -------------------------------------------------------------------    -------------------
    SLICE_X14Y43         FDCE (Prop_fdce_C_Q)         0.164    -0.318 r  kb_scancode_pix_reg[3]/Q
                         net (fo=1, routed)           0.644     0.326    kb_scancode_pix[3]
    SLICE_X13Y46         FDCE                                         r  kb_scancode_sys_reg[3]/D
  -------------------------------------------------------------------    -------------------

                         (clock clk_out3_clk_wiz_0_1 rise edge)
                                                      0.000     0.000 r  
    R4                                                0.000     0.000 r  CLK100MHZ (IN)
                         net (fo=0)                   0.000     0.000    pll_inst/inst/clk_in1
    R4                   IBUF (Prop_ibuf_I_O)         0.431     0.431 r  pll_inst/inst/clkin1_ibufg/O
                         net (fo=1, routed)           0.481     0.912    pll_inst/inst/clk_in1_clk_wiz_0
    PLLE2_ADV_X1Y2       PLLE2_ADV (Prop_plle2_adv_CLKIN1_CLKOUT2)
                                                     -2.828    -1.916 r  pll_inst/inst/plle2_adv_inst/CLKOUT2
                         net (fo=1, routed)           0.595    -1.322    pll_inst/inst/clk_out3_clk_wiz_0
    BUFGCTRL_X0Y2        BUFG (Prop_bufg_I_O)         0.029    -1.293 r  pll_inst/inst/clkout3_buf/O
                         net (fo=2500, routed)        1.045    -0.248    sys_clk
    SLICE_X13Y46         FDCE                                         r  kb_scancode_sys_reg[3]/C
                         clock pessimism              0.097    -0.151    
                         clock uncertainty            0.211     0.060    
    SLICE_X13Y46         FDCE (Hold_fdce_C_D)         0.070     0.130    kb_scancode_sys_reg[3]
  -------------------------------------------------------------------
                         required time                         -0.130    
                         arrival time                           0.326    
  -------------------------------------------------------------------
                         slack                                  0.196    

Slack (MET) :             0.206ns  (arrival time - required time)
  Source:                 kb_toggle_pix_reg/C
                            (rising edge-triggered cell FDCE clocked by clk_out1_clk_wiz_0_1  {rise@0.000ns fall@20.000ns period=40.000ns})
  Destination:            kb_toggle_sync_reg[0]/D
                            (rising edge-triggered cell FDCE clocked by clk_out3_clk_wiz_0_1  {rise@0.000ns fall@5.000ns period=10.000ns})
  Path Group:             clk_out3_clk_wiz_0_1
  Path Type:              Hold (Min at Fast Process Corner)
  Requirement:            0.000ns  (clk_out3_clk_wiz_0_1 rise@0.000ns - clk_out1_clk_wiz_0_1 rise@0.000ns)
  Data Path Delay:        0.799ns  (logic 0.141ns (17.646%)  route 0.658ns (82.354%))
  Logic Levels:           0  
  Clock Path Skew:        0.329ns (DCD - SCD - CPR)
    Destination Clock Delay (DCD):    -0.253ns
    Source Clock Delay      (SCD):    -0.486ns
    Clock Pessimism Removal (CPR):    -0.097ns
  Clock Uncertainty:      0.211ns  ((TSJ^2 + DJ^2)^1/2) / 2 + PE
    Total System Jitter     (TSJ):    0.071ns
    Discrete Jitter          (DJ):    0.168ns
    Phase Error              (PE):    0.120ns

    Location             Delay type                Incr(ns)  Path(ns)    Netlist Resource(s)
  -------------------------------------------------------------------    -------------------
                         (clock clk_out1_clk_wiz_0_1 rise edge)
                                                      0.000     0.000 r  
    R4                                                0.000     0.000 r  CLK100MHZ (IN)
                         net (fo=0)                   0.000     0.000    pll_inst/inst/clk_in1
    R4                   IBUF (Prop_ibuf_I_O)         0.243     0.243 r  pll_inst/inst/clkin1_ibufg/O
                         net (fo=1, routed)           0.440     0.683    pll_inst/inst/clk_in1_clk_wiz_0
    PLLE2_ADV_X1Y2       PLLE2_ADV (Prop_plle2_adv_CLKIN1_CLKOUT0)
                                                     -2.503    -1.819 r  pll_inst/inst/plle2_adv_inst/CLKOUT0
                         net (fo=1, routed)           0.546    -1.273    pll_inst/inst/clk_out1_clk_wiz_0
    BUFGCTRL_X0Y0        BUFG (Prop_bufg_I_O)         0.026    -1.247 r  pll_inst/inst/clkout1_buf/O
                         net (fo=251, routed)         0.762    -0.486    pixel_clk
    SLICE_X15Y35         FDCE                                         r  kb_toggle_pix_reg/C
  -------------------------------------------------------------------    -------------------
    SLICE_X15Y35         FDCE (Prop_fdce_C_Q)         0.141    -0.345 r  kb_toggle_pix_reg/Q
                         net (fo=2, routed)           0.658     0.313    kb_toggle_pix
    SLICE_X14Y35         FDCE                                         r  kb_toggle_sync_reg[0]/D
  -------------------------------------------------------------------    -------------------

                         (clock clk_out3_clk_wiz_0_1 rise edge)
                                                      0.000     0.000 r  
    R4                                                0.000     0.000 r  CLK100MHZ (IN)
                         net (fo=0)                   0.000     0.000    pll_inst/inst/clk_in1
    R4                   IBUF (Prop_ibuf_I_O)         0.431     0.431 r  pll_inst/inst/clkin1_ibufg/O
                         net (fo=1, routed)           0.481     0.912    pll_inst/inst/clk_in1_clk_wiz_0
    PLLE2_ADV_X1Y2       PLLE2_ADV (Prop_plle2_adv_CLKIN1_CLKOUT2)
                                                     -2.828    -1.916 r  pll_inst/inst/plle2_adv_inst/CLKOUT2
                         net (fo=1, routed)           0.595    -1.322    pll_inst/inst/clk_out3_clk_wiz_0
    BUFGCTRL_X0Y2        BUFG (Prop_bufg_I_O)         0.029    -1.293 r  pll_inst/inst/clkout3_buf/O
                         net (fo=2500, routed)        1.040    -0.253    sys_clk
    SLICE_X14Y35         FDCE                                         r  kb_toggle_sync_reg[0]/C
                         clock pessimism              0.097    -0.156    
                         clock uncertainty            0.211     0.055    
    SLICE_X14Y35         FDCE (Hold_fdce_C_D)         0.052     0.107    kb_toggle_sync_reg[0]
  -------------------------------------------------------------------
                         required time                         -0.107    
                         arrival time                           0.313    
  -------------------------------------------------------------------
                         slack                                  0.206    

Slack (MET) :             0.306ns  (arrival time - required time)
  Source:                 kb_scancode_pix_reg[6]/C
                            (rising edge-triggered cell FDCE clocked by clk_out1_clk_wiz_0_1  {rise@0.000ns fall@20.000ns period=40.000ns})
  Destination:            kb_scancode_sys_reg[6]/D
                            (rising edge-triggered cell FDCE clocked by clk_out3_clk_wiz_0_1  {rise@0.000ns fall@5.000ns period=10.000ns})
  Path Group:             clk_out3_clk_wiz_0_1
  Path Type:              Hold (Min at Fast Process Corner)
  Requirement:            0.000ns  (clk_out3_clk_wiz_0_1 rise@0.000ns - clk_out1_clk_wiz_0_1 rise@0.000ns)
  Data Path Delay:        0.932ns  (logic 0.164ns (17.589%)  route 0.768ns (82.411%))
  Logic Levels:           0  
  Clock Path Skew:        0.328ns (DCD - SCD - CPR)
    Destination Clock Delay (DCD):    -0.261ns
    Source Clock Delay      (SCD):    -0.492ns
    Clock Pessimism Removal (CPR):    -0.097ns
  Clock Uncertainty:      0.211ns  ((TSJ^2 + DJ^2)^1/2) / 2 + PE
    Total System Jitter     (TSJ):    0.071ns
    Discrete Jitter          (DJ):    0.168ns
    Phase Error              (PE):    0.120ns

    Location             Delay type                Incr(ns)  Path(ns)    Netlist Resource(s)
  -------------------------------------------------------------------    -------------------
                         (clock clk_out1_clk_wiz_0_1 rise edge)
                                                      0.000     0.000 r  
    R4                                                0.000     0.000 r  CLK100MHZ (IN)
                         net (fo=0)                   0.000     0.000    pll_inst/inst/clk_in1
    R4                   IBUF (Prop_ibuf_I_O)         0.243     0.243 r  pll_inst/inst/clkin1_ibufg/O
                         net (fo=1, routed)           0.440     0.683    pll_inst/inst/clk_in1_clk_wiz_0
    PLLE2_ADV_X1Y2       PLLE2_ADV (Prop_plle2_adv_CLKIN1_CLKOUT0)
                                                     -2.503    -1.819 r  pll_inst/inst/plle2_adv_inst/CLKOUT0
                         net (fo=1, routed)           0.546    -1.273    pll_inst/inst/clk_out1_clk_wiz_0
    BUFGCTRL_X0Y0        BUFG (Prop_bufg_I_O)         0.026    -1.247 r  pll_inst/inst/clkout1_buf/O
                         net (fo=251, routed)         0.756    -0.492    pixel_clk
    SLICE_X20Y31         FDCE                                         r  kb_scancode_pix_reg[6]/C
  -------------------------------------------------------------------    -------------------
    SLICE_X20Y31         FDCE (Prop_fdce_C_Q)         0.164    -0.328 r  kb_scancode_pix_reg[6]/Q
                         net (fo=1, routed)           0.768     0.441    kb_scancode_pix[6]
    SLICE_X22Y20         FDCE                                         r  kb_scancode_sys_reg[6]/D
  -------------------------------------------------------------------    -------------------

                         (clock clk_out3_clk_wiz_0_1 rise edge)
                                                      0.000     0.000 r  
    R4                                                0.000     0.000 r  CLK100MHZ (IN)
                         net (fo=0)                   0.000     0.000    pll_inst/inst/clk_in1
    R4                   IBUF (Prop_ibuf_I_O)         0.431     0.431 r  pll_inst/inst/clkin1_ibufg/O
                         net (fo=1, routed)           0.481     0.912    pll_inst/inst/clk_in1_clk_wiz_0
    PLLE2_ADV_X1Y2       PLLE2_ADV (Prop_plle2_adv_CLKIN1_CLKOUT2)
                                                     -2.828    -1.916 r  pll_inst/inst/plle2_adv_inst/CLKOUT2
                         net (fo=1, routed)           0.595    -1.322    pll_inst/inst/clk_out3_clk_wiz_0
    BUFGCTRL_X0Y2        BUFG (Prop_bufg_I_O)         0.029    -1.293 r  pll_inst/inst/clkout3_buf/O
                         net (fo=2500, routed)        1.032    -0.261    sys_clk
    SLICE_X22Y20         FDCE                                         r  kb_scancode_sys_reg[6]/C
                         clock pessimism              0.097    -0.164    
                         clock uncertainty            0.211     0.047    
    SLICE_X22Y20         FDCE (Hold_fdce_C_D)         0.088     0.135    kb_scancode_sys_reg[6]
  -------------------------------------------------------------------
                         required time                         -0.135    
                         arrival time                           0.441    
  -------------------------------------------------------------------
                         slack                                  0.306    

Slack (MET) :             0.306ns  (arrival time - required time)
  Source:                 kb_scancode_pix_reg[4]/C
                            (rising edge-triggered cell FDCE clocked by clk_out1_clk_wiz_0_1  {rise@0.000ns fall@20.000ns period=40.000ns})
  Destination:            kb_scancode_sys_reg[4]/D
                            (rising edge-triggered cell FDCE clocked by clk_out3_clk_wiz_0_1  {rise@0.000ns fall@5.000ns period=10.000ns})
  Path Group:             clk_out3_clk_wiz_0_1
  Path Type:              Hold (Min at Fast Process Corner)
  Requirement:            0.000ns  (clk_out3_clk_wiz_0_1 rise@0.000ns - clk_out1_clk_wiz_0_1 rise@0.000ns)
  Data Path Delay:        0.934ns  (logic 0.164ns (17.560%)  route 0.770ns (82.440%))
  Logic Levels:           0  
  Clock Path Skew:        0.328ns (DCD - SCD - CPR)
    Destination Clock Delay (DCD):    -0.261ns
    Source Clock Delay      (SCD):    -0.492ns
    Clock Pessimism Removal (CPR):    -0.097ns
  Clock Uncertainty:      0.211ns  ((TSJ^2 + DJ^2)^1/2) / 2 + PE
    Total System Jitter     (TSJ):    0.071ns
    Discrete Jitter          (DJ):    0.168ns
    Phase Error              (PE):    0.120ns

    Location             Delay type                Incr(ns)  Path(ns)    Netlist Resource(s)
  -------------------------------------------------------------------    -------------------
                         (clock clk_out1_clk_wiz_0_1 rise edge)
                                                      0.000     0.000 r  
    R4                                                0.000     0.000 r  CLK100MHZ (IN)
                         net (fo=0)                   0.000     0.000    pll_inst/inst/clk_in1
    R4                   IBUF (Prop_ibuf_I_O)         0.243     0.243 r  pll_inst/inst/clkin1_ibufg/O
                         net (fo=1, routed)           0.440     0.683    pll_inst/inst/clk_in1_clk_wiz_0
    PLLE2_ADV_X1Y2       PLLE2_ADV (Prop_plle2_adv_CLKIN1_CLKOUT0)
                                                     -2.503    -1.819 r  pll_inst/inst/plle2_adv_inst/CLKOUT0
                         net (fo=1, routed)           0.546    -1.273    pll_inst/inst/clk_out1_clk_wiz_0
    BUFGCTRL_X0Y0        BUFG (Prop_bufg_I_O)         0.026    -1.247 r  pll_inst/inst/clkout1_buf/O
                         net (fo=251, routed)         0.756    -0.492    pixel_clk
    SLICE_X20Y31         FDCE                                         r  kb_scancode_pix_reg[4]/C
  -------------------------------------------------------------------    -------------------
    SLICE_X20Y31         FDCE (Prop_fdce_C_Q)         0.164    -0.328 r  kb_scancode_pix_reg[4]/Q
                         net (fo=1, routed)           0.770     0.442    kb_scancode_pix[4]
    SLICE_X22Y20         FDCE                                         r  kb_scancode_sys_reg[4]/D
  -------------------------------------------------------------------    -------------------

                         (clock clk_out3_clk_wiz_0_1 rise edge)
                                                      0.000     0.000 r  
    R4                                                0.000     0.000 r  CLK100MHZ (IN)
                         net (fo=0)                   0.000     0.000    pll_inst/inst/clk_in1
    R4                   IBUF (Prop_ibuf_I_O)         0.431     0.431 r  pll_inst/inst/clkin1_ibufg/O
                         net (fo=1, routed)           0.481     0.912    pll_inst/inst/clk_in1_clk_wiz_0
    PLLE2_ADV_X1Y2       PLLE2_ADV (Prop_plle2_adv_CLKIN1_CLKOUT2)
                                                     -2.828    -1.916 r  pll_inst/inst/plle2_adv_inst/CLKOUT2
                         net (fo=1, routed)           0.595    -1.322    pll_inst/inst/clk_out3_clk_wiz_0
    BUFGCTRL_X0Y2        BUFG (Prop_bufg_I_O)         0.029    -1.293 r  pll_inst/inst/clkout3_buf/O
                         net (fo=2500, routed)        1.032    -0.261    sys_clk
    SLICE_X22Y20         FDCE                                         r  kb_scancode_sys_reg[4]/C
                         clock pessimism              0.097    -0.164    
                         clock uncertainty            0.211     0.047    
    SLICE_X22Y20         FDCE (Hold_fdce_C_D)         0.089     0.136    kb_scancode_sys_reg[4]
  -------------------------------------------------------------------
                         required time                         -0.136    
                         arrival time                           0.442    
  -------------------------------------------------------------------
                         slack                                  0.306    

Slack (MET) :             0.421ns  (arrival time - required time)
  Source:                 kb_scancode_pix_reg[0]/C
                            (rising edge-triggered cell FDCE clocked by clk_out1_clk_wiz_0_1  {rise@0.000ns fall@20.000ns period=40.000ns})
  Destination:            kb_scancode_sys_reg[0]/D
                            (rising edge-triggered cell FDCE clocked by clk_out3_clk_wiz_0_1  {rise@0.000ns fall@5.000ns period=10.000ns})
  Path Group:             clk_out3_clk_wiz_0_1
  Path Type:              Hold (Min at Fast Process Corner)
  Requirement:            0.000ns  (clk_out3_clk_wiz_0_1 rise@0.000ns - clk_out1_clk_wiz_0_1 rise@0.000ns)
  Data Path Delay:        1.022ns  (logic 0.164ns (16.048%)  route 0.858ns (83.952%))
  Logic Levels:           0  
  Clock Path Skew:        0.330ns (DCD - SCD - CPR)
    Destination Clock Delay (DCD):    -0.248ns
    Source Clock Delay      (SCD):    -0.482ns
    Clock Pessimism Removal (CPR):    -0.097ns
  Clock Uncertainty:      0.211ns  ((TSJ^2 + DJ^2)^1/2) / 2 + PE
    Total System Jitter     (TSJ):    0.071ns
    Discrete Jitter          (DJ):    0.168ns
    Phase Error              (PE):    0.120ns

    Location             Delay type                Incr(ns)  Path(ns)    Netlist Resource(s)
  -------------------------------------------------------------------    -------------------
                         (clock clk_out1_clk_wiz_0_1 rise edge)
                                                      0.000     0.000 r  
    R4                                                0.000     0.000 r  CLK100MHZ (IN)
                         net (fo=0)                   0.000     0.000    pll_inst/inst/clk_in1
    R4                   IBUF (Prop_ibuf_I_O)         0.243     0.243 r  pll_inst/inst/clkin1_ibufg/O
                         net (fo=1, routed)           0.440     0.683    pll_inst/inst/clk_in1_clk_wiz_0
    PLLE2_ADV_X1Y2       PLLE2_ADV (Prop_plle2_adv_CLKIN1_CLKOUT0)
                                                     -2.503    -1.819 r  pll_inst/inst/plle2_adv_inst/CLKOUT0
                         net (fo=1, routed)           0.546    -1.273    pll_inst/inst/clk_out1_clk_wiz_0
    BUFGCTRL_X0Y0        BUFG (Prop_bufg_I_O)         0.026    -1.247 r  pll_inst/inst/clkout1_buf/O
                         net (fo=251, routed)         0.766    -0.482    pixel_clk
    SLICE_X14Y43         FDCE                                         r  kb_scancode_pix_reg[0]/C
  -------------------------------------------------------------------    -------------------
    SLICE_X14Y43         FDCE (Prop_fdce_C_Q)         0.164    -0.318 r  kb_scancode_pix_reg[0]/Q
                         net (fo=1, routed)           0.858     0.540    kb_scancode_pix[0]
    SLICE_X8Y45          FDCE                                         r  kb_scancode_sys_reg[0]/D
  -------------------------------------------------------------------    -------------------

                         (clock clk_out3_clk_wiz_0_1 rise edge)
                                                      0.000     0.000 r  
    R4                                                0.000     0.000 r  CLK100MHZ (IN)
                         net (fo=0)                   0.000     0.000    pll_inst/inst/clk_in1
    R4                   IBUF (Prop_ibuf_I_O)         0.431     0.431 r  pll_inst/inst/clkin1_ibufg/O
                         net (fo=1, routed)           0.481     0.912    pll_inst/inst/clk_in1_clk_wiz_0
    PLLE2_ADV_X1Y2       PLLE2_ADV (Prop_plle2_adv_CLKIN1_CLKOUT2)
                                                     -2.828    -1.916 r  pll_inst/inst/plle2_adv_inst/CLKOUT2
                         net (fo=1, routed)           0.595    -1.322    pll_inst/inst/clk_out3_clk_wiz_0
    BUFGCTRL_X0Y2        BUFG (Prop_bufg_I_O)         0.029    -1.293 r  pll_inst/inst/clkout3_buf/O
                         net (fo=2500, routed)        1.045    -0.248    sys_clk
    SLICE_X8Y45          FDCE                                         r  kb_scancode_sys_reg[0]/C
                         clock pessimism              0.097    -0.151    
                         clock uncertainty            0.211     0.060    
    SLICE_X8Y45          FDCE (Hold_fdce_C_D)         0.059     0.119    kb_scancode_sys_reg[0]
  -------------------------------------------------------------------
                         required time                         -0.119    
                         arrival time                           0.540    
  -------------------------------------------------------------------
                         slack                                  0.421    

Slack (MET) :             0.521ns  (arrival time - required time)
  Source:                 kb_scancode_pix_reg[5]/C
                            (rising edge-triggered cell FDCE clocked by clk_out1_clk_wiz_0_1  {rise@0.000ns fall@20.000ns period=40.000ns})
  Destination:            kb_scancode_sys_reg[5]/D
                            (rising edge-triggered cell FDCE clocked by clk_out3_clk_wiz_0_1  {rise@0.000ns fall@5.000ns period=10.000ns})
  Path Group:             clk_out3_clk_wiz_0_1
  Path Type:              Hold (Min at Fast Process Corner)
  Requirement:            0.000ns  (clk_out3_clk_wiz_0_1 rise@0.000ns - clk_out1_clk_wiz_0_1 rise@0.000ns)
  Data Path Delay:        1.148ns  (logic 0.164ns (14.288%)  route 0.984ns (85.712%))
  Logic Levels:           0  
  Clock Path Skew:        0.328ns (DCD - SCD - CPR)
    Destination Clock Delay (DCD):    -0.261ns
    Source Clock Delay      (SCD):    -0.492ns
    Clock Pessimism Removal (CPR):    -0.097ns
  Clock Uncertainty:      0.211ns  ((TSJ^2 + DJ^2)^1/2) / 2 + PE
    Total System Jitter     (TSJ):    0.071ns
    Discrete Jitter          (DJ):    0.168ns
    Phase Error              (PE):    0.120ns

    Location             Delay type                Incr(ns)  Path(ns)    Netlist Resource(s)
  -------------------------------------------------------------------    -------------------
                         (clock clk_out1_clk_wiz_0_1 rise edge)
                                                      0.000     0.000 r  
    R4                                                0.000     0.000 r  CLK100MHZ (IN)
                         net (fo=0)                   0.000     0.000    pll_inst/inst/clk_in1
    R4                   IBUF (Prop_ibuf_I_O)         0.243     0.243 r  pll_inst/inst/clkin1_ibufg/O
                         net (fo=1, routed)           0.440     0.683    pll_inst/inst/clk_in1_clk_wiz_0
    PLLE2_ADV_X1Y2       PLLE2_ADV (Prop_plle2_adv_CLKIN1_CLKOUT0)
                                                     -2.503    -1.819 r  pll_inst/inst/plle2_adv_inst/CLKOUT0
                         net (fo=1, routed)           0.546    -1.273    pll_inst/inst/clk_out1_clk_wiz_0
    BUFGCTRL_X0Y0        BUFG (Prop_bufg_I_O)         0.026    -1.247 r  pll_inst/inst/clkout1_buf/O
                         net (fo=251, routed)         0.756    -0.492    pixel_clk
    SLICE_X20Y31         FDCE                                         r  kb_scancode_pix_reg[5]/C
  -------------------------------------------------------------------    -------------------
    SLICE_X20Y31         FDCE (Prop_fdce_C_Q)         0.164    -0.328 r  kb_scancode_pix_reg[5]/Q
                         net (fo=1, routed)           0.984     0.656    kb_scancode_pix[5]
    SLICE_X22Y20         FDCE                                         r  kb_scancode_sys_reg[5]/D
  -------------------------------------------------------------------    -------------------

                         (clock clk_out3_clk_wiz_0_1 rise edge)
                                                      0.000     0.000 r  
    R4                                                0.000     0.000 r  CLK100MHZ (IN)
                         net (fo=0)                   0.000     0.000    pll_inst/inst/clk_in1
    R4                   IBUF (Prop_ibuf_I_O)         0.431     0.431 r  pll_inst/inst/clkin1_ibufg/O
                         net (fo=1, routed)           0.481     0.912    pll_inst/inst/clk_in1_clk_wiz_0
    PLLE2_ADV_X1Y2       PLLE2_ADV (Prop_plle2_adv_CLKIN1_CLKOUT2)
                                                     -2.828    -1.916 r  pll_inst/inst/plle2_adv_inst/CLKOUT2
                         net (fo=1, routed)           0.595    -1.322    pll_inst/inst/clk_out3_clk_wiz_0
    BUFGCTRL_X0Y2        BUFG (Prop_bufg_I_O)         0.029    -1.293 r  pll_inst/inst/clkout3_buf/O
                         net (fo=2500, routed)        1.032    -0.261    sys_clk
    SLICE_X22Y20         FDCE                                         r  kb_scancode_sys_reg[5]/C
                         clock pessimism              0.097    -0.164    
                         clock uncertainty            0.211     0.047    
    SLICE_X22Y20         FDCE (Hold_fdce_C_D)         0.088     0.135    kb_scancode_sys_reg[5]
  -------------------------------------------------------------------
                         required time                         -0.135    
                         arrival time                           0.656    
  -------------------------------------------------------------------
                         slack                                  0.521    





---------------------------------------------------------------------------------------------------
Path Group:  **async_default**
From Clock:  clk_out1_clk_wiz_0_1
  To Clock:  clk_out1_clk_wiz_0_1

Setup :            0  Failing Endpoints,  Worst Slack       33.366ns,  Total Violation        0.000ns
Hold  :            0  Failing Endpoints,  Worst Slack        1.588ns,  Total Violation        0.000ns
---------------------------------------------------------------------------------------------------


Max Delay Paths
--------------------------------------------------------------------------------------
Slack (MET) :             33.366ns  (required time - arrival time)
  Source:                 rst_pix_sync_reg[2]/C
                            (rising edge-triggered cell FDPE clocked by clk_out1_clk_wiz_0_1  {rise@0.000ns fall@20.000ns period=40.000ns})
  Destination:            vga/vcnt_reg[1]/CLR
                            (recovery check against rising-edge clock clk_out1_clk_wiz_0_1  {rise@0.000ns fall@20.000ns period=40.000ns})
  Path Group:             **async_default**
  Path Type:              Recovery (Max at Slow Process Corner)
  Requirement:            40.000ns  (clk_out1_clk_wiz_0_1 rise@40.000ns - clk_out1_clk_wiz_0_1 rise@0.000ns)
  Data Path Delay:        6.314ns  (logic 0.518ns (8.204%)  route 5.796ns (91.796%))
  Logic Levels:           0  
  Clock Path Skew:        0.176ns (DCD - SCD + CPR)
    Destination Clock Delay (DCD):    -1.821ns = ( 38.179 - 40.000 ) 
    Source Clock Delay      (SCD):    -2.496ns
    Clock Pessimism Removal (CPR):    -0.499ns
  Clock Uncertainty:      0.091ns  ((TSJ^2 + DJ^2)^1/2) / 2 + PE
    Total System Jitter     (TSJ):    0.071ns
    Discrete Jitter          (DJ):    0.168ns
    Phase Error              (PE):    0.000ns

    Location             Delay type                Incr(ns)  Path(ns)    Netlist Resource(s)
  -------------------------------------------------------------------    -------------------
                         (clock clk_out1_clk_wiz_0_1 rise edge)
                                                      0.000     0.000 r  
    R4                                                0.000     0.000 r  CLK100MHZ (IN)
                         net (fo=0)                   0.000     0.000    pll_inst/inst/clk_in1
    R4                   IBUF (Prop_ibuf_I_O)         1.475     1.475 r  pll_inst/inst/clkin1_ibufg/O
                         net (fo=1, routed)           1.253     2.728    pll_inst/inst/clk_in1_clk_wiz_0
    PLLE2_ADV_X1Y2       PLLE2_ADV (Prop_plle2_adv_CLKIN1_CLKOUT0)
                                                     -8.953    -6.225 r  pll_inst/inst/plle2_adv_inst/CLKOUT0
                         net (fo=1, routed)           1.802    -4.422    pll_inst/inst/clk_out1_clk_wiz_0
    BUFGCTRL_X0Y0        BUFG (Prop_bufg_I_O)         0.096    -4.326 r  pll_inst/inst/clkout1_buf/O
                         net (fo=251, routed)         1.830    -2.496    pixel_clk
    SLICE_X72Y89         FDPE                                         r  rst_pix_sync_reg[2]/C
  -------------------------------------------------------------------    -------------------
    SLICE_X72Y89         FDPE (Prop_fdpe_C_Q)         0.518    -1.978 f  rst_pix_sync_reg[2]/Q
                         net (fo=97, routed)          5.796     3.818    vga/hcnt_reg[9]_0[0]
    SLICE_X23Y40         FDCE                                         f  vga/vcnt_reg[1]/CLR
  -------------------------------------------------------------------    -------------------

                         (clock clk_out1_clk_wiz_0_1 rise edge)
                                                     40.000    40.000 r  
    R4                                                0.000    40.000 r  CLK100MHZ (IN)
                         net (fo=0)                   0.000    40.000    pll_inst/inst/clk_in1
    R4                   IBUF (Prop_ibuf_I_O)         1.405    41.405 r  pll_inst/inst/clkin1_ibufg/O
                         net (fo=1, routed)           1.181    42.586    pll_inst/inst/clk_in1_clk_wiz_0
    PLLE2_ADV_X1Y2       PLLE2_ADV (Prop_plle2_adv_CLKIN1_CLKOUT0)
                                                     -8.206    34.380 r  pll_inst/inst/plle2_adv_inst/CLKOUT0
                         net (fo=1, routed)           1.718    36.098    pll_inst/inst/clk_out1_clk_wiz_0
    BUFGCTRL_X0Y0        BUFG (Prop_bufg_I_O)         0.091    36.189 r  pll_inst/inst/clkout1_buf/O
                         net (fo=251, routed)         1.990    38.179    vga/clk_out1
    SLICE_X23Y40         FDCE                                         r  vga/vcnt_reg[1]/C
                         clock pessimism             -0.499    37.680    
                         clock uncertainty           -0.091    37.589    
    SLICE_X23Y40         FDCE (Recov_fdce_C_CLR)     -0.405    37.184    vga/vcnt_reg[1]
  -------------------------------------------------------------------
                         required time                         37.184    
                         arrival time                          -3.818    
  -------------------------------------------------------------------
                         slack                                 33.366    

Slack (MET) :             33.366ns  (required time - arrival time)
  Source:                 rst_pix_sync_reg[2]/C
                            (rising edge-triggered cell FDPE clocked by clk_out1_clk_wiz_0_1  {rise@0.000ns fall@20.000ns period=40.000ns})
  Destination:            vga/vcnt_reg[3]/CLR
                            (recovery check against rising-edge clock clk_out1_clk_wiz_0_1  {rise@0.000ns fall@20.000ns period=40.000ns})
  Path Group:             **async_default**
  Path Type:              Recovery (Max at Slow Process Corner)
  Requirement:            40.000ns  (clk_out1_clk_wiz_0_1 rise@40.000ns - clk_out1_clk_wiz_0_1 rise@0.000ns)
  Data Path Delay:        6.314ns  (logic 0.518ns (8.204%)  route 5.796ns (91.796%))
  Logic Levels:           0  
  Clock Path Skew:        0.176ns (DCD - SCD + CPR)
    Destination Clock Delay (DCD):    -1.821ns = ( 38.179 - 40.000 ) 
    Source Clock Delay      (SCD):    -2.496ns
    Clock Pessimism Removal (CPR):    -0.499ns
  Clock Uncertainty:      0.091ns  ((TSJ^2 + DJ^2)^1/2) / 2 + PE
    Total System Jitter     (TSJ):    0.071ns
    Discrete Jitter          (DJ):    0.168ns
    Phase Error              (PE):    0.000ns

    Location             Delay type                Incr(ns)  Path(ns)    Netlist Resource(s)
  -------------------------------------------------------------------    -------------------
                         (clock clk_out1_clk_wiz_0_1 rise edge)
                                                      0.000     0.000 r  
    R4                                                0.000     0.000 r  CLK100MHZ (IN)
                         net (fo=0)                   0.000     0.000    pll_inst/inst/clk_in1
    R4                   IBUF (Prop_ibuf_I_O)         1.475     1.475 r  pll_inst/inst/clkin1_ibufg/O
                         net (fo=1, routed)           1.253     2.728    pll_inst/inst/clk_in1_clk_wiz_0
    PLLE2_ADV_X1Y2       PLLE2_ADV (Prop_plle2_adv_CLKIN1_CLKOUT0)
                                                     -8.953    -6.225 r  pll_inst/inst/plle2_adv_inst/CLKOUT0
                         net (fo=1, routed)           1.802    -4.422    pll_inst/inst/clk_out1_clk_wiz_0
    BUFGCTRL_X0Y0        BUFG (Prop_bufg_I_O)         0.096    -4.326 r  pll_inst/inst/clkout1_buf/O
                         net (fo=251, routed)         1.830    -2.496    pixel_clk
    SLICE_X72Y89         FDPE                                         r  rst_pix_sync_reg[2]/C
  -------------------------------------------------------------------    -------------------
    SLICE_X72Y89         FDPE (Prop_fdpe_C_Q)         0.518    -1.978 f  rst_pix_sync_reg[2]/Q
                         net (fo=97, routed)          5.796     3.818    vga/hcnt_reg[9]_0[0]
    SLICE_X23Y40         FDCE                                         f  vga/vcnt_reg[3]/CLR
  -------------------------------------------------------------------    -------------------

                         (clock clk_out1_clk_wiz_0_1 rise edge)
                                                     40.000    40.000 r  
    R4                                                0.000    40.000 r  CLK100MHZ (IN)
                         net (fo=0)                   0.000    40.000    pll_inst/inst/clk_in1
    R4                   IBUF (Prop_ibuf_I_O)         1.405    41.405 r  pll_inst/inst/clkin1_ibufg/O
                         net (fo=1, routed)           1.181    42.586    pll_inst/inst/clk_in1_clk_wiz_0
    PLLE2_ADV_X1Y2       PLLE2_ADV (Prop_plle2_adv_CLKIN1_CLKOUT0)
                                                     -8.206    34.380 r  pll_inst/inst/plle2_adv_inst/CLKOUT0
                         net (fo=1, routed)           1.718    36.098    pll_inst/inst/clk_out1_clk_wiz_0
    BUFGCTRL_X0Y0        BUFG (Prop_bufg_I_O)         0.091    36.189 r  pll_inst/inst/clkout1_buf/O
                         net (fo=251, routed)         1.990    38.179    vga/clk_out1
    SLICE_X23Y40         FDCE                                         r  vga/vcnt_reg[3]/C
                         clock pessimism             -0.499    37.680    
                         clock uncertainty           -0.091    37.589    
    SLICE_X23Y40         FDCE (Recov_fdce_C_CLR)     -0.405    37.184    vga/vcnt_reg[3]
  -------------------------------------------------------------------
                         required time                         37.184    
                         arrival time                          -3.818    
  -------------------------------------------------------------------
                         slack                                 33.366    

Slack (MET) :             33.452ns  (required time - arrival time)
  Source:                 rst_pix_sync_reg[2]/C
                            (rising edge-triggered cell FDPE clocked by clk_out1_clk_wiz_0_1  {rise@0.000ns fall@20.000ns period=40.000ns})
  Destination:            vga/vcnt_reg[2]/CLR
                            (recovery check against rising-edge clock clk_out1_clk_wiz_0_1  {rise@0.000ns fall@20.000ns period=40.000ns})
  Path Group:             **async_default**
  Path Type:              Recovery (Max at Slow Process Corner)
  Requirement:            40.000ns  (clk_out1_clk_wiz_0_1 rise@40.000ns - clk_out1_clk_wiz_0_1 rise@0.000ns)
  Data Path Delay:        6.314ns  (logic 0.518ns (8.204%)  route 5.796ns (91.796%))
  Logic Levels:           0  
  Clock Path Skew:        0.176ns (DCD - SCD + CPR)
    Destination Clock Delay (DCD):    -1.821ns = ( 38.179 - 40.000 ) 
    Source Clock Delay      (SCD):    -2.496ns
    Clock Pessimism Removal (CPR):    -0.499ns
  Clock Uncertainty:      0.091ns  ((TSJ^2 + DJ^2)^1/2) / 2 + PE
    Total System Jitter     (TSJ):    0.071ns
    Discrete Jitter          (DJ):    0.168ns
    Phase Error              (PE):    0.000ns

    Location             Delay type                Incr(ns)  Path(ns)    Netlist Resource(s)
  -------------------------------------------------------------------    -------------------
                         (clock clk_out1_clk_wiz_0_1 rise edge)
                                                      0.000     0.000 r  
    R4                                                0.000     0.000 r  CLK100MHZ (IN)
                         net (fo=0)                   0.000     0.000    pll_inst/inst/clk_in1
    R4                   IBUF (Prop_ibuf_I_O)         1.475     1.475 r  pll_inst/inst/clkin1_ibufg/O
                         net (fo=1, routed)           1.253     2.728    pll_inst/inst/clk_in1_clk_wiz_0
    PLLE2_ADV_X1Y2       PLLE2_ADV (Prop_plle2_adv_CLKIN1_CLKOUT0)
                                                     -8.953    -6.225 r  pll_inst/inst/plle2_adv_inst/CLKOUT0
                         net (fo=1, routed)           1.802    -4.422    pll_inst/inst/clk_out1_clk_wiz_0
    BUFGCTRL_X0Y0        BUFG (Prop_bufg_I_O)         0.096    -4.326 r  pll_inst/inst/clkout1_buf/O
                         net (fo=251, routed)         1.830    -2.496    pixel_clk
    SLICE_X72Y89         FDPE                                         r  rst_pix_sync_reg[2]/C
  -------------------------------------------------------------------    -------------------
    SLICE_X72Y89         FDPE (Prop_fdpe_C_Q)         0.518    -1.978 f  rst_pix_sync_reg[2]/Q
                         net (fo=97, routed)          5.796     3.818    vga/hcnt_reg[9]_0[0]
    SLICE_X22Y40         FDCE                                         f  vga/vcnt_reg[2]/CLR
  -------------------------------------------------------------------    -------------------

                         (clock clk_out1_clk_wiz_0_1 rise edge)
                                                     40.000    40.000 r  
    R4                                                0.000    40.000 r  CLK100MHZ (IN)
                         net (fo=0)                   0.000    40.000    pll_inst/inst/clk_in1
    R4                   IBUF (Prop_ibuf_I_O)         1.405    41.405 r  pll_inst/inst/clkin1_ibufg/O
                         net (fo=1, routed)           1.181    42.586    pll_inst/inst/clk_in1_clk_wiz_0
    PLLE2_ADV_X1Y2       PLLE2_ADV (Prop_plle2_adv_CLKIN1_CLKOUT0)
                                                     -8.206    34.380 r  pll_inst/inst/plle2_adv_inst/CLKOUT0
                         net (fo=1, routed)           1.718    36.098    pll_inst/inst/clk_out1_clk_wiz_0
    BUFGCTRL_X0Y0        BUFG (Prop_bufg_I_O)         0.091    36.189 r  pll_inst/inst/clkout1_buf/O
                         net (fo=251, routed)         1.990    38.179    vga/clk_out1
    SLICE_X22Y40         FDCE                                         r  vga/vcnt_reg[2]/C
                         clock pessimism             -0.499    37.680    
                         clock uncertainty           -0.091    37.589    
    SLICE_X22Y40         FDCE (Recov_fdce_C_CLR)     -0.319    37.270    vga/vcnt_reg[2]
  -------------------------------------------------------------------
                         required time                         37.270    
                         arrival time                          -3.818    
  -------------------------------------------------------------------
                         slack                                 33.452    

Slack (MET) :             33.511ns  (required time - arrival time)
  Source:                 rst_pix_sync_reg[2]/C
                            (rising edge-triggered cell FDPE clocked by clk_out1_clk_wiz_0_1  {rise@0.000ns fall@20.000ns period=40.000ns})
  Destination:            vga/hcnt_reg[2]/CLR
                            (recovery check against rising-edge clock clk_out1_clk_wiz_0_1  {rise@0.000ns fall@20.000ns period=40.000ns})
  Path Group:             **async_default**
  Path Type:              Recovery (Max at Slow Process Corner)
  Requirement:            40.000ns  (clk_out1_clk_wiz_0_1 rise@40.000ns - clk_out1_clk_wiz_0_1 rise@0.000ns)
  Data Path Delay:        6.168ns  (logic 0.518ns (8.398%)  route 5.650ns (91.602%))
  Logic Levels:           0  
  Clock Path Skew:        0.176ns (DCD - SCD + CPR)
    Destination Clock Delay (DCD):    -1.821ns = ( 38.179 - 40.000 ) 
    Source Clock Delay      (SCD):    -2.496ns
    Clock Pessimism Removal (CPR):    -0.499ns
  Clock Uncertainty:      0.091ns  ((TSJ^2 + DJ^2)^1/2) / 2 + PE
    Total System Jitter     (TSJ):    0.071ns
    Discrete Jitter          (DJ):    0.168ns
    Phase Error              (PE):    0.000ns

    Location             Delay type                Incr(ns)  Path(ns)    Netlist Resource(s)
  -------------------------------------------------------------------    -------------------
                         (clock clk_out1_clk_wiz_0_1 rise edge)
                                                      0.000     0.000 r  
    R4                                                0.000     0.000 r  CLK100MHZ (IN)
                         net (fo=0)                   0.000     0.000    pll_inst/inst/clk_in1
    R4                   IBUF (Prop_ibuf_I_O)         1.475     1.475 r  pll_inst/inst/clkin1_ibufg/O
                         net (fo=1, routed)           1.253     2.728    pll_inst/inst/clk_in1_clk_wiz_0
    PLLE2_ADV_X1Y2       PLLE2_ADV (Prop_plle2_adv_CLKIN1_CLKOUT0)
                                                     -8.953    -6.225 r  pll_inst/inst/plle2_adv_inst/CLKOUT0
                         net (fo=1, routed)           1.802    -4.422    pll_inst/inst/clk_out1_clk_wiz_0
    BUFGCTRL_X0Y0        BUFG (Prop_bufg_I_O)         0.096    -4.326 r  pll_inst/inst/clkout1_buf/O
                         net (fo=251, routed)         1.830    -2.496    pixel_clk
    SLICE_X72Y89         FDPE                                         r  rst_pix_sync_reg[2]/C
  -------------------------------------------------------------------    -------------------
    SLICE_X72Y89         FDPE (Prop_fdpe_C_Q)         0.518    -1.978 f  rst_pix_sync_reg[2]/Q
                         net (fo=97, routed)          5.650     3.672    vga/hcnt_reg[9]_0[0]
    SLICE_X23Y39         FDCE                                         f  vga/hcnt_reg[2]/CLR
  -------------------------------------------------------------------    -------------------

                         (clock clk_out1_clk_wiz_0_1 rise edge)
                                                     40.000    40.000 r  
    R4                                                0.000    40.000 r  CLK100MHZ (IN)
                         net (fo=0)                   0.000    40.000    pll_inst/inst/clk_in1
    R4                   IBUF (Prop_ibuf_I_O)         1.405    41.405 r  pll_inst/inst/clkin1_ibufg/O
                         net (fo=1, routed)           1.181    42.586    pll_inst/inst/clk_in1_clk_wiz_0
    PLLE2_ADV_X1Y2       PLLE2_ADV (Prop_plle2_adv_CLKIN1_CLKOUT0)
                                                     -8.206    34.380 r  pll_inst/inst/plle2_adv_inst/CLKOUT0
                         net (fo=1, routed)           1.718    36.098    pll_inst/inst/clk_out1_clk_wiz_0
    BUFGCTRL_X0Y0        BUFG (Prop_bufg_I_O)         0.091    36.189 r  pll_inst/inst/clkout1_buf/O
                         net (fo=251, routed)         1.990    38.179    vga/clk_out1
    SLICE_X23Y39         FDCE                                         r  vga/hcnt_reg[2]/C
                         clock pessimism             -0.499    37.680    
                         clock uncertainty           -0.091    37.589    
    SLICE_X23Y39         FDCE (Recov_fdce_C_CLR)     -0.405    37.184    vga/hcnt_reg[2]
  -------------------------------------------------------------------
                         required time                         37.184    
                         arrival time                          -3.672    
  -------------------------------------------------------------------
                         slack                                 33.511    

Slack (MET) :             33.511ns  (required time - arrival time)
  Source:                 rst_pix_sync_reg[2]/C
                            (rising edge-triggered cell FDPE clocked by clk_out1_clk_wiz_0_1  {rise@0.000ns fall@20.000ns period=40.000ns})
  Destination:            vga/hcnt_reg[3]/CLR
                            (recovery check against rising-edge clock clk_out1_clk_wiz_0_1  {rise@0.000ns fall@20.000ns period=40.000ns})
  Path Group:             **async_default**
  Path Type:              Recovery (Max at Slow Process Corner)
  Requirement:            40.000ns  (clk_out1_clk_wiz_0_1 rise@40.000ns - clk_out1_clk_wiz_0_1 rise@0.000ns)
  Data Path Delay:        6.168ns  (logic 0.518ns (8.398%)  route 5.650ns (91.602%))
  Logic Levels:           0  
  Clock Path Skew:        0.176ns (DCD - SCD + CPR)
    Destination Clock Delay (DCD):    -1.821ns = ( 38.179 - 40.000 ) 
    Source Clock Delay      (SCD):    -2.496ns
    Clock Pessimism Removal (CPR):    -0.499ns
  Clock Uncertainty:      0.091ns  ((TSJ^2 + DJ^2)^1/2) / 2 + PE
    Total System Jitter     (TSJ):    0.071ns
    Discrete Jitter          (DJ):    0.168ns
    Phase Error              (PE):    0.000ns

    Location             Delay type                Incr(ns)  Path(ns)    Netlist Resource(s)
  -------------------------------------------------------------------    -------------------
                         (clock clk_out1_clk_wiz_0_1 rise edge)
                                                      0.000     0.000 r  
    R4                                                0.000     0.000 r  CLK100MHZ (IN)
                         net (fo=0)                   0.000     0.000    pll_inst/inst/clk_in1
    R4                   IBUF (Prop_ibuf_I_O)         1.475     1.475 r  pll_inst/inst/clkin1_ibufg/O
                         net (fo=1, routed)           1.253     2.728    pll_inst/inst/clk_in1_clk_wiz_0
    PLLE2_ADV_X1Y2       PLLE2_ADV (Prop_plle2_adv_CLKIN1_CLKOUT0)
                                                     -8.953    -6.225 r  pll_inst/inst/plle2_adv_inst/CLKOUT0
                         net (fo=1, routed)           1.802    -4.422    pll_inst/inst/clk_out1_clk_wiz_0
    BUFGCTRL_X0Y0        BUFG (Prop_bufg_I_O)         0.096    -4.326 r  pll_inst/inst/clkout1_buf/O
                         net (fo=251, routed)         1.830    -2.496    pixel_clk
    SLICE_X72Y89         FDPE                                         r  rst_pix_sync_reg[2]/C
  -------------------------------------------------------------------    -------------------
    SLICE_X72Y89         FDPE (Prop_fdpe_C_Q)         0.518    -1.978 f  rst_pix_sync_reg[2]/Q
                         net (fo=97, routed)          5.650     3.672    vga/hcnt_reg[9]_0[0]
    SLICE_X23Y39         FDCE                                         f  vga/hcnt_reg[3]/CLR
  -------------------------------------------------------------------    -------------------

                         (clock clk_out1_clk_wiz_0_1 rise edge)
                                                     40.000    40.000 r  
    R4                                                0.000    40.000 r  CLK100MHZ (IN)
                         net (fo=0)                   0.000    40.000    pll_inst/inst/clk_in1
    R4                   IBUF (Prop_ibuf_I_O)         1.405    41.405 r  pll_inst/inst/clkin1_ibufg/O
                         net (fo=1, routed)           1.181    42.586    pll_inst/inst/clk_in1_clk_wiz_0
    PLLE2_ADV_X1Y2       PLLE2_ADV (Prop_plle2_adv_CLKIN1_CLKOUT0)
                                                     -8.206    34.380 r  pll_inst/inst/plle2_adv_inst/CLKOUT0
                         net (fo=1, routed)           1.718    36.098    pll_inst/inst/clk_out1_clk_wiz_0
    BUFGCTRL_X0Y0        BUFG (Prop_bufg_I_O)         0.091    36.189 r  pll_inst/inst/clkout1_buf/O
                         net (fo=251, routed)         1.990    38.179    vga/clk_out1
    SLICE_X23Y39         FDCE                                         r  vga/hcnt_reg[3]/C
                         clock pessimism             -0.499    37.680    
                         clock uncertainty           -0.091    37.589    
    SLICE_X23Y39         FDCE (Recov_fdce_C_CLR)     -0.405    37.184    vga/hcnt_reg[3]
  -------------------------------------------------------------------
                         required time                         37.184    
                         arrival time                          -3.672    
  -------------------------------------------------------------------
                         slack                                 33.511    

Slack (MET) :             33.511ns  (required time - arrival time)
  Source:                 rst_pix_sync_reg[2]/C
                            (rising edge-triggered cell FDPE clocked by clk_out1_clk_wiz_0_1  {rise@0.000ns fall@20.000ns period=40.000ns})
  Destination:            vga/hcnt_reg[4]/CLR
                            (recovery check against rising-edge clock clk_out1_clk_wiz_0_1  {rise@0.000ns fall@20.000ns period=40.000ns})
  Path Group:             **async_default**
  Path Type:              Recovery (Max at Slow Process Corner)
  Requirement:            40.000ns  (clk_out1_clk_wiz_0_1 rise@40.000ns - clk_out1_clk_wiz_0_1 rise@0.000ns)
  Data Path Delay:        6.168ns  (logic 0.518ns (8.398%)  route 5.650ns (91.602%))
  Logic Levels:           0  
  Clock Path Skew:        0.176ns (DCD - SCD + CPR)
    Destination Clock Delay (DCD):    -1.821ns = ( 38.179 - 40.000 ) 
    Source Clock Delay      (SCD):    -2.496ns
    Clock Pessimism Removal (CPR):    -0.499ns
  Clock Uncertainty:      0.091ns  ((TSJ^2 + DJ^2)^1/2) / 2 + PE
    Total System Jitter     (TSJ):    0.071ns
    Discrete Jitter          (DJ):    0.168ns
    Phase Error              (PE):    0.000ns

    Location             Delay type                Incr(ns)  Path(ns)    Netlist Resource(s)
  -------------------------------------------------------------------    -------------------
                         (clock clk_out1_clk_wiz_0_1 rise edge)
                                                      0.000     0.000 r  
    R4                                                0.000     0.000 r  CLK100MHZ (IN)
                         net (fo=0)                   0.000     0.000    pll_inst/inst/clk_in1
    R4                   IBUF (Prop_ibuf_I_O)         1.475     1.475 r  pll_inst/inst/clkin1_ibufg/O
                         net (fo=1, routed)           1.253     2.728    pll_inst/inst/clk_in1_clk_wiz_0
    PLLE2_ADV_X1Y2       PLLE2_ADV (Prop_plle2_adv_CLKIN1_CLKOUT0)
                                                     -8.953    -6.225 r  pll_inst/inst/plle2_adv_inst/CLKOUT0
                         net (fo=1, routed)           1.802    -4.422    pll_inst/inst/clk_out1_clk_wiz_0
    BUFGCTRL_X0Y0        BUFG (Prop_bufg_I_O)         0.096    -4.326 r  pll_inst/inst/clkout1_buf/O
                         net (fo=251, routed)         1.830    -2.496    pixel_clk
    SLICE_X72Y89         FDPE                                         r  rst_pix_sync_reg[2]/C
  -------------------------------------------------------------------    -------------------
    SLICE_X72Y89         FDPE (Prop_fdpe_C_Q)         0.518    -1.978 f  rst_pix_sync_reg[2]/Q
                         net (fo=97, routed)          5.650     3.672    vga/hcnt_reg[9]_0[0]
    SLICE_X23Y39         FDCE                                         f  vga/hcnt_reg[4]/CLR
  -------------------------------------------------------------------    -------------------

                         (clock clk_out1_clk_wiz_0_1 rise edge)
                                                     40.000    40.000 r  
    R4                                                0.000    40.000 r  CLK100MHZ (IN)
                         net (fo=0)                   0.000    40.000    pll_inst/inst/clk_in1
    R4                   IBUF (Prop_ibuf_I_O)         1.405    41.405 r  pll_inst/inst/clkin1_ibufg/O
                         net (fo=1, routed)           1.181    42.586    pll_inst/inst/clk_in1_clk_wiz_0
    PLLE2_ADV_X1Y2       PLLE2_ADV (Prop_plle2_adv_CLKIN1_CLKOUT0)
                                                     -8.206    34.380 r  pll_inst/inst/plle2_adv_inst/CLKOUT0
                         net (fo=1, routed)           1.718    36.098    pll_inst/inst/clk_out1_clk_wiz_0
    BUFGCTRL_X0Y0        BUFG (Prop_bufg_I_O)         0.091    36.189 r  pll_inst/inst/clkout1_buf/O
                         net (fo=251, routed)         1.990    38.179    vga/clk_out1
    SLICE_X23Y39         FDCE                                         r  vga/hcnt_reg[4]/C
                         clock pessimism             -0.499    37.680    
                         clock uncertainty           -0.091    37.589    
    SLICE_X23Y39         FDCE (Recov_fdce_C_CLR)     -0.405    37.184    vga/hcnt_reg[4]
  -------------------------------------------------------------------
                         required time                         37.184    
                         arrival time                          -3.672    
  -------------------------------------------------------------------
                         slack                                 33.511    

Slack (MET) :             33.597ns  (required time - arrival time)
  Source:                 rst_pix_sync_reg[2]/C
                            (rising edge-triggered cell FDPE clocked by clk_out1_clk_wiz_0_1  {rise@0.000ns fall@20.000ns period=40.000ns})
  Destination:            vga/hcnt_reg[0]/CLR
                            (recovery check against rising-edge clock clk_out1_clk_wiz_0_1  {rise@0.000ns fall@20.000ns period=40.000ns})
  Path Group:             **async_default**
  Path Type:              Recovery (Max at Slow Process Corner)
  Requirement:            40.000ns  (clk_out1_clk_wiz_0_1 rise@40.000ns - clk_out1_clk_wiz_0_1 rise@0.000ns)
  Data Path Delay:        6.168ns  (logic 0.518ns (8.398%)  route 5.650ns (91.602%))
  Logic Levels:           0  
  Clock Path Skew:        0.176ns (DCD - SCD + CPR)
    Destination Clock Delay (DCD):    -1.821ns = ( 38.179 - 40.000 ) 
    Source Clock Delay      (SCD):    -2.496ns
    Clock Pessimism Removal (CPR):    -0.499ns
  Clock Uncertainty:      0.091ns  ((TSJ^2 + DJ^2)^1/2) / 2 + PE
    Total System Jitter     (TSJ):    0.071ns
    Discrete Jitter          (DJ):    0.168ns
    Phase Error              (PE):    0.000ns

    Location             Delay type                Incr(ns)  Path(ns)    Netlist Resource(s)
  -------------------------------------------------------------------    -------------------
                         (clock clk_out1_clk_wiz_0_1 rise edge)
                                                      0.000     0.000 r  
    R4                                                0.000     0.000 r  CLK100MHZ (IN)
                         net (fo=0)                   0.000     0.000    pll_inst/inst/clk_in1
    R4                   IBUF (Prop_ibuf_I_O)         1.475     1.475 r  pll_inst/inst/clkin1_ibufg/O
                         net (fo=1, routed)           1.253     2.728    pll_inst/inst/clk_in1_clk_wiz_0
    PLLE2_ADV_X1Y2       PLLE2_ADV (Prop_plle2_adv_CLKIN1_CLKOUT0)
                                                     -8.953    -6.225 r  pll_inst/inst/plle2_adv_inst/CLKOUT0
                         net (fo=1, routed)           1.802    -4.422    pll_inst/inst/clk_out1_clk_wiz_0
    BUFGCTRL_X0Y0        BUFG (Prop_bufg_I_O)         0.096    -4.326 r  pll_inst/inst/clkout1_buf/O
                         net (fo=251, routed)         1.830    -2.496    pixel_clk
    SLICE_X72Y89         FDPE                                         r  rst_pix_sync_reg[2]/C
  -------------------------------------------------------------------    -------------------
    SLICE_X72Y89         FDPE (Prop_fdpe_C_Q)         0.518    -1.978 f  rst_pix_sync_reg[2]/Q
                         net (fo=97, routed)          5.650     3.672    vga/hcnt_reg[9]_0[0]
    SLICE_X22Y39         FDCE                                         f  vga/hcnt_reg[0]/CLR
  -------------------------------------------------------------------    -------------------

                         (clock clk_out1_clk_wiz_0_1 rise edge)
                                                     40.000    40.000 r  
    R4                                                0.000    40.000 r  CLK100MHZ (IN)
                         net (fo=0)                   0.000    40.000    pll_inst/inst/clk_in1
    R4                   IBUF (Prop_ibuf_I_O)         1.405    41.405 r  pll_inst/inst/clkin1_ibufg/O
                         net (fo=1, routed)           1.181    42.586    pll_inst/inst/clk_in1_clk_wiz_0
    PLLE2_ADV_X1Y2       PLLE2_ADV (Prop_plle2_adv_CLKIN1_CLKOUT0)
                                                     -8.206    34.380 r  pll_inst/inst/plle2_adv_inst/CLKOUT0
                         net (fo=1, routed)           1.718    36.098    pll_inst/inst/clk_out1_clk_wiz_0
    BUFGCTRL_X0Y0        BUFG (Prop_bufg_I_O)         0.091    36.189 r  pll_inst/inst/clkout1_buf/O
                         net (fo=251, routed)         1.990    38.179    vga/clk_out1
    SLICE_X22Y39         FDCE                                         r  vga/hcnt_reg[0]/C
                         clock pessimism             -0.499    37.680    
                         clock uncertainty           -0.091    37.589    
    SLICE_X22Y39         FDCE (Recov_fdce_C_CLR)     -0.319    37.270    vga/hcnt_reg[0]
  -------------------------------------------------------------------
                         required time                         37.270    
                         arrival time                          -3.672    
  -------------------------------------------------------------------
                         slack                                 33.597    

Slack (MET) :             33.597ns  (required time - arrival time)
  Source:                 rst_pix_sync_reg[2]/C
                            (rising edge-triggered cell FDPE clocked by clk_out1_clk_wiz_0_1  {rise@0.000ns fall@20.000ns period=40.000ns})
  Destination:            vga/hcnt_reg[1]/CLR
                            (recovery check against rising-edge clock clk_out1_clk_wiz_0_1  {rise@0.000ns fall@20.000ns period=40.000ns})
  Path Group:             **async_default**
  Path Type:              Recovery (Max at Slow Process Corner)
  Requirement:            40.000ns  (clk_out1_clk_wiz_0_1 rise@40.000ns - clk_out1_clk_wiz_0_1 rise@0.000ns)
  Data Path Delay:        6.168ns  (logic 0.518ns (8.398%)  route 5.650ns (91.602%))
  Logic Levels:           0  
  Clock Path Skew:        0.176ns (DCD - SCD + CPR)
    Destination Clock Delay (DCD):    -1.821ns = ( 38.179 - 40.000 ) 
    Source Clock Delay      (SCD):    -2.496ns
    Clock Pessimism Removal (CPR):    -0.499ns
  Clock Uncertainty:      0.091ns  ((TSJ^2 + DJ^2)^1/2) / 2 + PE
    Total System Jitter     (TSJ):    0.071ns
    Discrete Jitter          (DJ):    0.168ns
    Phase Error              (PE):    0.000ns

    Location             Delay type                Incr(ns)  Path(ns)    Netlist Resource(s)
  -------------------------------------------------------------------    -------------------
                         (clock clk_out1_clk_wiz_0_1 rise edge)
                                                      0.000     0.000 r  
    R4                                                0.000     0.000 r  CLK100MHZ (IN)
                         net (fo=0)                   0.000     0.000    pll_inst/inst/clk_in1
    R4                   IBUF (Prop_ibuf_I_O)         1.475     1.475 r  pll_inst/inst/clkin1_ibufg/O
                         net (fo=1, routed)           1.253     2.728    pll_inst/inst/clk_in1_clk_wiz_0
    PLLE2_ADV_X1Y2       PLLE2_ADV (Prop_plle2_adv_CLKIN1_CLKOUT0)
                                                     -8.953    -6.225 r  pll_inst/inst/plle2_adv_inst/CLKOUT0
                         net (fo=1, routed)           1.802    -4.422    pll_inst/inst/clk_out1_clk_wiz_0
    BUFGCTRL_X0Y0        BUFG (Prop_bufg_I_O)         0.096    -4.326 r  pll_inst/inst/clkout1_buf/O
                         net (fo=251, routed)         1.830    -2.496    pixel_clk
    SLICE_X72Y89         FDPE                                         r  rst_pix_sync_reg[2]/C
  -------------------------------------------------------------------    -------------------
    SLICE_X72Y89         FDPE (Prop_fdpe_C_Q)         0.518    -1.978 f  rst_pix_sync_reg[2]/Q
                         net (fo=97, routed)          5.650     3.672    vga/hcnt_reg[9]_0[0]
    SLICE_X22Y39         FDCE                                         f  vga/hcnt_reg[1]/CLR
  -------------------------------------------------------------------    -------------------

                         (clock clk_out1_clk_wiz_0_1 rise edge)
                                                     40.000    40.000 r  
    R4                                                0.000    40.000 r  CLK100MHZ (IN)
                         net (fo=0)                   0.000    40.000    pll_inst/inst/clk_in1
    R4                   IBUF (Prop_ibuf_I_O)         1.405    41.405 r  pll_inst/inst/clkin1_ibufg/O
                         net (fo=1, routed)           1.181    42.586    pll_inst/inst/clk_in1_clk_wiz_0
    PLLE2_ADV_X1Y2       PLLE2_ADV (Prop_plle2_adv_CLKIN1_CLKOUT0)
                                                     -8.206    34.380 r  pll_inst/inst/plle2_adv_inst/CLKOUT0
                         net (fo=1, routed)           1.718    36.098    pll_inst/inst/clk_out1_clk_wiz_0
    BUFGCTRL_X0Y0        BUFG (Prop_bufg_I_O)         0.091    36.189 r  pll_inst/inst/clkout1_buf/O
                         net (fo=251, routed)         1.990    38.179    vga/clk_out1
    SLICE_X22Y39         FDCE                                         r  vga/hcnt_reg[1]/C
                         clock pessimism             -0.499    37.680    
                         clock uncertainty           -0.091    37.589    
    SLICE_X22Y39         FDCE (Recov_fdce_C_CLR)     -0.319    37.270    vga/hcnt_reg[1]
  -------------------------------------------------------------------
                         required time                         37.270    
                         arrival time                          -3.672    
  -------------------------------------------------------------------
                         slack                                 33.597    

Slack (MET) :             33.752ns  (required time - arrival time)
  Source:                 rst_pix_sync_reg[2]/C
                            (rising edge-triggered cell FDPE clocked by clk_out1_clk_wiz_0_1  {rise@0.000ns fall@20.000ns period=40.000ns})
  Destination:            vga/vcnt_reg[4]/CLR
                            (recovery check against rising-edge clock clk_out1_clk_wiz_0_1  {rise@0.000ns fall@20.000ns period=40.000ns})
  Path Group:             **async_default**
  Path Type:              Recovery (Max at Slow Process Corner)
  Requirement:            40.000ns  (clk_out1_clk_wiz_0_1 rise@40.000ns - clk_out1_clk_wiz_0_1 rise@0.000ns)
  Data Path Delay:        6.012ns  (logic 0.518ns (8.615%)  route 5.494ns (91.385%))
  Logic Levels:           0  
  Clock Path Skew:        0.175ns (DCD - SCD + CPR)
    Destination Clock Delay (DCD):    -1.822ns = ( 38.178 - 40.000 ) 
    Source Clock Delay      (SCD):    -2.496ns
    Clock Pessimism Removal (CPR):    -0.499ns
  Clock Uncertainty:      0.091ns  ((TSJ^2 + DJ^2)^1/2) / 2 + PE
    Total System Jitter     (TSJ):    0.071ns
    Discrete Jitter          (DJ):    0.168ns
    Phase Error              (PE):    0.000ns

    Location             Delay type                Incr(ns)  Path(ns)    Netlist Resource(s)
  -------------------------------------------------------------------    -------------------
                         (clock clk_out1_clk_wiz_0_1 rise edge)
                                                      0.000     0.000 r  
    R4                                                0.000     0.000 r  CLK100MHZ (IN)
                         net (fo=0)                   0.000     0.000    pll_inst/inst/clk_in1
    R4                   IBUF (Prop_ibuf_I_O)         1.475     1.475 r  pll_inst/inst/clkin1_ibufg/O
                         net (fo=1, routed)           1.253     2.728    pll_inst/inst/clk_in1_clk_wiz_0
    PLLE2_ADV_X1Y2       PLLE2_ADV (Prop_plle2_adv_CLKIN1_CLKOUT0)
                                                     -8.953    -6.225 r  pll_inst/inst/plle2_adv_inst/CLKOUT0
                         net (fo=1, routed)           1.802    -4.422    pll_inst/inst/clk_out1_clk_wiz_0
    BUFGCTRL_X0Y0        BUFG (Prop_bufg_I_O)         0.096    -4.326 r  pll_inst/inst/clkout1_buf/O
                         net (fo=251, routed)         1.830    -2.496    pixel_clk
    SLICE_X72Y89         FDPE                                         r  rst_pix_sync_reg[2]/C
  -------------------------------------------------------------------    -------------------
    SLICE_X72Y89         FDPE (Prop_fdpe_C_Q)         0.518    -1.978 f  rst_pix_sync_reg[2]/Q
                         net (fo=97, routed)          5.494     3.517    vga/hcnt_reg[9]_0[0]
    SLICE_X22Y38         FDCE                                         f  vga/vcnt_reg[4]/CLR
  -------------------------------------------------------------------    -------------------

                         (clock clk_out1_clk_wiz_0_1 rise edge)
                                                     40.000    40.000 r  
    R4                                                0.000    40.000 r  CLK100MHZ (IN)
                         net (fo=0)                   0.000    40.000    pll_inst/inst/clk_in1
    R4                   IBUF (Prop_ibuf_I_O)         1.405    41.405 r  pll_inst/inst/clkin1_ibufg/O
                         net (fo=1, routed)           1.181    42.586    pll_inst/inst/clk_in1_clk_wiz_0
    PLLE2_ADV_X1Y2       PLLE2_ADV (Prop_plle2_adv_CLKIN1_CLKOUT0)
                                                     -8.206    34.380 r  pll_inst/inst/plle2_adv_inst/CLKOUT0
                         net (fo=1, routed)           1.718    36.098    pll_inst/inst/clk_out1_clk_wiz_0
    BUFGCTRL_X0Y0        BUFG (Prop_bufg_I_O)         0.091    36.189 r  pll_inst/inst/clkout1_buf/O
                         net (fo=251, routed)         1.989    38.178    vga/clk_out1
    SLICE_X22Y38         FDCE                                         r  vga/vcnt_reg[4]/C
                         clock pessimism             -0.499    37.679    
                         clock uncertainty           -0.091    37.588    
    SLICE_X22Y38         FDCE (Recov_fdce_C_CLR)     -0.319    37.269    vga/vcnt_reg[4]
  -------------------------------------------------------------------
                         required time                         37.269    
                         arrival time                          -3.517    
  -------------------------------------------------------------------
                         slack                                 33.752    

Slack (MET) :             33.752ns  (required time - arrival time)
  Source:                 rst_pix_sync_reg[2]/C
                            (rising edge-triggered cell FDPE clocked by clk_out1_clk_wiz_0_1  {rise@0.000ns fall@20.000ns period=40.000ns})
  Destination:            vga/vcnt_reg[9]/CLR
                            (recovery check against rising-edge clock clk_out1_clk_wiz_0_1  {rise@0.000ns fall@20.000ns period=40.000ns})
  Path Group:             **async_default**
  Path Type:              Recovery (Max at Slow Process Corner)
  Requirement:            40.000ns  (clk_out1_clk_wiz_0_1 rise@40.000ns - clk_out1_clk_wiz_0_1 rise@0.000ns)
  Data Path Delay:        6.012ns  (logic 0.518ns (8.615%)  route 5.494ns (91.385%))
  Logic Levels:           0  
  Clock Path Skew:        0.175ns (DCD - SCD + CPR)
    Destination Clock Delay (DCD):    -1.822ns = ( 38.178 - 40.000 ) 
    Source Clock Delay      (SCD):    -2.496ns
    Clock Pessimism Removal (CPR):    -0.499ns
  Clock Uncertainty:      0.091ns  ((TSJ^2 + DJ^2)^1/2) / 2 + PE
    Total System Jitter     (TSJ):    0.071ns
    Discrete Jitter          (DJ):    0.168ns
    Phase Error              (PE):    0.000ns

    Location             Delay type                Incr(ns)  Path(ns)    Netlist Resource(s)
  -------------------------------------------------------------------    -------------------
                         (clock clk_out1_clk_wiz_0_1 rise edge)
                                                      0.000     0.000 r  
    R4                                                0.000     0.000 r  CLK100MHZ (IN)
                         net (fo=0)                   0.000     0.000    pll_inst/inst/clk_in1
    R4                   IBUF (Prop_ibuf_I_O)         1.475     1.475 r  pll_inst/inst/clkin1_ibufg/O
                         net (fo=1, routed)           1.253     2.728    pll_inst/inst/clk_in1_clk_wiz_0
    PLLE2_ADV_X1Y2       PLLE2_ADV (Prop_plle2_adv_CLKIN1_CLKOUT0)
                                                     -8.953    -6.225 r  pll_inst/inst/plle2_adv_inst/CLKOUT0
                         net (fo=1, routed)           1.802    -4.422    pll_inst/inst/clk_out1_clk_wiz_0
    BUFGCTRL_X0Y0        BUFG (Prop_bufg_I_O)         0.096    -4.326 r  pll_inst/inst/clkout1_buf/O
                         net (fo=251, routed)         1.830    -2.496    pixel_clk
    SLICE_X72Y89         FDPE                                         r  rst_pix_sync_reg[2]/C
  -------------------------------------------------------------------    -------------------
    SLICE_X72Y89         FDPE (Prop_fdpe_C_Q)         0.518    -1.978 f  rst_pix_sync_reg[2]/Q
                         net (fo=97, routed)          5.494     3.517    vga/hcnt_reg[9]_0[0]
    SLICE_X22Y38         FDCE                                         f  vga/vcnt_reg[9]/CLR
  -------------------------------------------------------------------    -------------------

                         (clock clk_out1_clk_wiz_0_1 rise edge)
                                                     40.000    40.000 r  
    R4                                                0.000    40.000 r  CLK100MHZ (IN)
                         net (fo=0)                   0.000    40.000    pll_inst/inst/clk_in1
    R4                   IBUF (Prop_ibuf_I_O)         1.405    41.405 r  pll_inst/inst/clkin1_ibufg/O
                         net (fo=1, routed)           1.181    42.586    pll_inst/inst/clk_in1_clk_wiz_0
    PLLE2_ADV_X1Y2       PLLE2_ADV (Prop_plle2_adv_CLKIN1_CLKOUT0)
                                                     -8.206    34.380 r  pll_inst/inst/plle2_adv_inst/CLKOUT0
                         net (fo=1, routed)           1.718    36.098    pll_inst/inst/clk_out1_clk_wiz_0
    BUFGCTRL_X0Y0        BUFG (Prop_bufg_I_O)         0.091    36.189 r  pll_inst/inst/clkout1_buf/O
                         net (fo=251, routed)         1.989    38.178    vga/clk_out1
    SLICE_X22Y38         FDCE                                         r  vga/vcnt_reg[9]/C
                         clock pessimism             -0.499    37.679    
                         clock uncertainty           -0.091    37.588    
    SLICE_X22Y38         FDCE (Recov_fdce_C_CLR)     -0.319    37.269    vga/vcnt_reg[9]
  -------------------------------------------------------------------
                         required time                         37.269    
                         arrival time                          -3.517    
  -------------------------------------------------------------------
                         slack                                 33.752    





Min Delay Paths
--------------------------------------------------------------------------------------
Slack (MET) :             1.588ns  (arrival time - required time)
  Source:                 rst_pix_sync_reg[2]/C
                            (rising edge-triggered cell FDPE clocked by clk_out1_clk_wiz_0_1  {rise@0.000ns fall@20.000ns period=40.000ns})
  Destination:            inhibit_timer_reg[5]/CLR
                            (removal check against rising-edge clock clk_out1_clk_wiz_0_1  {rise@0.000ns fall@20.000ns period=40.000ns})
  Path Group:             **async_default**
  Path Type:              Removal (Min at Fast Process Corner)
  Requirement:            0.000ns  (clk_out1_clk_wiz_0_1 rise@0.000ns - clk_out1_clk_wiz_0_1 rise@0.000ns)
  Data Path Delay:        1.778ns  (logic 0.164ns (9.223%)  route 1.614ns (90.777%))
  Logic Levels:           0  
  Clock Path Skew:        0.282ns (DCD - SCD - CPR)
    Destination Clock Delay (DCD):    -0.364ns
    Source Clock Delay      (SCD):    -0.606ns
    Clock Pessimism Removal (CPR):    -0.040ns

    Location             Delay type                Incr(ns)  Path(ns)    Netlist Resource(s)
  -------------------------------------------------------------------    -------------------
                         (clock clk_out1_clk_wiz_0_1 rise edge)
                                                      0.000     0.000 r  
    R4                                                0.000     0.000 r  CLK100MHZ (IN)
                         net (fo=0)                   0.000     0.000    pll_inst/inst/clk_in1
    R4                   IBUF (Prop_ibuf_I_O)         0.243     0.243 r  pll_inst/inst/clkin1_ibufg/O
                         net (fo=1, routed)           0.440     0.683    pll_inst/inst/clk_in1_clk_wiz_0
    PLLE2_ADV_X1Y2       PLLE2_ADV (Prop_plle2_adv_CLKIN1_CLKOUT0)
                                                     -2.503    -1.819 r  pll_inst/inst/plle2_adv_inst/CLKOUT0
                         net (fo=1, routed)           0.546    -1.273    pll_inst/inst/clk_out1_clk_wiz_0
    BUFGCTRL_X0Y0        BUFG (Prop_bufg_I_O)         0.026    -1.247 r  pll_inst/inst/clkout1_buf/O
                         net (fo=251, routed)         0.641    -0.606    pixel_clk
    SLICE_X72Y89         FDPE                                         r  rst_pix_sync_reg[2]/C
  -------------------------------------------------------------------    -------------------
    SLICE_X72Y89         FDPE (Prop_fdpe_C_Q)         0.164    -0.442 f  rst_pix_sync_reg[2]/Q
                         net (fo=97, routed)          1.614     1.172    pix_reset
    SLICE_X4Y102         FDCE                                         f  inhibit_timer_reg[5]/CLR
  -------------------------------------------------------------------    -------------------

                         (clock clk_out1_clk_wiz_0_1 rise edge)
                                                      0.000     0.000 r  
    R4                                                0.000     0.000 r  CLK100MHZ (IN)
                         net (fo=0)                   0.000     0.000    pll_inst/inst/clk_in1
    R4                   IBUF (Prop_ibuf_I_O)         0.431     0.431 r  pll_inst/inst/clkin1_ibufg/O
                         net (fo=1, routed)           0.481     0.912    pll_inst/inst/clk_in1_clk_wiz_0
    PLLE2_ADV_X1Y2       PLLE2_ADV (Prop_plle2_adv_CLKIN1_CLKOUT0)
                                                     -2.828    -1.916 r  pll_inst/inst/plle2_adv_inst/CLKOUT0
                         net (fo=1, routed)           0.595    -1.322    pll_inst/inst/clk_out1_clk_wiz_0
    BUFGCTRL_X0Y0        BUFG (Prop_bufg_I_O)         0.029    -1.293 r  pll_inst/inst/clkout1_buf/O
                         net (fo=251, routed)         0.929    -0.364    pixel_clk
    SLICE_X4Y102         FDCE                                         r  inhibit_timer_reg[5]/C
                         clock pessimism              0.040    -0.324    
    SLICE_X4Y102         FDCE (Remov_fdce_C_CLR)     -0.092    -0.416    inhibit_timer_reg[5]
  -------------------------------------------------------------------
                         required time                          0.416    
                         arrival time                           1.172    
  -------------------------------------------------------------------
                         slack                                  1.588    

Slack (MET) :             1.588ns  (arrival time - required time)
  Source:                 rst_pix_sync_reg[2]/C
                            (rising edge-triggered cell FDPE clocked by clk_out1_clk_wiz_0_1  {rise@0.000ns fall@20.000ns period=40.000ns})
  Destination:            inhibit_timer_reg[6]/CLR
                            (removal check against rising-edge clock clk_out1_clk_wiz_0_1  {rise@0.000ns fall@20.000ns period=40.000ns})
  Path Group:             **async_default**
  Path Type:              Removal (Min at Fast Process Corner)
  Requirement:            0.000ns  (clk_out1_clk_wiz_0_1 rise@0.000ns - clk_out1_clk_wiz_0_1 rise@0.000ns)
  Data Path Delay:        1.778ns  (logic 0.164ns (9.223%)  route 1.614ns (90.777%))
  Logic Levels:           0  
  Clock Path Skew:        0.282ns (DCD - SCD - CPR)
    Destination Clock Delay (DCD):    -0.364ns
    Source Clock Delay      (SCD):    -0.606ns
    Clock Pessimism Removal (CPR):    -0.040ns

    Location             Delay type                Incr(ns)  Path(ns)    Netlist Resource(s)
  -------------------------------------------------------------------    -------------------
                         (clock clk_out1_clk_wiz_0_1 rise edge)
                                                      0.000     0.000 r  
    R4                                                0.000     0.000 r  CLK100MHZ (IN)
                         net (fo=0)                   0.000     0.000    pll_inst/inst/clk_in1
    R4                   IBUF (Prop_ibuf_I_O)         0.243     0.243 r  pll_inst/inst/clkin1_ibufg/O
                         net (fo=1, routed)           0.440     0.683    pll_inst/inst/clk_in1_clk_wiz_0
    PLLE2_ADV_X1Y2       PLLE2_ADV (Prop_plle2_adv_CLKIN1_CLKOUT0)
                                                     -2.503    -1.819 r  pll_inst/inst/plle2_adv_inst/CLKOUT0
                         net (fo=1, routed)           0.546    -1.273    pll_inst/inst/clk_out1_clk_wiz_0
    BUFGCTRL_X0Y0        BUFG (Prop_bufg_I_O)         0.026    -1.247 r  pll_inst/inst/clkout1_buf/O
                         net (fo=251, routed)         0.641    -0.606    pixel_clk
    SLICE_X72Y89         FDPE                                         r  rst_pix_sync_reg[2]/C
  -------------------------------------------------------------------    -------------------
    SLICE_X72Y89         FDPE (Prop_fdpe_C_Q)         0.164    -0.442 f  rst_pix_sync_reg[2]/Q
                         net (fo=97, routed)          1.614     1.172    pix_reset
    SLICE_X4Y102         FDCE                                         f  inhibit_timer_reg[6]/CLR
  -------------------------------------------------------------------    -------------------

                         (clock clk_out1_clk_wiz_0_1 rise edge)
                                                      0.000     0.000 r  
    R4                                                0.000     0.000 r  CLK100MHZ (IN)
                         net (fo=0)                   0.000     0.000    pll_inst/inst/clk_in1
    R4                   IBUF (Prop_ibuf_I_O)         0.431     0.431 r  pll_inst/inst/clkin1_ibufg/O
                         net (fo=1, routed)           0.481     0.912    pll_inst/inst/clk_in1_clk_wiz_0
    PLLE2_ADV_X1Y2       PLLE2_ADV (Prop_plle2_adv_CLKIN1_CLKOUT0)
                                                     -2.828    -1.916 r  pll_inst/inst/plle2_adv_inst/CLKOUT0
                         net (fo=1, routed)           0.595    -1.322    pll_inst/inst/clk_out1_clk_wiz_0
    BUFGCTRL_X0Y0        BUFG (Prop_bufg_I_O)         0.029    -1.293 r  pll_inst/inst/clkout1_buf/O
                         net (fo=251, routed)         0.929    -0.364    pixel_clk
    SLICE_X4Y102         FDCE                                         r  inhibit_timer_reg[6]/C
                         clock pessimism              0.040    -0.324    
    SLICE_X4Y102         FDCE (Remov_fdce_C_CLR)     -0.092    -0.416    inhibit_timer_reg[6]
  -------------------------------------------------------------------
                         required time                          0.416    
                         arrival time                           1.172    
  -------------------------------------------------------------------
                         slack                                  1.588    

Slack (MET) :             1.588ns  (arrival time - required time)
  Source:                 rst_pix_sync_reg[2]/C
                            (rising edge-triggered cell FDPE clocked by clk_out1_clk_wiz_0_1  {rise@0.000ns fall@20.000ns period=40.000ns})
  Destination:            inhibit_timer_reg[7]/CLR
                            (removal check against rising-edge clock clk_out1_clk_wiz_0_1  {rise@0.000ns fall@20.000ns period=40.000ns})
  Path Group:             **async_default**
  Path Type:              Removal (Min at Fast Process Corner)
  Requirement:            0.000ns  (clk_out1_clk_wiz_0_1 rise@0.000ns - clk_out1_clk_wiz_0_1 rise@0.000ns)
  Data Path Delay:        1.778ns  (logic 0.164ns (9.223%)  route 1.614ns (90.777%))
  Logic Levels:           0  
  Clock Path Skew:        0.282ns (DCD - SCD - CPR)
    Destination Clock Delay (DCD):    -0.364ns
    Source Clock Delay      (SCD):    -0.606ns
    Clock Pessimism Removal (CPR):    -0.040ns

    Location             Delay type                Incr(ns)  Path(ns)    Netlist Resource(s)
  -------------------------------------------------------------------    -------------------
                         (clock clk_out1_clk_wiz_0_1 rise edge)
                                                      0.000     0.000 r  
    R4                                                0.000     0.000 r  CLK100MHZ (IN)
                         net (fo=0)                   0.000     0.000    pll_inst/inst/clk_in1
    R4                   IBUF (Prop_ibuf_I_O)         0.243     0.243 r  pll_inst/inst/clkin1_ibufg/O
                         net (fo=1, routed)           0.440     0.683    pll_inst/inst/clk_in1_clk_wiz_0
    PLLE2_ADV_X1Y2       PLLE2_ADV (Prop_plle2_adv_CLKIN1_CLKOUT0)
                                                     -2.503    -1.819 r  pll_inst/inst/plle2_adv_inst/CLKOUT0
                         net (fo=1, routed)           0.546    -1.273    pll_inst/inst/clk_out1_clk_wiz_0
    BUFGCTRL_X0Y0        BUFG (Prop_bufg_I_O)         0.026    -1.247 r  pll_inst/inst/clkout1_buf/O
                         net (fo=251, routed)         0.641    -0.606    pixel_clk
    SLICE_X72Y89         FDPE                                         r  rst_pix_sync_reg[2]/C
  -------------------------------------------------------------------    -------------------
    SLICE_X72Y89         FDPE (Prop_fdpe_C_Q)         0.164    -0.442 f  rst_pix_sync_reg[2]/Q
                         net (fo=97, routed)          1.614     1.172    pix_reset
    SLICE_X4Y102         FDCE                                         f  inhibit_timer_reg[7]/CLR
  -------------------------------------------------------------------    -------------------

                         (clock clk_out1_clk_wiz_0_1 rise edge)
                                                      0.000     0.000 r  
    R4                                                0.000     0.000 r  CLK100MHZ (IN)
                         net (fo=0)                   0.000     0.000    pll_inst/inst/clk_in1
    R4                   IBUF (Prop_ibuf_I_O)         0.431     0.431 r  pll_inst/inst/clkin1_ibufg/O
                         net (fo=1, routed)           0.481     0.912    pll_inst/inst/clk_in1_clk_wiz_0
    PLLE2_ADV_X1Y2       PLLE2_ADV (Prop_plle2_adv_CLKIN1_CLKOUT0)
                                                     -2.828    -1.916 r  pll_inst/inst/plle2_adv_inst/CLKOUT0
                         net (fo=1, routed)           0.595    -1.322    pll_inst/inst/clk_out1_clk_wiz_0
    BUFGCTRL_X0Y0        BUFG (Prop_bufg_I_O)         0.029    -1.293 r  pll_inst/inst/clkout1_buf/O
                         net (fo=251, routed)         0.929    -0.364    pixel_clk
    SLICE_X4Y102         FDCE                                         r  inhibit_timer_reg[7]/C
                         clock pessimism              0.040    -0.324    
    SLICE_X4Y102         FDCE (Remov_fdce_C_CLR)     -0.092    -0.416    inhibit_timer_reg[7]
  -------------------------------------------------------------------
                         required time                          0.416    
                         arrival time                           1.172    
  -------------------------------------------------------------------
                         slack                                  1.588    

Slack (MET) :             1.588ns  (arrival time - required time)
  Source:                 rst_pix_sync_reg[2]/C
                            (rising edge-triggered cell FDPE clocked by clk_out1_clk_wiz_0_1  {rise@0.000ns fall@20.000ns period=40.000ns})
  Destination:            inhibit_timer_reg[8]/CLR
                            (removal check against rising-edge clock clk_out1_clk_wiz_0_1  {rise@0.000ns fall@20.000ns period=40.000ns})
  Path Group:             **async_default**
  Path Type:              Removal (Min at Fast Process Corner)
  Requirement:            0.000ns  (clk_out1_clk_wiz_0_1 rise@0.000ns - clk_out1_clk_wiz_0_1 rise@0.000ns)
  Data Path Delay:        1.778ns  (logic 0.164ns (9.223%)  route 1.614ns (90.777%))
  Logic Levels:           0  
  Clock Path Skew:        0.282ns (DCD - SCD - CPR)
    Destination Clock Delay (DCD):    -0.364ns
    Source Clock Delay      (SCD):    -0.606ns
    Clock Pessimism Removal (CPR):    -0.040ns

    Location             Delay type                Incr(ns)  Path(ns)    Netlist Resource(s)
  -------------------------------------------------------------------    -------------------
                         (clock clk_out1_clk_wiz_0_1 rise edge)
                                                      0.000     0.000 r  
    R4                                                0.000     0.000 r  CLK100MHZ (IN)
                         net (fo=0)                   0.000     0.000    pll_inst/inst/clk_in1
    R4                   IBUF (Prop_ibuf_I_O)         0.243     0.243 r  pll_inst/inst/clkin1_ibufg/O
                         net (fo=1, routed)           0.440     0.683    pll_inst/inst/clk_in1_clk_wiz_0
    PLLE2_ADV_X1Y2       PLLE2_ADV (Prop_plle2_adv_CLKIN1_CLKOUT0)
                                                     -2.503    -1.819 r  pll_inst/inst/plle2_adv_inst/CLKOUT0
                         net (fo=1, routed)           0.546    -1.273    pll_inst/inst/clk_out1_clk_wiz_0
    BUFGCTRL_X0Y0        BUFG (Prop_bufg_I_O)         0.026    -1.247 r  pll_inst/inst/clkout1_buf/O
                         net (fo=251, routed)         0.641    -0.606    pixel_clk
    SLICE_X72Y89         FDPE                                         r  rst_pix_sync_reg[2]/C
  -------------------------------------------------------------------    -------------------
    SLICE_X72Y89         FDPE (Prop_fdpe_C_Q)         0.164    -0.442 f  rst_pix_sync_reg[2]/Q
                         net (fo=97, routed)          1.614     1.172    pix_reset
    SLICE_X4Y102         FDCE                                         f  inhibit_timer_reg[8]/CLR
  -------------------------------------------------------------------    -------------------

                         (clock clk_out1_clk_wiz_0_1 rise edge)
                                                      0.000     0.000 r  
    R4                                                0.000     0.000 r  CLK100MHZ (IN)
                         net (fo=0)                   0.000     0.000    pll_inst/inst/clk_in1
    R4                   IBUF (Prop_ibuf_I_O)         0.431     0.431 r  pll_inst/inst/clkin1_ibufg/O
                         net (fo=1, routed)           0.481     0.912    pll_inst/inst/clk_in1_clk_wiz_0
    PLLE2_ADV_X1Y2       PLLE2_ADV (Prop_plle2_adv_CLKIN1_CLKOUT0)
                                                     -2.828    -1.916 r  pll_inst/inst/plle2_adv_inst/CLKOUT0
                         net (fo=1, routed)           0.595    -1.322    pll_inst/inst/clk_out1_clk_wiz_0
    BUFGCTRL_X0Y0        BUFG (Prop_bufg_I_O)         0.029    -1.293 r  pll_inst/inst/clkout1_buf/O
                         net (fo=251, routed)         0.929    -0.364    pixel_clk
    SLICE_X4Y102         FDCE                                         r  inhibit_timer_reg[8]/C
                         clock pessimism              0.040    -0.324    
    SLICE_X4Y102         FDCE (Remov_fdce_C_CLR)     -0.092    -0.416    inhibit_timer_reg[8]
  -------------------------------------------------------------------
                         required time                          0.416    
                         arrival time                           1.172    
  -------------------------------------------------------------------
                         slack                                  1.588    

Slack (MET) :             1.599ns  (arrival time - required time)
  Source:                 rst_pix_sync_reg[2]/C
                            (rising edge-triggered cell FDPE clocked by clk_out1_clk_wiz_0_1  {rise@0.000ns fall@20.000ns period=40.000ns})
  Destination:            ps2/bit_cnt_reg[2]/CLR
                            (removal check against rising-edge clock clk_out1_clk_wiz_0_1  {rise@0.000ns fall@20.000ns period=40.000ns})
  Path Group:             **async_default**
  Path Type:              Removal (Min at Fast Process Corner)
  Requirement:            0.000ns  (clk_out1_clk_wiz_0_1 rise@0.000ns - clk_out1_clk_wiz_0_1 rise@0.000ns)
  Data Path Delay:        1.927ns  (logic 0.164ns (8.510%)  route 1.763ns (91.490%))
  Logic Levels:           0  
  Clock Path Skew:        0.395ns (DCD - SCD - CPR)
    Destination Clock Delay (DCD):    -0.248ns
    Source Clock Delay      (SCD):    -0.606ns
    Clock Pessimism Removal (CPR):    -0.037ns

    Location             Delay type                Incr(ns)  Path(ns)    Netlist Resource(s)
  -------------------------------------------------------------------    -------------------
                         (clock clk_out1_clk_wiz_0_1 rise edge)
                                                      0.000     0.000 r  
    R4                                                0.000     0.000 r  CLK100MHZ (IN)
                         net (fo=0)                   0.000     0.000    pll_inst/inst/clk_in1
    R4                   IBUF (Prop_ibuf_I_O)         0.243     0.243 r  pll_inst/inst/clkin1_ibufg/O
                         net (fo=1, routed)           0.440     0.683    pll_inst/inst/clk_in1_clk_wiz_0
    PLLE2_ADV_X1Y2       PLLE2_ADV (Prop_plle2_adv_CLKIN1_CLKOUT0)
                                                     -2.503    -1.819 r  pll_inst/inst/plle2_adv_inst/CLKOUT0
                         net (fo=1, routed)           0.546    -1.273    pll_inst/inst/clk_out1_clk_wiz_0
    BUFGCTRL_X0Y0        BUFG (Prop_bufg_I_O)         0.026    -1.247 r  pll_inst/inst/clkout1_buf/O
                         net (fo=251, routed)         0.641    -0.606    pixel_clk
    SLICE_X72Y89         FDPE                                         r  rst_pix_sync_reg[2]/C
  -------------------------------------------------------------------    -------------------
    SLICE_X72Y89         FDPE (Prop_fdpe_C_Q)         0.164    -0.442 f  rst_pix_sync_reg[2]/Q
                         net (fo=97, routed)          1.763     1.321    ps2/Q[0]
    SLICE_X14Y45         FDCE                                         f  ps2/bit_cnt_reg[2]/CLR
  -------------------------------------------------------------------    -------------------

                         (clock clk_out1_clk_wiz_0_1 rise edge)
                                                      0.000     0.000 r  
    R4                                                0.000     0.000 r  CLK100MHZ (IN)
                         net (fo=0)                   0.000     0.000    pll_inst/inst/clk_in1
    R4                   IBUF (Prop_ibuf_I_O)         0.431     0.431 r  pll_inst/inst/clkin1_ibufg/O
                         net (fo=1, routed)           0.481     0.912    pll_inst/inst/clk_in1_clk_wiz_0
    PLLE2_ADV_X1Y2       PLLE2_ADV (Prop_plle2_adv_CLKIN1_CLKOUT0)
                                                     -2.828    -1.916 r  pll_inst/inst/plle2_adv_inst/CLKOUT0
                         net (fo=1, routed)           0.595    -1.322    pll_inst/inst/clk_out1_clk_wiz_0
    BUFGCTRL_X0Y0        BUFG (Prop_bufg_I_O)         0.029    -1.293 r  pll_inst/inst/clkout1_buf/O
                         net (fo=251, routed)         1.045    -0.248    ps2/CLK
    SLICE_X14Y45         FDCE                                         r  ps2/bit_cnt_reg[2]/C
                         clock pessimism              0.037    -0.211    
    SLICE_X14Y45         FDCE (Remov_fdce_C_CLR)     -0.067    -0.278    ps2/bit_cnt_reg[2]
  -------------------------------------------------------------------
                         required time                          0.278    
                         arrival time                           1.321    
  -------------------------------------------------------------------
                         slack                                  1.599    

Slack (MET) :             1.599ns  (arrival time - required time)
  Source:                 rst_pix_sync_reg[2]/C
                            (rising edge-triggered cell FDPE clocked by clk_out1_clk_wiz_0_1  {rise@0.000ns fall@20.000ns period=40.000ns})
  Destination:            ps2/bit_cnt_reg[3]/CLR
                            (removal check against rising-edge clock clk_out1_clk_wiz_0_1  {rise@0.000ns fall@20.000ns period=40.000ns})
  Path Group:             **async_default**
  Path Type:              Removal (Min at Fast Process Corner)
  Requirement:            0.000ns  (clk_out1_clk_wiz_0_1 rise@0.000ns - clk_out1_clk_wiz_0_1 rise@0.000ns)
  Data Path Delay:        1.927ns  (logic 0.164ns (8.510%)  route 1.763ns (91.490%))
  Logic Levels:           0  
  Clock Path Skew:        0.395ns (DCD - SCD - CPR)
    Destination Clock Delay (DCD):    -0.248ns
    Source Clock Delay      (SCD):    -0.606ns
    Clock Pessimism Removal (CPR):    -0.037ns

    Location             Delay type                Incr(ns)  Path(ns)    Netlist Resource(s)
  -------------------------------------------------------------------    -------------------
                         (clock clk_out1_clk_wiz_0_1 rise edge)
                                                      0.000     0.000 r  
    R4                                                0.000     0.000 r  CLK100MHZ (IN)
                         net (fo=0)                   0.000     0.000    pll_inst/inst/clk_in1
    R4                   IBUF (Prop_ibuf_I_O)         0.243     0.243 r  pll_inst/inst/clkin1_ibufg/O
                         net (fo=1, routed)           0.440     0.683    pll_inst/inst/clk_in1_clk_wiz_0
    PLLE2_ADV_X1Y2       PLLE2_ADV (Prop_plle2_adv_CLKIN1_CLKOUT0)
                                                     -2.503    -1.819 r  pll_inst/inst/plle2_adv_inst/CLKOUT0
                         net (fo=1, routed)           0.546    -1.273    pll_inst/inst/clk_out1_clk_wiz_0
    BUFGCTRL_X0Y0        BUFG (Prop_bufg_I_O)         0.026    -1.247 r  pll_inst/inst/clkout1_buf/O
                         net (fo=251, routed)         0.641    -0.606    pixel_clk
    SLICE_X72Y89         FDPE                                         r  rst_pix_sync_reg[2]/C
  -------------------------------------------------------------------    -------------------
    SLICE_X72Y89         FDPE (Prop_fdpe_C_Q)         0.164    -0.442 f  rst_pix_sync_reg[2]/Q
                         net (fo=97, routed)          1.763     1.321    ps2/Q[0]
    SLICE_X14Y45         FDCE                                         f  ps2/bit_cnt_reg[3]/CLR
  -------------------------------------------------------------------    -------------------

                         (clock clk_out1_clk_wiz_0_1 rise edge)
                                                      0.000     0.000 r  
    R4                                                0.000     0.000 r  CLK100MHZ (IN)
                         net (fo=0)                   0.000     0.000    pll_inst/inst/clk_in1
    R4                   IBUF (Prop_ibuf_I_O)         0.431     0.431 r  pll_inst/inst/clkin1_ibufg/O
                         net (fo=1, routed)           0.481     0.912    pll_inst/inst/clk_in1_clk_wiz_0
    PLLE2_ADV_X1Y2       PLLE2_ADV (Prop_plle2_adv_CLKIN1_CLKOUT0)
                                                     -2.828    -1.916 r  pll_inst/inst/plle2_adv_inst/CLKOUT0
                         net (fo=1, routed)           0.595    -1.322    pll_inst/inst/clk_out1_clk_wiz_0
    BUFGCTRL_X0Y0        BUFG (Prop_bufg_I_O)         0.029    -1.293 r  pll_inst/inst/clkout1_buf/O
                         net (fo=251, routed)         1.045    -0.248    ps2/CLK
    SLICE_X14Y45         FDCE                                         r  ps2/bit_cnt_reg[3]/C
                         clock pessimism              0.037    -0.211    
    SLICE_X14Y45         FDCE (Remov_fdce_C_CLR)     -0.067    -0.278    ps2/bit_cnt_reg[3]
  -------------------------------------------------------------------
                         required time                          0.278    
                         arrival time                           1.321    
  -------------------------------------------------------------------
                         slack                                  1.599    

Slack (MET) :             1.624ns  (arrival time - required time)
  Source:                 rst_pix_sync_reg[2]/C
                            (rising edge-triggered cell FDPE clocked by clk_out1_clk_wiz_0_1  {rise@0.000ns fall@20.000ns period=40.000ns})
  Destination:            ps2/bit_cnt_reg[0]/CLR
                            (removal check against rising-edge clock clk_out1_clk_wiz_0_1  {rise@0.000ns fall@20.000ns period=40.000ns})
  Path Group:             **async_default**
  Path Type:              Removal (Min at Fast Process Corner)
  Requirement:            0.000ns  (clk_out1_clk_wiz_0_1 rise@0.000ns - clk_out1_clk_wiz_0_1 rise@0.000ns)
  Data Path Delay:        1.927ns  (logic 0.164ns (8.510%)  route 1.763ns (91.490%))
  Logic Levels:           0  
  Clock Path Skew:        0.395ns (DCD - SCD - CPR)
    Destination Clock Delay (DCD):    -0.248ns
    Source Clock Delay      (SCD):    -0.606ns
    Clock Pessimism Removal (CPR):    -0.037ns

    Location             Delay type                Incr(ns)  Path(ns)    Netlist Resource(s)
  -------------------------------------------------------------------    -------------------
                         (clock clk_out1_clk_wiz_0_1 rise edge)
                                                      0.000     0.000 r  
    R4                                                0.000     0.000 r  CLK100MHZ (IN)
                         net (fo=0)                   0.000     0.000    pll_inst/inst/clk_in1
    R4                   IBUF (Prop_ibuf_I_O)         0.243     0.243 r  pll_inst/inst/clkin1_ibufg/O
                         net (fo=1, routed)           0.440     0.683    pll_inst/inst/clk_in1_clk_wiz_0
    PLLE2_ADV_X1Y2       PLLE2_ADV (Prop_plle2_adv_CLKIN1_CLKOUT0)
                                                     -2.503    -1.819 r  pll_inst/inst/plle2_adv_inst/CLKOUT0
                         net (fo=1, routed)           0.546    -1.273    pll_inst/inst/clk_out1_clk_wiz_0
    BUFGCTRL_X0Y0        BUFG (Prop_bufg_I_O)         0.026    -1.247 r  pll_inst/inst/clkout1_buf/O
                         net (fo=251, routed)         0.641    -0.606    pixel_clk
    SLICE_X72Y89         FDPE                                         r  rst_pix_sync_reg[2]/C
  -------------------------------------------------------------------    -------------------
    SLICE_X72Y89         FDPE (Prop_fdpe_C_Q)         0.164    -0.442 f  rst_pix_sync_reg[2]/Q
                         net (fo=97, routed)          1.763     1.321    ps2/Q[0]
    SLICE_X15Y45         FDCE                                         f  ps2/bit_cnt_reg[0]/CLR
  -------------------------------------------------------------------    -------------------

                         (clock clk_out1_clk_wiz_0_1 rise edge)
                                                      0.000     0.000 r  
    R4                                                0.000     0.000 r  CLK100MHZ (IN)
                         net (fo=0)                   0.000     0.000    pll_inst/inst/clk_in1
    R4                   IBUF (Prop_ibuf_I_O)         0.431     0.431 r  pll_inst/inst/clkin1_ibufg/O
                         net (fo=1, routed)           0.481     0.912    pll_inst/inst/clk_in1_clk_wiz_0
    PLLE2_ADV_X1Y2       PLLE2_ADV (Prop_plle2_adv_CLKIN1_CLKOUT0)
                                                     -2.828    -1.916 r  pll_inst/inst/plle2_adv_inst/CLKOUT0
                         net (fo=1, routed)           0.595    -1.322    pll_inst/inst/clk_out1_clk_wiz_0
    BUFGCTRL_X0Y0        BUFG (Prop_bufg_I_O)         0.029    -1.293 r  pll_inst/inst/clkout1_buf/O
                         net (fo=251, routed)         1.045    -0.248    ps2/CLK
    SLICE_X15Y45         FDCE                                         r  ps2/bit_cnt_reg[0]/C
                         clock pessimism              0.037    -0.211    
    SLICE_X15Y45         FDCE (Remov_fdce_C_CLR)     -0.092    -0.303    ps2/bit_cnt_reg[0]
  -------------------------------------------------------------------
                         required time                          0.303    
                         arrival time                           1.321    
  -------------------------------------------------------------------
                         slack                                  1.624    

Slack (MET) :             1.624ns  (arrival time - required time)
  Source:                 rst_pix_sync_reg[2]/C
                            (rising edge-triggered cell FDPE clocked by clk_out1_clk_wiz_0_1  {rise@0.000ns fall@20.000ns period=40.000ns})
  Destination:            ps2/bit_cnt_reg[1]/CLR
                            (removal check against rising-edge clock clk_out1_clk_wiz_0_1  {rise@0.000ns fall@20.000ns period=40.000ns})
  Path Group:             **async_default**
  Path Type:              Removal (Min at Fast Process Corner)
  Requirement:            0.000ns  (clk_out1_clk_wiz_0_1 rise@0.000ns - clk_out1_clk_wiz_0_1 rise@0.000ns)
  Data Path Delay:        1.927ns  (logic 0.164ns (8.510%)  route 1.763ns (91.490%))
  Logic Levels:           0  
  Clock Path Skew:        0.395ns (DCD - SCD - CPR)
    Destination Clock Delay (DCD):    -0.248ns
    Source Clock Delay      (SCD):    -0.606ns
    Clock Pessimism Removal (CPR):    -0.037ns

    Location             Delay type                Incr(ns)  Path(ns)    Netlist Resource(s)
  -------------------------------------------------------------------    -------------------
                         (clock clk_out1_clk_wiz_0_1 rise edge)
                                                      0.000     0.000 r  
    R4                                                0.000     0.000 r  CLK100MHZ (IN)
                         net (fo=0)                   0.000     0.000    pll_inst/inst/clk_in1
    R4                   IBUF (Prop_ibuf_I_O)         0.243     0.243 r  pll_inst/inst/clkin1_ibufg/O
                         net (fo=1, routed)           0.440     0.683    pll_inst/inst/clk_in1_clk_wiz_0
    PLLE2_ADV_X1Y2       PLLE2_ADV (Prop_plle2_adv_CLKIN1_CLKOUT0)
                                                     -2.503    -1.819 r  pll_inst/inst/plle2_adv_inst/CLKOUT0
                         net (fo=1, routed)           0.546    -1.273    pll_inst/inst/clk_out1_clk_wiz_0
    BUFGCTRL_X0Y0        BUFG (Prop_bufg_I_O)         0.026    -1.247 r  pll_inst/inst/clkout1_buf/O
                         net (fo=251, routed)         0.641    -0.606    pixel_clk
    SLICE_X72Y89         FDPE                                         r  rst_pix_sync_reg[2]/C
  -------------------------------------------------------------------    -------------------
    SLICE_X72Y89         FDPE (Prop_fdpe_C_Q)         0.164    -0.442 f  rst_pix_sync_reg[2]/Q
                         net (fo=97, routed)          1.763     1.321    ps2/Q[0]
    SLICE_X15Y45         FDCE                                         f  ps2/bit_cnt_reg[1]/CLR
  -------------------------------------------------------------------    -------------------

                         (clock clk_out1_clk_wiz_0_1 rise edge)
                                                      0.000     0.000 r  
    R4                                                0.000     0.000 r  CLK100MHZ (IN)
                         net (fo=0)                   0.000     0.000    pll_inst/inst/clk_in1
    R4                   IBUF (Prop_ibuf_I_O)         0.431     0.431 r  pll_inst/inst/clkin1_ibufg/O
                         net (fo=1, routed)           0.481     0.912    pll_inst/inst/clk_in1_clk_wiz_0
    PLLE2_ADV_X1Y2       PLLE2_ADV (Prop_plle2_adv_CLKIN1_CLKOUT0)
                                                     -2.828    -1.916 r  pll_inst/inst/plle2_adv_inst/CLKOUT0
                         net (fo=1, routed)           0.595    -1.322    pll_inst/inst/clk_out1_clk_wiz_0
    BUFGCTRL_X0Y0        BUFG (Prop_bufg_I_O)         0.029    -1.293 r  pll_inst/inst/clkout1_buf/O
                         net (fo=251, routed)         1.045    -0.248    ps2/CLK
    SLICE_X15Y45         FDCE                                         r  ps2/bit_cnt_reg[1]/C
                         clock pessimism              0.037    -0.211    
    SLICE_X15Y45         FDCE (Remov_fdce_C_CLR)     -0.092    -0.303    ps2/bit_cnt_reg[1]
  -------------------------------------------------------------------
                         required time                          0.303    
                         arrival time                           1.321    
  -------------------------------------------------------------------
                         slack                                  1.624    

Slack (MET) :             1.624ns  (arrival time - required time)
  Source:                 rst_pix_sync_reg[2]/C
                            (rising edge-triggered cell FDPE clocked by clk_out1_clk_wiz_0_1  {rise@0.000ns fall@20.000ns period=40.000ns})
  Destination:            ps2/shift_reg_reg[10]/CLR
                            (removal check against rising-edge clock clk_out1_clk_wiz_0_1  {rise@0.000ns fall@20.000ns period=40.000ns})
  Path Group:             **async_default**
  Path Type:              Removal (Min at Fast Process Corner)
  Requirement:            0.000ns  (clk_out1_clk_wiz_0_1 rise@0.000ns - clk_out1_clk_wiz_0_1 rise@0.000ns)
  Data Path Delay:        1.927ns  (logic 0.164ns (8.510%)  route 1.763ns (91.490%))
  Logic Levels:           0  
  Clock Path Skew:        0.395ns (DCD - SCD - CPR)
    Destination Clock Delay (DCD):    -0.248ns
    Source Clock Delay      (SCD):    -0.606ns
    Clock Pessimism Removal (CPR):    -0.037ns

    Location             Delay type                Incr(ns)  Path(ns)    Netlist Resource(s)
  -------------------------------------------------------------------    -------------------
                         (clock clk_out1_clk_wiz_0_1 rise edge)
                                                      0.000     0.000 r  
    R4                                                0.000     0.000 r  CLK100MHZ (IN)
                         net (fo=0)                   0.000     0.000    pll_inst/inst/clk_in1
    R4                   IBUF (Prop_ibuf_I_O)         0.243     0.243 r  pll_inst/inst/clkin1_ibufg/O
                         net (fo=1, routed)           0.440     0.683    pll_inst/inst/clk_in1_clk_wiz_0
    PLLE2_ADV_X1Y2       PLLE2_ADV (Prop_plle2_adv_CLKIN1_CLKOUT0)
                                                     -2.503    -1.819 r  pll_inst/inst/plle2_adv_inst/CLKOUT0
                         net (fo=1, routed)           0.546    -1.273    pll_inst/inst/clk_out1_clk_wiz_0
    BUFGCTRL_X0Y0        BUFG (Prop_bufg_I_O)         0.026    -1.247 r  pll_inst/inst/clkout1_buf/O
                         net (fo=251, routed)         0.641    -0.606    pixel_clk
    SLICE_X72Y89         FDPE                                         r  rst_pix_sync_reg[2]/C
  -------------------------------------------------------------------    -------------------
    SLICE_X72Y89         FDPE (Prop_fdpe_C_Q)         0.164    -0.442 f  rst_pix_sync_reg[2]/Q
                         net (fo=97, routed)          1.763     1.321    ps2/Q[0]
    SLICE_X15Y45         FDCE                                         f  ps2/shift_reg_reg[10]/CLR
  -------------------------------------------------------------------    -------------------

                         (clock clk_out1_clk_wiz_0_1 rise edge)
                                                      0.000     0.000 r  
    R4                                                0.000     0.000 r  CLK100MHZ (IN)
                         net (fo=0)                   0.000     0.000    pll_inst/inst/clk_in1
    R4                   IBUF (Prop_ibuf_I_O)         0.431     0.431 r  pll_inst/inst/clkin1_ibufg/O
                         net (fo=1, routed)           0.481     0.912    pll_inst/inst/clk_in1_clk_wiz_0
    PLLE2_ADV_X1Y2       PLLE2_ADV (Prop_plle2_adv_CLKIN1_CLKOUT0)
                                                     -2.828    -1.916 r  pll_inst/inst/plle2_adv_inst/CLKOUT0
                         net (fo=1, routed)           0.595    -1.322    pll_inst/inst/clk_out1_clk_wiz_0
    BUFGCTRL_X0Y0        BUFG (Prop_bufg_I_O)         0.029    -1.293 r  pll_inst/inst/clkout1_buf/O
                         net (fo=251, routed)         1.045    -0.248    ps2/CLK
    SLICE_X15Y45         FDCE                                         r  ps2/shift_reg_reg[10]/C
                         clock pessimism              0.037    -0.211    
    SLICE_X15Y45         FDCE (Remov_fdce_C_CLR)     -0.092    -0.303    ps2/shift_reg_reg[10]
  -------------------------------------------------------------------
                         required time                          0.303    
                         arrival time                           1.321    
  -------------------------------------------------------------------
                         slack                                  1.624    

Slack (MET) :             1.624ns  (arrival time - required time)
  Source:                 rst_pix_sync_reg[2]/C
                            (rising edge-triggered cell FDPE clocked by clk_out1_clk_wiz_0_1  {rise@0.000ns fall@20.000ns period=40.000ns})
  Destination:            ps2/shift_reg_reg[9]/CLR
                            (removal check against rising-edge clock clk_out1_clk_wiz_0_1  {rise@0.000ns fall@20.000ns period=40.000ns})
  Path Group:             **async_default**
  Path Type:              Removal (Min at Fast Process Corner)
  Requirement:            0.000ns  (clk_out1_clk_wiz_0_1 rise@0.000ns - clk_out1_clk_wiz_0_1 rise@0.000ns)
  Data Path Delay:        1.927ns  (logic 0.164ns (8.510%)  route 1.763ns (91.490%))
  Logic Levels:           0  
  Clock Path Skew:        0.395ns (DCD - SCD - CPR)
    Destination Clock Delay (DCD):    -0.248ns
    Source Clock Delay      (SCD):    -0.606ns
    Clock Pessimism Removal (CPR):    -0.037ns

    Location             Delay type                Incr(ns)  Path(ns)    Netlist Resource(s)
  -------------------------------------------------------------------    -------------------
                         (clock clk_out1_clk_wiz_0_1 rise edge)
                                                      0.000     0.000 r  
    R4                                                0.000     0.000 r  CLK100MHZ (IN)
                         net (fo=0)                   0.000     0.000    pll_inst/inst/clk_in1
    R4                   IBUF (Prop_ibuf_I_O)         0.243     0.243 r  pll_inst/inst/clkin1_ibufg/O
                         net (fo=1, routed)           0.440     0.683    pll_inst/inst/clk_in1_clk_wiz_0
    PLLE2_ADV_X1Y2       PLLE2_ADV (Prop_plle2_adv_CLKIN1_CLKOUT0)
                                                     -2.503    -1.819 r  pll_inst/inst/plle2_adv_inst/CLKOUT0
                         net (fo=1, routed)           0.546    -1.273    pll_inst/inst/clk_out1_clk_wiz_0
    BUFGCTRL_X0Y0        BUFG (Prop_bufg_I_O)         0.026    -1.247 r  pll_inst/inst/clkout1_buf/O
                         net (fo=251, routed)         0.641    -0.606    pixel_clk
    SLICE_X72Y89         FDPE                                         r  rst_pix_sync_reg[2]/C
  -------------------------------------------------------------------    -------------------
    SLICE_X72Y89         FDPE (Prop_fdpe_C_Q)         0.164    -0.442 f  rst_pix_sync_reg[2]/Q
                         net (fo=97, routed)          1.763     1.321    ps2/Q[0]
    SLICE_X15Y45         FDCE                                         f  ps2/shift_reg_reg[9]/CLR
  -------------------------------------------------------------------    -------------------

                         (clock clk_out1_clk_wiz_0_1 rise edge)
                                                      0.000     0.000 r  
    R4                                                0.000     0.000 r  CLK100MHZ (IN)
                         net (fo=0)                   0.000     0.000    pll_inst/inst/clk_in1
    R4                   IBUF (Prop_ibuf_I_O)         0.431     0.431 r  pll_inst/inst/clkin1_ibufg/O
                         net (fo=1, routed)           0.481     0.912    pll_inst/inst/clk_in1_clk_wiz_0
    PLLE2_ADV_X1Y2       PLLE2_ADV (Prop_plle2_adv_CLKIN1_CLKOUT0)
                                                     -2.828    -1.916 r  pll_inst/inst/plle2_adv_inst/CLKOUT0
                         net (fo=1, routed)           0.595    -1.322    pll_inst/inst/clk_out1_clk_wiz_0
    BUFGCTRL_X0Y0        BUFG (Prop_bufg_I_O)         0.029    -1.293 r  pll_inst/inst/clkout1_buf/O
                         net (fo=251, routed)         1.045    -0.248    ps2/CLK
    SLICE_X15Y45         FDCE                                         r  ps2/shift_reg_reg[9]/C
                         clock pessimism              0.037    -0.211    
    SLICE_X15Y45         FDCE (Remov_fdce_C_CLR)     -0.092    -0.303    ps2/shift_reg_reg[9]
  -------------------------------------------------------------------
                         required time                          0.303    
                         arrival time                           1.321    
  -------------------------------------------------------------------
                         slack                                  1.624    





---------------------------------------------------------------------------------------------------
Path Group:  **async_default**
From Clock:  clk_out3_clk_wiz_0_1
  To Clock:  clk_out3_clk_wiz_0_1

Setup :            0  Failing Endpoints,  Worst Slack        2.524ns,  Total Violation        0.000ns
Hold  :            0  Failing Endpoints,  Worst Slack        0.472ns,  Total Violation        0.000ns
---------------------------------------------------------------------------------------------------


Max Delay Paths
--------------------------------------------------------------------------------------
Slack (MET) :             2.524ns  (required time - arrival time)
  Source:                 rst_sys_sync_reg[2]/C
                            (rising edge-triggered cell FDPE clocked by clk_out3_clk_wiz_0_1  {rise@0.000ns fall@5.000ns period=10.000ns})
  Destination:            cpu/alu/divider_word/FSM_onehot_state_reg[0]/PRE
                            (recovery check against rising-edge clock clk_out3_clk_wiz_0_1  {rise@0.000ns fall@5.000ns period=10.000ns})
  Path Group:             **async_default**
  Path Type:              Recovery (Max at Slow Process Corner)
  Requirement:            10.000ns  (clk_out3_clk_wiz_0_1 rise@10.000ns - clk_out3_clk_wiz_0_1 rise@0.000ns)
  Data Path Delay:        6.994ns  (logic 0.518ns (7.406%)  route 6.476ns (92.594%))
  Logic Levels:           0  
  Clock Path Skew:        -0.047ns (DCD - SCD + CPR)
    Destination Clock Delay (DCD):    -1.838ns = ( 8.162 - 10.000 ) 
    Source Clock Delay      (SCD):    -2.210ns
    Clock Pessimism Removal (CPR):    -0.418ns
  Clock Uncertainty:      0.074ns  ((TSJ^2 + DJ^2)^1/2) / 2 + PE
    Total System Jitter     (TSJ):    0.071ns
    Discrete Jitter          (DJ):    0.129ns
    Phase Error              (PE):    0.000ns

    Location             Delay type                Incr(ns)  Path(ns)    Netlist Resource(s)
  -------------------------------------------------------------------    -------------------
                         (clock clk_out3_clk_wiz_0_1 rise edge)
                                                      0.000     0.000 r  
    R4                                                0.000     0.000 r  CLK100MHZ (IN)
                         net (fo=0)                   0.000     0.000    pll_inst/inst/clk_in1
    R4                   IBUF (Prop_ibuf_I_O)         1.475     1.475 r  pll_inst/inst/clkin1_ibufg/O
                         net (fo=1, routed)           1.253     2.728    pll_inst/inst/clk_in1_clk_wiz_0
    PLLE2_ADV_X1Y2       PLLE2_ADV (Prop_plle2_adv_CLKIN1_CLKOUT2)
                                                     -8.953    -6.225 r  pll_inst/inst/plle2_adv_inst/CLKOUT2
                         net (fo=1, routed)           1.802    -4.422    pll_inst/inst/clk_out3_clk_wiz_0
    BUFGCTRL_X0Y2        BUFG (Prop_bufg_I_O)         0.096    -4.326 r  pll_inst/inst/clkout3_buf/O
                         net (fo=2500, routed)        2.116    -2.210    sys_clk
    SLICE_X18Y29         FDPE                                         r  rst_sys_sync_reg[2]/C
  -------------------------------------------------------------------    -------------------
    SLICE_X18Y29         FDPE (Prop_fdpe_C_Q)         0.518    -1.692 f  rst_sys_sync_reg[2]/Q
                         net (fo=1032, routed)        6.476     4.784    cpu/alu/divider_word/busy_reg_reg_2[0]
    SLICE_X40Y13         FDPE                                         f  cpu/alu/divider_word/FSM_onehot_state_reg[0]/PRE
  -------------------------------------------------------------------    -------------------

                         (clock clk_out3_clk_wiz_0_1 rise edge)
                                                     10.000    10.000 r  
    R4                                                0.000    10.000 r  CLK100MHZ (IN)
                         net (fo=0)                   0.000    10.000    pll_inst/inst/clk_in1
    R4                   IBUF (Prop_ibuf_I_O)         1.405    11.405 r  pll_inst/inst/clkin1_ibufg/O
                         net (fo=1, routed)           1.181    12.586    pll_inst/inst/clk_in1_clk_wiz_0
    PLLE2_ADV_X1Y2       PLLE2_ADV (Prop_plle2_adv_CLKIN1_CLKOUT2)
                                                     -8.206     4.380 r  pll_inst/inst/plle2_adv_inst/CLKOUT2
                         net (fo=1, routed)           1.718     6.098    pll_inst/inst/clk_out3_clk_wiz_0
    BUFGCTRL_X0Y2        BUFG (Prop_bufg_I_O)         0.091     6.189 r  pll_inst/inst/clkout3_buf/O
                         net (fo=2500, routed)        1.973     8.162    cpu/alu/divider_word/clk_out3
    SLICE_X40Y13         FDPE                                         r  cpu/alu/divider_word/FSM_onehot_state_reg[0]/C
                         clock pessimism             -0.418     7.743    
                         clock uncertainty           -0.074     7.670    
    SLICE_X40Y13         FDPE (Recov_fdpe_C_PRE)     -0.361     7.309    cpu/alu/divider_word/FSM_onehot_state_reg[0]
  -------------------------------------------------------------------
                         required time                          7.309    
                         arrival time                          -4.784    
  -------------------------------------------------------------------
                         slack                                  2.524    

Slack (MET) :             2.524ns  (required time - arrival time)
  Source:                 rst_sys_sync_reg[2]/C
                            (rising edge-triggered cell FDPE clocked by clk_out3_clk_wiz_0_1  {rise@0.000ns fall@5.000ns period=10.000ns})
  Destination:            cpu/alu/divider_word/FSM_onehot_state_reg[2]/CLR
                            (recovery check against rising-edge clock clk_out3_clk_wiz_0_1  {rise@0.000ns fall@5.000ns period=10.000ns})
  Path Group:             **async_default**
  Path Type:              Recovery (Max at Slow Process Corner)
  Requirement:            10.000ns  (clk_out3_clk_wiz_0_1 rise@10.000ns - clk_out3_clk_wiz_0_1 rise@0.000ns)
  Data Path Delay:        6.994ns  (logic 0.518ns (7.406%)  route 6.476ns (92.594%))
  Logic Levels:           0  
  Clock Path Skew:        -0.047ns (DCD - SCD + CPR)
    Destination Clock Delay (DCD):    -1.838ns = ( 8.162 - 10.000 ) 
    Source Clock Delay      (SCD):    -2.210ns
    Clock Pessimism Removal (CPR):    -0.418ns
  Clock Uncertainty:      0.074ns  ((TSJ^2 + DJ^2)^1/2) / 2 + PE
    Total System Jitter     (TSJ):    0.071ns
    Discrete Jitter          (DJ):    0.129ns
    Phase Error              (PE):    0.000ns

    Location             Delay type                Incr(ns)  Path(ns)    Netlist Resource(s)
  -------------------------------------------------------------------    -------------------
                         (clock clk_out3_clk_wiz_0_1 rise edge)
                                                      0.000     0.000 r  
    R4                                                0.000     0.000 r  CLK100MHZ (IN)
                         net (fo=0)                   0.000     0.000    pll_inst/inst/clk_in1
    R4                   IBUF (Prop_ibuf_I_O)         1.475     1.475 r  pll_inst/inst/clkin1_ibufg/O
                         net (fo=1, routed)           1.253     2.728    pll_inst/inst/clk_in1_clk_wiz_0
    PLLE2_ADV_X1Y2       PLLE2_ADV (Prop_plle2_adv_CLKIN1_CLKOUT2)
                                                     -8.953    -6.225 r  pll_inst/inst/plle2_adv_inst/CLKOUT2
                         net (fo=1, routed)           1.802    -4.422    pll_inst/inst/clk_out3_clk_wiz_0
    BUFGCTRL_X0Y2        BUFG (Prop_bufg_I_O)         0.096    -4.326 r  pll_inst/inst/clkout3_buf/O
                         net (fo=2500, routed)        2.116    -2.210    sys_clk
    SLICE_X18Y29         FDPE                                         r  rst_sys_sync_reg[2]/C
  -------------------------------------------------------------------    -------------------
    SLICE_X18Y29         FDPE (Prop_fdpe_C_Q)         0.518    -1.692 f  rst_sys_sync_reg[2]/Q
                         net (fo=1032, routed)        6.476     4.784    cpu/alu/divider_word/busy_reg_reg_2[0]
    SLICE_X40Y13         FDCE                                         f  cpu/alu/divider_word/FSM_onehot_state_reg[2]/CLR
  -------------------------------------------------------------------    -------------------

                         (clock clk_out3_clk_wiz_0_1 rise edge)
                                                     10.000    10.000 r  
    R4                                                0.000    10.000 r  CLK100MHZ (IN)
                         net (fo=0)                   0.000    10.000    pll_inst/inst/clk_in1
    R4                   IBUF (Prop_ibuf_I_O)         1.405    11.405 r  pll_inst/inst/clkin1_ibufg/O
                         net (fo=1, routed)           1.181    12.586    pll_inst/inst/clk_in1_clk_wiz_0
    PLLE2_ADV_X1Y2       PLLE2_ADV (Prop_plle2_adv_CLKIN1_CLKOUT2)
                                                     -8.206     4.380 r  pll_inst/inst/plle2_adv_inst/CLKOUT2
                         net (fo=1, routed)           1.718     6.098    pll_inst/inst/clk_out3_clk_wiz_0
    BUFGCTRL_X0Y2        BUFG (Prop_bufg_I_O)         0.091     6.189 r  pll_inst/inst/clkout3_buf/O
                         net (fo=2500, routed)        1.973     8.162    cpu/alu/divider_word/clk_out3
    SLICE_X40Y13         FDCE                                         r  cpu/alu/divider_word/FSM_onehot_state_reg[2]/C
                         clock pessimism             -0.418     7.743    
                         clock uncertainty           -0.074     7.670    
    SLICE_X40Y13         FDCE (Recov_fdce_C_CLR)     -0.361     7.309    cpu/alu/divider_word/FSM_onehot_state_reg[2]
  -------------------------------------------------------------------
                         required time                          7.309    
                         arrival time                          -4.784    
  -------------------------------------------------------------------
                         slack                                  2.524    

Slack (MET) :             2.524ns  (required time - arrival time)
  Source:                 rst_sys_sync_reg[2]/C
                            (rising edge-triggered cell FDPE clocked by clk_out3_clk_wiz_0_1  {rise@0.000ns fall@5.000ns period=10.000ns})
  Destination:            cpu/alu/divider_word/FSM_onehot_state_reg[3]/CLR
                            (recovery check against rising-edge clock clk_out3_clk_wiz_0_1  {rise@0.000ns fall@5.000ns period=10.000ns})
  Path Group:             **async_default**
  Path Type:              Recovery (Max at Slow Process Corner)
  Requirement:            10.000ns  (clk_out3_clk_wiz_0_1 rise@10.000ns - clk_out3_clk_wiz_0_1 rise@0.000ns)
  Data Path Delay:        6.994ns  (logic 0.518ns (7.406%)  route 6.476ns (92.594%))
  Logic Levels:           0  
  Clock Path Skew:        -0.047ns (DCD - SCD + CPR)
    Destination Clock Delay (DCD):    -1.838ns = ( 8.162 - 10.000 ) 
    Source Clock Delay      (SCD):    -2.210ns
    Clock Pessimism Removal (CPR):    -0.418ns
  Clock Uncertainty:      0.074ns  ((TSJ^2 + DJ^2)^1/2) / 2 + PE
    Total System Jitter     (TSJ):    0.071ns
    Discrete Jitter          (DJ):    0.129ns
    Phase Error              (PE):    0.000ns

    Location             Delay type                Incr(ns)  Path(ns)    Netlist Resource(s)
  -------------------------------------------------------------------    -------------------
                         (clock clk_out3_clk_wiz_0_1 rise edge)
                                                      0.000     0.000 r  
    R4                                                0.000     0.000 r  CLK100MHZ (IN)
                         net (fo=0)                   0.000     0.000    pll_inst/inst/clk_in1
    R4                   IBUF (Prop_ibuf_I_O)         1.475     1.475 r  pll_inst/inst/clkin1_ibufg/O
                         net (fo=1, routed)           1.253     2.728    pll_inst/inst/clk_in1_clk_wiz_0
    PLLE2_ADV_X1Y2       PLLE2_ADV (Prop_plle2_adv_CLKIN1_CLKOUT2)
                                                     -8.953    -6.225 r  pll_inst/inst/plle2_adv_inst/CLKOUT2
                         net (fo=1, routed)           1.802    -4.422    pll_inst/inst/clk_out3_clk_wiz_0
    BUFGCTRL_X0Y2        BUFG (Prop_bufg_I_O)         0.096    -4.326 r  pll_inst/inst/clkout3_buf/O
                         net (fo=2500, routed)        2.116    -2.210    sys_clk
    SLICE_X18Y29         FDPE                                         r  rst_sys_sync_reg[2]/C
  -------------------------------------------------------------------    -------------------
    SLICE_X18Y29         FDPE (Prop_fdpe_C_Q)         0.518    -1.692 f  rst_sys_sync_reg[2]/Q
                         net (fo=1032, routed)        6.476     4.784    cpu/alu/divider_word/busy_reg_reg_2[0]
    SLICE_X40Y13         FDCE                                         f  cpu/alu/divider_word/FSM_onehot_state_reg[3]/CLR
  -------------------------------------------------------------------    -------------------

                         (clock clk_out3_clk_wiz_0_1 rise edge)
                                                     10.000    10.000 r  
    R4                                                0.000    10.000 r  CLK100MHZ (IN)
                         net (fo=0)                   0.000    10.000    pll_inst/inst/clk_in1
    R4                   IBUF (Prop_ibuf_I_O)         1.405    11.405 r  pll_inst/inst/clkin1_ibufg/O
                         net (fo=1, routed)           1.181    12.586    pll_inst/inst/clk_in1_clk_wiz_0
    PLLE2_ADV_X1Y2       PLLE2_ADV (Prop_plle2_adv_CLKIN1_CLKOUT2)
                                                     -8.206     4.380 r  pll_inst/inst/plle2_adv_inst/CLKOUT2
                         net (fo=1, routed)           1.718     6.098    pll_inst/inst/clk_out3_clk_wiz_0
    BUFGCTRL_X0Y2        BUFG (Prop_bufg_I_O)         0.091     6.189 r  pll_inst/inst/clkout3_buf/O
                         net (fo=2500, routed)        1.973     8.162    cpu/alu/divider_word/clk_out3
    SLICE_X40Y13         FDCE                                         r  cpu/alu/divider_word/FSM_onehot_state_reg[3]/C
                         clock pessimism             -0.418     7.743    
                         clock uncertainty           -0.074     7.670    
    SLICE_X40Y13         FDCE (Recov_fdce_C_CLR)     -0.361     7.309    cpu/alu/divider_word/FSM_onehot_state_reg[3]
  -------------------------------------------------------------------
                         required time                          7.309    
                         arrival time                          -4.784    
  -------------------------------------------------------------------
                         slack                                  2.524    

Slack (MET) :             2.566ns  (required time - arrival time)
  Source:                 rst_sys_sync_reg[2]/C
                            (rising edge-triggered cell FDPE clocked by clk_out3_clk_wiz_0_1  {rise@0.000ns fall@5.000ns period=10.000ns})
  Destination:            cpu/alu/divider_word/FSM_onehot_state_reg[1]/CLR
                            (recovery check against rising-edge clock clk_out3_clk_wiz_0_1  {rise@0.000ns fall@5.000ns period=10.000ns})
  Path Group:             **async_default**
  Path Type:              Recovery (Max at Slow Process Corner)
  Requirement:            10.000ns  (clk_out3_clk_wiz_0_1 rise@10.000ns - clk_out3_clk_wiz_0_1 rise@0.000ns)
  Data Path Delay:        6.994ns  (logic 0.518ns (7.406%)  route 6.476ns (92.594%))
  Logic Levels:           0  
  Clock Path Skew:        -0.047ns (DCD - SCD + CPR)
    Destination Clock Delay (DCD):    -1.838ns = ( 8.162 - 10.000 ) 
    Source Clock Delay      (SCD):    -2.210ns
    Clock Pessimism Removal (CPR):    -0.418ns
  Clock Uncertainty:      0.074ns  ((TSJ^2 + DJ^2)^1/2) / 2 + PE
    Total System Jitter     (TSJ):    0.071ns
    Discrete Jitter          (DJ):    0.129ns
    Phase Error              (PE):    0.000ns

    Location             Delay type                Incr(ns)  Path(ns)    Netlist Resource(s)
  -------------------------------------------------------------------    -------------------
                         (clock clk_out3_clk_wiz_0_1 rise edge)
                                                      0.000     0.000 r  
    R4                                                0.000     0.000 r  CLK100MHZ (IN)
                         net (fo=0)                   0.000     0.000    pll_inst/inst/clk_in1
    R4                   IBUF (Prop_ibuf_I_O)         1.475     1.475 r  pll_inst/inst/clkin1_ibufg/O
                         net (fo=1, routed)           1.253     2.728    pll_inst/inst/clk_in1_clk_wiz_0
    PLLE2_ADV_X1Y2       PLLE2_ADV (Prop_plle2_adv_CLKIN1_CLKOUT2)
                                                     -8.953    -6.225 r  pll_inst/inst/plle2_adv_inst/CLKOUT2
                         net (fo=1, routed)           1.802    -4.422    pll_inst/inst/clk_out3_clk_wiz_0
    BUFGCTRL_X0Y2        BUFG (Prop_bufg_I_O)         0.096    -4.326 r  pll_inst/inst/clkout3_buf/O
                         net (fo=2500, routed)        2.116    -2.210    sys_clk
    SLICE_X18Y29         FDPE                                         r  rst_sys_sync_reg[2]/C
  -------------------------------------------------------------------    -------------------
    SLICE_X18Y29         FDPE (Prop_fdpe_C_Q)         0.518    -1.692 f  rst_sys_sync_reg[2]/Q
                         net (fo=1032, routed)        6.476     4.784    cpu/alu/divider_word/busy_reg_reg_2[0]
    SLICE_X40Y13         FDCE                                         f  cpu/alu/divider_word/FSM_onehot_state_reg[1]/CLR
  -------------------------------------------------------------------    -------------------

                         (clock clk_out3_clk_wiz_0_1 rise edge)
                                                     10.000    10.000 r  
    R4                                                0.000    10.000 r  CLK100MHZ (IN)
                         net (fo=0)                   0.000    10.000    pll_inst/inst/clk_in1
    R4                   IBUF (Prop_ibuf_I_O)         1.405    11.405 r  pll_inst/inst/clkin1_ibufg/O
                         net (fo=1, routed)           1.181    12.586    pll_inst/inst/clk_in1_clk_wiz_0
    PLLE2_ADV_X1Y2       PLLE2_ADV (Prop_plle2_adv_CLKIN1_CLKOUT2)
                                                     -8.206     4.380 r  pll_inst/inst/plle2_adv_inst/CLKOUT2
                         net (fo=1, routed)           1.718     6.098    pll_inst/inst/clk_out3_clk_wiz_0
    BUFGCTRL_X0Y2        BUFG (Prop_bufg_I_O)         0.091     6.189 r  pll_inst/inst/clkout3_buf/O
                         net (fo=2500, routed)        1.973     8.162    cpu/alu/divider_word/clk_out3
    SLICE_X40Y13         FDCE                                         r  cpu/alu/divider_word/FSM_onehot_state_reg[1]/C
                         clock pessimism             -0.418     7.743    
                         clock uncertainty           -0.074     7.670    
    SLICE_X40Y13         FDCE (Recov_fdce_C_CLR)     -0.319     7.351    cpu/alu/divider_word/FSM_onehot_state_reg[1]
  -------------------------------------------------------------------
                         required time                          7.351    
                         arrival time                          -4.784    
  -------------------------------------------------------------------
                         slack                                  2.566    

Slack (MET) :             2.797ns  (required time - arrival time)
  Source:                 rst_sys_sync_reg[2]/C
                            (rising edge-triggered cell FDPE clocked by clk_out3_clk_wiz_0_1  {rise@0.000ns fall@5.000ns period=10.000ns})
  Destination:            cpu/alu/divider_word/busy_reg_reg/CLR
                            (recovery check against rising-edge clock clk_out3_clk_wiz_0_1  {rise@0.000ns fall@5.000ns period=10.000ns})
  Path Group:             **async_default**
  Path Type:              Recovery (Max at Slow Process Corner)
  Requirement:            10.000ns  (clk_out3_clk_wiz_0_1 rise@10.000ns - clk_out3_clk_wiz_0_1 rise@0.000ns)
  Data Path Delay:        6.677ns  (logic 0.518ns (7.758%)  route 6.159ns (92.242%))
  Logic Levels:           0  
  Clock Path Skew:        -0.047ns (DCD - SCD + CPR)
    Destination Clock Delay (DCD):    -1.838ns = ( 8.162 - 10.000 ) 
    Source Clock Delay      (SCD):    -2.210ns
    Clock Pessimism Removal (CPR):    -0.418ns
  Clock Uncertainty:      0.074ns  ((TSJ^2 + DJ^2)^1/2) / 2 + PE
    Total System Jitter     (TSJ):    0.071ns
    Discrete Jitter          (DJ):    0.129ns
    Phase Error              (PE):    0.000ns

    Location             Delay type                Incr(ns)  Path(ns)    Netlist Resource(s)
  -------------------------------------------------------------------    -------------------
                         (clock clk_out3_clk_wiz_0_1 rise edge)
                                                      0.000     0.000 r  
    R4                                                0.000     0.000 r  CLK100MHZ (IN)
                         net (fo=0)                   0.000     0.000    pll_inst/inst/clk_in1
    R4                   IBUF (Prop_ibuf_I_O)         1.475     1.475 r  pll_inst/inst/clkin1_ibufg/O
                         net (fo=1, routed)           1.253     2.728    pll_inst/inst/clk_in1_clk_wiz_0
    PLLE2_ADV_X1Y2       PLLE2_ADV (Prop_plle2_adv_CLKIN1_CLKOUT2)
                                                     -8.953    -6.225 r  pll_inst/inst/plle2_adv_inst/CLKOUT2
                         net (fo=1, routed)           1.802    -4.422    pll_inst/inst/clk_out3_clk_wiz_0
    BUFGCTRL_X0Y2        BUFG (Prop_bufg_I_O)         0.096    -4.326 r  pll_inst/inst/clkout3_buf/O
                         net (fo=2500, routed)        2.116    -2.210    sys_clk
    SLICE_X18Y29         FDPE                                         r  rst_sys_sync_reg[2]/C
  -------------------------------------------------------------------    -------------------
    SLICE_X18Y29         FDPE (Prop_fdpe_C_Q)         0.518    -1.692 f  rst_sys_sync_reg[2]/Q
                         net (fo=1032, routed)        6.159     4.468    cpu/alu/divider_word/busy_reg_reg_2[0]
    SLICE_X39Y13         FDCE                                         f  cpu/alu/divider_word/busy_reg_reg/CLR
  -------------------------------------------------------------------    -------------------

                         (clock clk_out3_clk_wiz_0_1 rise edge)
                                                     10.000    10.000 r  
    R4                                                0.000    10.000 r  CLK100MHZ (IN)
                         net (fo=0)                   0.000    10.000    pll_inst/inst/clk_in1
    R4                   IBUF (Prop_ibuf_I_O)         1.405    11.405 r  pll_inst/inst/clkin1_ibufg/O
                         net (fo=1, routed)           1.181    12.586    pll_inst/inst/clk_in1_clk_wiz_0
    PLLE2_ADV_X1Y2       PLLE2_ADV (Prop_plle2_adv_CLKIN1_CLKOUT2)
                                                     -8.206     4.380 r  pll_inst/inst/plle2_adv_inst/CLKOUT2
                         net (fo=1, routed)           1.718     6.098    pll_inst/inst/clk_out3_clk_wiz_0
    BUFGCTRL_X0Y2        BUFG (Prop_bufg_I_O)         0.091     6.189 r  pll_inst/inst/clkout3_buf/O
                         net (fo=2500, routed)        1.973     8.162    cpu/alu/divider_word/clk_out3
    SLICE_X39Y13         FDCE                                         r  cpu/alu/divider_word/busy_reg_reg/C
                         clock pessimism             -0.418     7.743    
                         clock uncertainty           -0.074     7.670    
    SLICE_X39Y13         FDCE (Recov_fdce_C_CLR)     -0.405     7.265    cpu/alu/divider_word/busy_reg_reg
  -------------------------------------------------------------------
                         required time                          7.265    
                         arrival time                          -4.468    
  -------------------------------------------------------------------
                         slack                                  2.797    

Slack (MET) :             2.999ns  (required time - arrival time)
  Source:                 rst_sys_sync_reg[2]/C
                            (rising edge-triggered cell FDPE clocked by clk_out3_clk_wiz_0_1  {rise@0.000ns fall@5.000ns period=10.000ns})
  Destination:            cpu/instruction_retired_reg/CLR
                            (recovery check against rising-edge clock clk_out3_clk_wiz_0_1  {rise@0.000ns fall@5.000ns period=10.000ns})
  Path Group:             **async_default**
  Path Type:              Recovery (Max at Slow Process Corner)
  Requirement:            10.000ns  (clk_out3_clk_wiz_0_1 rise@10.000ns - clk_out3_clk_wiz_0_1 rise@0.000ns)
  Data Path Delay:        6.480ns  (logic 0.518ns (7.994%)  route 5.962ns (92.006%))
  Logic Levels:           0  
  Clock Path Skew:        -0.043ns (DCD - SCD + CPR)
    Destination Clock Delay (DCD):    -1.834ns = ( 8.166 - 10.000 ) 
    Source Clock Delay      (SCD):    -2.210ns
    Clock Pessimism Removal (CPR):    -0.418ns
  Clock Uncertainty:      0.074ns  ((TSJ^2 + DJ^2)^1/2) / 2 + PE
    Total System Jitter     (TSJ):    0.071ns
    Discrete Jitter          (DJ):    0.129ns
    Phase Error              (PE):    0.000ns

    Location             Delay type                Incr(ns)  Path(ns)    Netlist Resource(s)
  -------------------------------------------------------------------    -------------------
                         (clock clk_out3_clk_wiz_0_1 rise edge)
                                                      0.000     0.000 r  
    R4                                                0.000     0.000 r  CLK100MHZ (IN)
                         net (fo=0)                   0.000     0.000    pll_inst/inst/clk_in1
    R4                   IBUF (Prop_ibuf_I_O)         1.475     1.475 r  pll_inst/inst/clkin1_ibufg/O
                         net (fo=1, routed)           1.253     2.728    pll_inst/inst/clk_in1_clk_wiz_0
    PLLE2_ADV_X1Y2       PLLE2_ADV (Prop_plle2_adv_CLKIN1_CLKOUT2)
                                                     -8.953    -6.225 r  pll_inst/inst/plle2_adv_inst/CLKOUT2
                         net (fo=1, routed)           1.802    -4.422    pll_inst/inst/clk_out3_clk_wiz_0
    BUFGCTRL_X0Y2        BUFG (Prop_bufg_I_O)         0.096    -4.326 r  pll_inst/inst/clkout3_buf/O
                         net (fo=2500, routed)        2.116    -2.210    sys_clk
    SLICE_X18Y29         FDPE                                         r  rst_sys_sync_reg[2]/C
  -------------------------------------------------------------------    -------------------
    SLICE_X18Y29         FDPE (Prop_fdpe_C_Q)         0.518    -1.692 f  rst_sys_sync_reg[2]/Q
                         net (fo=1032, routed)        5.962     4.270    cpu/debug_mode_reg_reg[0]
    SLICE_X38Y7          FDCE                                         f  cpu/instruction_retired_reg/CLR
  -------------------------------------------------------------------    -------------------

                         (clock clk_out3_clk_wiz_0_1 rise edge)
                                                     10.000    10.000 r  
    R4                                                0.000    10.000 r  CLK100MHZ (IN)
                         net (fo=0)                   0.000    10.000    pll_inst/inst/clk_in1
    R4                   IBUF (Prop_ibuf_I_O)         1.405    11.405 r  pll_inst/inst/clkin1_ibufg/O
                         net (fo=1, routed)           1.181    12.586    pll_inst/inst/clk_in1_clk_wiz_0
    PLLE2_ADV_X1Y2       PLLE2_ADV (Prop_plle2_adv_CLKIN1_CLKOUT2)
                                                     -8.206     4.380 r  pll_inst/inst/plle2_adv_inst/CLKOUT2
                         net (fo=1, routed)           1.718     6.098    pll_inst/inst/clk_out3_clk_wiz_0
    BUFGCTRL_X0Y2        BUFG (Prop_bufg_I_O)         0.091     6.189 r  pll_inst/inst/clkout3_buf/O
                         net (fo=2500, routed)        1.977     8.166    cpu/clk_out3
    SLICE_X38Y7          FDCE                                         r  cpu/instruction_retired_reg/C
                         clock pessimism             -0.418     7.747    
                         clock uncertainty           -0.074     7.674    
    SLICE_X38Y7          FDCE (Recov_fdce_C_CLR)     -0.405     7.269    cpu/instruction_retired_reg
  -------------------------------------------------------------------
                         required time                          7.269    
                         arrival time                          -4.270    
  -------------------------------------------------------------------
                         slack                                  2.999    

Slack (MET) :             3.457ns  (required time - arrival time)
  Source:                 rst_sys_sync_reg[2]/C
                            (rising edge-triggered cell FDPE clocked by clk_out3_clk_wiz_0_1  {rise@0.000ns fall@5.000ns period=10.000ns})
  Destination:            cpu/retire_rd_reg[1]/CLR
                            (recovery check against rising-edge clock clk_out3_clk_wiz_0_1  {rise@0.000ns fall@5.000ns period=10.000ns})
  Path Group:             **async_default**
  Path Type:              Recovery (Max at Slow Process Corner)
  Requirement:            10.000ns  (clk_out3_clk_wiz_0_1 rise@10.000ns - clk_out3_clk_wiz_0_1 rise@0.000ns)
  Data Path Delay:        6.023ns  (logic 0.518ns (8.600%)  route 5.505ns (91.400%))
  Logic Levels:           0  
  Clock Path Skew:        -0.041ns (DCD - SCD + CPR)
    Destination Clock Delay (DCD):    -1.832ns = ( 8.168 - 10.000 ) 
    Source Clock Delay      (SCD):    -2.210ns
    Clock Pessimism Removal (CPR):    -0.418ns
  Clock Uncertainty:      0.074ns  ((TSJ^2 + DJ^2)^1/2) / 2 + PE
    Total System Jitter     (TSJ):    0.071ns
    Discrete Jitter          (DJ):    0.129ns
    Phase Error              (PE):    0.000ns

    Location             Delay type                Incr(ns)  Path(ns)    Netlist Resource(s)
  -------------------------------------------------------------------    -------------------
                         (clock clk_out3_clk_wiz_0_1 rise edge)
                                                      0.000     0.000 r  
    R4                                                0.000     0.000 r  CLK100MHZ (IN)
                         net (fo=0)                   0.000     0.000    pll_inst/inst/clk_in1
    R4                   IBUF (Prop_ibuf_I_O)         1.475     1.475 r  pll_inst/inst/clkin1_ibufg/O
                         net (fo=1, routed)           1.253     2.728    pll_inst/inst/clk_in1_clk_wiz_0
    PLLE2_ADV_X1Y2       PLLE2_ADV (Prop_plle2_adv_CLKIN1_CLKOUT2)
                                                     -8.953    -6.225 r  pll_inst/inst/plle2_adv_inst/CLKOUT2
                         net (fo=1, routed)           1.802    -4.422    pll_inst/inst/clk_out3_clk_wiz_0
    BUFGCTRL_X0Y2        BUFG (Prop_bufg_I_O)         0.096    -4.326 r  pll_inst/inst/clkout3_buf/O
                         net (fo=2500, routed)        2.116    -2.210    sys_clk
    SLICE_X18Y29         FDPE                                         r  rst_sys_sync_reg[2]/C
  -------------------------------------------------------------------    -------------------
    SLICE_X18Y29         FDPE (Prop_fdpe_C_Q)         0.518    -1.692 f  rst_sys_sync_reg[2]/Q
                         net (fo=1032, routed)        5.505     3.813    cpu/debug_mode_reg_reg[0]
    SLICE_X38Y2          FDCE                                         f  cpu/retire_rd_reg[1]/CLR
  -------------------------------------------------------------------    -------------------

                         (clock clk_out3_clk_wiz_0_1 rise edge)
                                                     10.000    10.000 r  
    R4                                                0.000    10.000 r  CLK100MHZ (IN)
                         net (fo=0)                   0.000    10.000    pll_inst/inst/clk_in1
    R4                   IBUF (Prop_ibuf_I_O)         1.405    11.405 r  pll_inst/inst/clkin1_ibufg/O
                         net (fo=1, routed)           1.181    12.586    pll_inst/inst/clk_in1_clk_wiz_0
    PLLE2_ADV_X1Y2       PLLE2_ADV (Prop_plle2_adv_CLKIN1_CLKOUT2)
                                                     -8.206     4.380 r  pll_inst/inst/plle2_adv_inst/CLKOUT2
                         net (fo=1, routed)           1.718     6.098    pll_inst/inst/clk_out3_clk_wiz_0
    BUFGCTRL_X0Y2        BUFG (Prop_bufg_I_O)         0.091     6.189 r  pll_inst/inst/clkout3_buf/O
                         net (fo=2500, routed)        1.979     8.168    cpu/clk_out3
    SLICE_X38Y2          FDCE                                         r  cpu/retire_rd_reg[1]/C
                         clock pessimism             -0.418     7.749    
                         clock uncertainty           -0.074     7.676    
    SLICE_X38Y2          FDCE (Recov_fdce_C_CLR)     -0.405     7.271    cpu/retire_rd_reg[1]
  -------------------------------------------------------------------
                         required time                          7.271    
                         arrival time                          -3.813    
  -------------------------------------------------------------------
                         slack                                  3.457    

Slack (MET) :             3.457ns  (required time - arrival time)
  Source:                 rst_sys_sync_reg[2]/C
                            (rising edge-triggered cell FDPE clocked by clk_out3_clk_wiz_0_1  {rise@0.000ns fall@5.000ns period=10.000ns})
  Destination:            cpu/retire_rd_reg[2]/CLR
                            (recovery check against rising-edge clock clk_out3_clk_wiz_0_1  {rise@0.000ns fall@5.000ns period=10.000ns})
  Path Group:             **async_default**
  Path Type:              Recovery (Max at Slow Process Corner)
  Requirement:            10.000ns  (clk_out3_clk_wiz_0_1 rise@10.000ns - clk_out3_clk_wiz_0_1 rise@0.000ns)
  Data Path Delay:        6.023ns  (logic 0.518ns (8.600%)  route 5.505ns (91.400%))
  Logic Levels:           0  
  Clock Path Skew:        -0.041ns (DCD - SCD + CPR)
    Destination Clock Delay (DCD):    -1.832ns = ( 8.168 - 10.000 ) 
    Source Clock Delay      (SCD):    -2.210ns
    Clock Pessimism Removal (CPR):    -0.418ns
  Clock Uncertainty:      0.074ns  ((TSJ^2 + DJ^2)^1/2) / 2 + PE
    Total System Jitter     (TSJ):    0.071ns
    Discrete Jitter          (DJ):    0.129ns
    Phase Error              (PE):    0.000ns

    Location             Delay type                Incr(ns)  Path(ns)    Netlist Resource(s)
  -------------------------------------------------------------------    -------------------
                         (clock clk_out3_clk_wiz_0_1 rise edge)
                                                      0.000     0.000 r  
    R4                                                0.000     0.000 r  CLK100MHZ (IN)
                         net (fo=0)                   0.000     0.000    pll_inst/inst/clk_in1
    R4                   IBUF (Prop_ibuf_I_O)         1.475     1.475 r  pll_inst/inst/clkin1_ibufg/O
                         net (fo=1, routed)           1.253     2.728    pll_inst/inst/clk_in1_clk_wiz_0
    PLLE2_ADV_X1Y2       PLLE2_ADV (Prop_plle2_adv_CLKIN1_CLKOUT2)
                                                     -8.953    -6.225 r  pll_inst/inst/plle2_adv_inst/CLKOUT2
                         net (fo=1, routed)           1.802    -4.422    pll_inst/inst/clk_out3_clk_wiz_0
    BUFGCTRL_X0Y2        BUFG (Prop_bufg_I_O)         0.096    -4.326 r  pll_inst/inst/clkout3_buf/O
                         net (fo=2500, routed)        2.116    -2.210    sys_clk
    SLICE_X18Y29         FDPE                                         r  rst_sys_sync_reg[2]/C
  -------------------------------------------------------------------    -------------------
    SLICE_X18Y29         FDPE (Prop_fdpe_C_Q)         0.518    -1.692 f  rst_sys_sync_reg[2]/Q
                         net (fo=1032, routed)        5.505     3.813    cpu/debug_mode_reg_reg[0]
    SLICE_X38Y2          FDCE                                         f  cpu/retire_rd_reg[2]/CLR
  -------------------------------------------------------------------    -------------------

                         (clock clk_out3_clk_wiz_0_1 rise edge)
                                                     10.000    10.000 r  
    R4                                                0.000    10.000 r  CLK100MHZ (IN)
                         net (fo=0)                   0.000    10.000    pll_inst/inst/clk_in1
    R4                   IBUF (Prop_ibuf_I_O)         1.405    11.405 r  pll_inst/inst/clkin1_ibufg/O
                         net (fo=1, routed)           1.181    12.586    pll_inst/inst/clk_in1_clk_wiz_0
    PLLE2_ADV_X1Y2       PLLE2_ADV (Prop_plle2_adv_CLKIN1_CLKOUT2)
                                                     -8.206     4.380 r  pll_inst/inst/plle2_adv_inst/CLKOUT2
                         net (fo=1, routed)           1.718     6.098    pll_inst/inst/clk_out3_clk_wiz_0
    BUFGCTRL_X0Y2        BUFG (Prop_bufg_I_O)         0.091     6.189 r  pll_inst/inst/clkout3_buf/O
                         net (fo=2500, routed)        1.979     8.168    cpu/clk_out3
    SLICE_X38Y2          FDCE                                         r  cpu/retire_rd_reg[2]/C
                         clock pessimism             -0.418     7.749    
                         clock uncertainty           -0.074     7.676    
    SLICE_X38Y2          FDCE (Recov_fdce_C_CLR)     -0.405     7.271    cpu/retire_rd_reg[2]
  -------------------------------------------------------------------
                         required time                          7.271    
                         arrival time                          -3.813    
  -------------------------------------------------------------------
                         slack                                  3.457    

Slack (MET) :             3.457ns  (required time - arrival time)
  Source:                 rst_sys_sync_reg[2]/C
                            (rising edge-triggered cell FDPE clocked by clk_out3_clk_wiz_0_1  {rise@0.000ns fall@5.000ns period=10.000ns})
  Destination:            cpu/retire_rd_reg[3]/CLR
                            (recovery check against rising-edge clock clk_out3_clk_wiz_0_1  {rise@0.000ns fall@5.000ns period=10.000ns})
  Path Group:             **async_default**
  Path Type:              Recovery (Max at Slow Process Corner)
  Requirement:            10.000ns  (clk_out3_clk_wiz_0_1 rise@10.000ns - clk_out3_clk_wiz_0_1 rise@0.000ns)
  Data Path Delay:        6.023ns  (logic 0.518ns (8.600%)  route 5.505ns (91.400%))
  Logic Levels:           0  
  Clock Path Skew:        -0.041ns (DCD - SCD + CPR)
    Destination Clock Delay (DCD):    -1.832ns = ( 8.168 - 10.000 ) 
    Source Clock Delay      (SCD):    -2.210ns
    Clock Pessimism Removal (CPR):    -0.418ns
  Clock Uncertainty:      0.074ns  ((TSJ^2 + DJ^2)^1/2) / 2 + PE
    Total System Jitter     (TSJ):    0.071ns
    Discrete Jitter          (DJ):    0.129ns
    Phase Error              (PE):    0.000ns

    Location             Delay type                Incr(ns)  Path(ns)    Netlist Resource(s)
  -------------------------------------------------------------------    -------------------
                         (clock clk_out3_clk_wiz_0_1 rise edge)
                                                      0.000     0.000 r  
    R4                                                0.000     0.000 r  CLK100MHZ (IN)
                         net (fo=0)                   0.000     0.000    pll_inst/inst/clk_in1
    R4                   IBUF (Prop_ibuf_I_O)         1.475     1.475 r  pll_inst/inst/clkin1_ibufg/O
                         net (fo=1, routed)           1.253     2.728    pll_inst/inst/clk_in1_clk_wiz_0
    PLLE2_ADV_X1Y2       PLLE2_ADV (Prop_plle2_adv_CLKIN1_CLKOUT2)
                                                     -8.953    -6.225 r  pll_inst/inst/plle2_adv_inst/CLKOUT2
                         net (fo=1, routed)           1.802    -4.422    pll_inst/inst/clk_out3_clk_wiz_0
    BUFGCTRL_X0Y2        BUFG (Prop_bufg_I_O)         0.096    -4.326 r  pll_inst/inst/clkout3_buf/O
                         net (fo=2500, routed)        2.116    -2.210    sys_clk
    SLICE_X18Y29         FDPE                                         r  rst_sys_sync_reg[2]/C
  -------------------------------------------------------------------    -------------------
    SLICE_X18Y29         FDPE (Prop_fdpe_C_Q)         0.518    -1.692 f  rst_sys_sync_reg[2]/Q
                         net (fo=1032, routed)        5.505     3.813    cpu/debug_mode_reg_reg[0]
    SLICE_X38Y2          FDCE                                         f  cpu/retire_rd_reg[3]/CLR
  -------------------------------------------------------------------    -------------------

                         (clock clk_out3_clk_wiz_0_1 rise edge)
                                                     10.000    10.000 r  
    R4                                                0.000    10.000 r  CLK100MHZ (IN)
                         net (fo=0)                   0.000    10.000    pll_inst/inst/clk_in1
    R4                   IBUF (Prop_ibuf_I_O)         1.405    11.405 r  pll_inst/inst/clkin1_ibufg/O
                         net (fo=1, routed)           1.181    12.586    pll_inst/inst/clk_in1_clk_wiz_0
    PLLE2_ADV_X1Y2       PLLE2_ADV (Prop_plle2_adv_CLKIN1_CLKOUT2)
                                                     -8.206     4.380 r  pll_inst/inst/plle2_adv_inst/CLKOUT2
                         net (fo=1, routed)           1.718     6.098    pll_inst/inst/clk_out3_clk_wiz_0
    BUFGCTRL_X0Y2        BUFG (Prop_bufg_I_O)         0.091     6.189 r  pll_inst/inst/clkout3_buf/O
                         net (fo=2500, routed)        1.979     8.168    cpu/clk_out3
    SLICE_X38Y2          FDCE                                         r  cpu/retire_rd_reg[3]/C
                         clock pessimism             -0.418     7.749    
                         clock uncertainty           -0.074     7.676    
    SLICE_X38Y2          FDCE (Recov_fdce_C_CLR)     -0.405     7.271    cpu/retire_rd_reg[3]
  -------------------------------------------------------------------
                         required time                          7.271    
                         arrival time                          -3.813    
  -------------------------------------------------------------------
                         slack                                  3.457    

Slack (MET) :             3.457ns  (required time - arrival time)
  Source:                 rst_sys_sync_reg[2]/C
                            (rising edge-triggered cell FDPE clocked by clk_out3_clk_wiz_0_1  {rise@0.000ns fall@5.000ns period=10.000ns})
  Destination:            cpu/retire_register_write_enable_reg/CLR
                            (recovery check against rising-edge clock clk_out3_clk_wiz_0_1  {rise@0.000ns fall@5.000ns period=10.000ns})
  Path Group:             **async_default**
  Path Type:              Recovery (Max at Slow Process Corner)
  Requirement:            10.000ns  (clk_out3_clk_wiz_0_1 rise@10.000ns - clk_out3_clk_wiz_0_1 rise@0.000ns)
  Data Path Delay:        6.023ns  (logic 0.518ns (8.600%)  route 5.505ns (91.400%))
  Logic Levels:           0  
  Clock Path Skew:        -0.041ns (DCD - SCD + CPR)
    Destination Clock Delay (DCD):    -1.832ns = ( 8.168 - 10.000 ) 
    Source Clock Delay      (SCD):    -2.210ns
    Clock Pessimism Removal (CPR):    -0.418ns
  Clock Uncertainty:      0.074ns  ((TSJ^2 + DJ^2)^1/2) / 2 + PE
    Total System Jitter     (TSJ):    0.071ns
    Discrete Jitter          (DJ):    0.129ns
    Phase Error              (PE):    0.000ns

    Location             Delay type                Incr(ns)  Path(ns)    Netlist Resource(s)
  -------------------------------------------------------------------    -------------------
                         (clock clk_out3_clk_wiz_0_1 rise edge)
                                                      0.000     0.000 r  
    R4                                                0.000     0.000 r  CLK100MHZ (IN)
                         net (fo=0)                   0.000     0.000    pll_inst/inst/clk_in1
    R4                   IBUF (Prop_ibuf_I_O)         1.475     1.475 r  pll_inst/inst/clkin1_ibufg/O
                         net (fo=1, routed)           1.253     2.728    pll_inst/inst/clk_in1_clk_wiz_0
    PLLE2_ADV_X1Y2       PLLE2_ADV (Prop_plle2_adv_CLKIN1_CLKOUT2)
                                                     -8.953    -6.225 r  pll_inst/inst/plle2_adv_inst/CLKOUT2
                         net (fo=1, routed)           1.802    -4.422    pll_inst/inst/clk_out3_clk_wiz_0
    BUFGCTRL_X0Y2        BUFG (Prop_bufg_I_O)         0.096    -4.326 r  pll_inst/inst/clkout3_buf/O
                         net (fo=2500, routed)        2.116    -2.210    sys_clk
    SLICE_X18Y29         FDPE                                         r  rst_sys_sync_reg[2]/C
  -------------------------------------------------------------------    -------------------
    SLICE_X18Y29         FDPE (Prop_fdpe_C_Q)         0.518    -1.692 f  rst_sys_sync_reg[2]/Q
                         net (fo=1032, routed)        5.505     3.813    cpu/debug_mode_reg_reg[0]
    SLICE_X38Y2          FDCE                                         f  cpu/retire_register_write_enable_reg/CLR
  -------------------------------------------------------------------    -------------------

                         (clock clk_out3_clk_wiz_0_1 rise edge)
                                                     10.000    10.000 r  
    R4                                                0.000    10.000 r  CLK100MHZ (IN)
                         net (fo=0)                   0.000    10.000    pll_inst/inst/clk_in1
    R4                   IBUF (Prop_ibuf_I_O)         1.405    11.405 r  pll_inst/inst/clkin1_ibufg/O
                         net (fo=1, routed)           1.181    12.586    pll_inst/inst/clk_in1_clk_wiz_0
    PLLE2_ADV_X1Y2       PLLE2_ADV (Prop_plle2_adv_CLKIN1_CLKOUT2)
                                                     -8.206     4.380 r  pll_inst/inst/plle2_adv_inst/CLKOUT2
                         net (fo=1, routed)           1.718     6.098    pll_inst/inst/clk_out3_clk_wiz_0
    BUFGCTRL_X0Y2        BUFG (Prop_bufg_I_O)         0.091     6.189 r  pll_inst/inst/clkout3_buf/O
                         net (fo=2500, routed)        1.979     8.168    cpu/clk_out3
    SLICE_X38Y2          FDCE                                         r  cpu/retire_register_write_enable_reg/C
                         clock pessimism             -0.418     7.749    
                         clock uncertainty           -0.074     7.676    
    SLICE_X38Y2          FDCE (Recov_fdce_C_CLR)     -0.405     7.271    cpu/retire_register_write_enable_reg
  -------------------------------------------------------------------
                         required time                          7.271    
                         arrival time                          -3.813    
  -------------------------------------------------------------------
                         slack                                  3.457    





Min Delay Paths
--------------------------------------------------------------------------------------
Slack (MET) :             0.472ns  (arrival time - required time)
  Source:                 rst_sys_sync_reg[2]/C
                            (rising edge-triggered cell FDPE clocked by clk_out3_clk_wiz_0_1  {rise@0.000ns fall@5.000ns period=10.000ns})
  Destination:            kb_toggle_prev_reg/CLR
                            (removal check against rising-edge clock clk_out3_clk_wiz_0_1  {rise@0.000ns fall@5.000ns period=10.000ns})
  Path Group:             **async_default**
  Path Type:              Removal (Min at Fast Process Corner)
  Requirement:            0.000ns  (clk_out3_clk_wiz_0_1 rise@0.000ns - clk_out3_clk_wiz_0_1 rise@0.000ns)
  Data Path Delay:        0.449ns  (logic 0.164ns (36.526%)  route 0.285ns (63.474%))
  Logic Levels:           0  
  Clock Path Skew:        0.044ns (DCD - SCD - CPR)
    Destination Clock Delay (DCD):    -0.253ns
    Source Clock Delay      (SCD):    -0.493ns
    Clock Pessimism Removal (CPR):    0.196ns

    Location             Delay type                Incr(ns)  Path(ns)    Netlist Resource(s)
  -------------------------------------------------------------------    -------------------
                         (clock clk_out3_clk_wiz_0_1 rise edge)
                                                      0.000     0.000 r  
    R4                                                0.000     0.000 r  CLK100MHZ (IN)
                         net (fo=0)                   0.000     0.000    pll_inst/inst/clk_in1
    R4                   IBUF (Prop_ibuf_I_O)         0.243     0.243 r  pll_inst/inst/clkin1_ibufg/O
                         net (fo=1, routed)           0.440     0.683    pll_inst/inst/clk_in1_clk_wiz_0
    PLLE2_ADV_X1Y2       PLLE2_ADV (Prop_plle2_adv_CLKIN1_CLKOUT2)
                                                     -2.503    -1.819 r  pll_inst/inst/plle2_adv_inst/CLKOUT2
                         net (fo=1, routed)           0.546    -1.273    pll_inst/inst/clk_out3_clk_wiz_0
    BUFGCTRL_X0Y2        BUFG (Prop_bufg_I_O)         0.026    -1.247 r  pll_inst/inst/clkout3_buf/O
                         net (fo=2500, routed)        0.755    -0.493    sys_clk
    SLICE_X18Y29         FDPE                                         r  rst_sys_sync_reg[2]/C
  -------------------------------------------------------------------    -------------------
    SLICE_X18Y29         FDPE (Prop_fdpe_C_Q)         0.164    -0.329 f  rst_sys_sync_reg[2]/Q
                         net (fo=1032, routed)        0.285    -0.044    sys_reset
    SLICE_X14Y35         FDCE                                         f  kb_toggle_prev_reg/CLR
  -------------------------------------------------------------------    -------------------

                         (clock clk_out3_clk_wiz_0_1 rise edge)
                                                      0.000     0.000 r  
    R4                                                0.000     0.000 r  CLK100MHZ (IN)
                         net (fo=0)                   0.000     0.000    pll_inst/inst/clk_in1
    R4                   IBUF (Prop_ibuf_I_O)         0.431     0.431 r  pll_inst/inst/clkin1_ibufg/O
                         net (fo=1, routed)           0.481     0.912    pll_inst/inst/clk_in1_clk_wiz_0
    PLLE2_ADV_X1Y2       PLLE2_ADV (Prop_plle2_adv_CLKIN1_CLKOUT2)
                                                     -2.828    -1.916 r  pll_inst/inst/plle2_adv_inst/CLKOUT2
                         net (fo=1, routed)           0.595    -1.322    pll_inst/inst/clk_out3_clk_wiz_0
    BUFGCTRL_X0Y2        BUFG (Prop_bufg_I_O)         0.029    -1.293 r  pll_inst/inst/clkout3_buf/O
                         net (fo=2500, routed)        1.040    -0.253    sys_clk
    SLICE_X14Y35         FDCE                                         r  kb_toggle_prev_reg/C
                         clock pessimism             -0.196    -0.449    
    SLICE_X14Y35         FDCE (Remov_fdce_C_CLR)     -0.067    -0.516    kb_toggle_prev_reg
  -------------------------------------------------------------------
                         required time                          0.516    
                         arrival time                          -0.044    
  -------------------------------------------------------------------
                         slack                                  0.472    

Slack (MET) :             0.472ns  (arrival time - required time)
  Source:                 rst_sys_sync_reg[2]/C
                            (rising edge-triggered cell FDPE clocked by clk_out3_clk_wiz_0_1  {rise@0.000ns fall@5.000ns period=10.000ns})
  Destination:            kb_toggle_sync_reg[0]/CLR
                            (removal check against rising-edge clock clk_out3_clk_wiz_0_1  {rise@0.000ns fall@5.000ns period=10.000ns})
  Path Group:             **async_default**
  Path Type:              Removal (Min at Fast Process Corner)
  Requirement:            0.000ns  (clk_out3_clk_wiz_0_1 rise@0.000ns - clk_out3_clk_wiz_0_1 rise@0.000ns)
  Data Path Delay:        0.449ns  (logic 0.164ns (36.526%)  route 0.285ns (63.474%))
  Logic Levels:           0  
  Clock Path Skew:        0.044ns (DCD - SCD - CPR)
    Destination Clock Delay (DCD):    -0.253ns
    Source Clock Delay      (SCD):    -0.493ns
    Clock Pessimism Removal (CPR):    0.196ns

    Location             Delay type                Incr(ns)  Path(ns)    Netlist Resource(s)
  -------------------------------------------------------------------    -------------------
                         (clock clk_out3_clk_wiz_0_1 rise edge)
                                                      0.000     0.000 r  
    R4                                                0.000     0.000 r  CLK100MHZ (IN)
                         net (fo=0)                   0.000     0.000    pll_inst/inst/clk_in1
    R4                   IBUF (Prop_ibuf_I_O)         0.243     0.243 r  pll_inst/inst/clkin1_ibufg/O
                         net (fo=1, routed)           0.440     0.683    pll_inst/inst/clk_in1_clk_wiz_0
    PLLE2_ADV_X1Y2       PLLE2_ADV (Prop_plle2_adv_CLKIN1_CLKOUT2)
                                                     -2.503    -1.819 r  pll_inst/inst/plle2_adv_inst/CLKOUT2
                         net (fo=1, routed)           0.546    -1.273    pll_inst/inst/clk_out3_clk_wiz_0
    BUFGCTRL_X0Y2        BUFG (Prop_bufg_I_O)         0.026    -1.247 r  pll_inst/inst/clkout3_buf/O
                         net (fo=2500, routed)        0.755    -0.493    sys_clk
    SLICE_X18Y29         FDPE                                         r  rst_sys_sync_reg[2]/C
  -------------------------------------------------------------------    -------------------
    SLICE_X18Y29         FDPE (Prop_fdpe_C_Q)         0.164    -0.329 f  rst_sys_sync_reg[2]/Q
                         net (fo=1032, routed)        0.285    -0.044    sys_reset
    SLICE_X14Y35         FDCE                                         f  kb_toggle_sync_reg[0]/CLR
  -------------------------------------------------------------------    -------------------

                         (clock clk_out3_clk_wiz_0_1 rise edge)
                                                      0.000     0.000 r  
    R4                                                0.000     0.000 r  CLK100MHZ (IN)
                         net (fo=0)                   0.000     0.000    pll_inst/inst/clk_in1
    R4                   IBUF (Prop_ibuf_I_O)         0.431     0.431 r  pll_inst/inst/clkin1_ibufg/O
                         net (fo=1, routed)           0.481     0.912    pll_inst/inst/clk_in1_clk_wiz_0
    PLLE2_ADV_X1Y2       PLLE2_ADV (Prop_plle2_adv_CLKIN1_CLKOUT2)
                                                     -2.828    -1.916 r  pll_inst/inst/plle2_adv_inst/CLKOUT2
                         net (fo=1, routed)           0.595    -1.322    pll_inst/inst/clk_out3_clk_wiz_0
    BUFGCTRL_X0Y2        BUFG (Prop_bufg_I_O)         0.029    -1.293 r  pll_inst/inst/clkout3_buf/O
                         net (fo=2500, routed)        1.040    -0.253    sys_clk
    SLICE_X14Y35         FDCE                                         r  kb_toggle_sync_reg[0]/C
                         clock pessimism             -0.196    -0.449    
    SLICE_X14Y35         FDCE (Remov_fdce_C_CLR)     -0.067    -0.516    kb_toggle_sync_reg[0]
  -------------------------------------------------------------------
                         required time                          0.516    
                         arrival time                          -0.044    
  -------------------------------------------------------------------
                         slack                                  0.472    

Slack (MET) :             0.472ns  (arrival time - required time)
  Source:                 rst_sys_sync_reg[2]/C
                            (rising edge-triggered cell FDPE clocked by clk_out3_clk_wiz_0_1  {rise@0.000ns fall@5.000ns period=10.000ns})
  Destination:            kb_toggle_sync_reg[1]/CLR
                            (removal check against rising-edge clock clk_out3_clk_wiz_0_1  {rise@0.000ns fall@5.000ns period=10.000ns})
  Path Group:             **async_default**
  Path Type:              Removal (Min at Fast Process Corner)
  Requirement:            0.000ns  (clk_out3_clk_wiz_0_1 rise@0.000ns - clk_out3_clk_wiz_0_1 rise@0.000ns)
  Data Path Delay:        0.449ns  (logic 0.164ns (36.526%)  route 0.285ns (63.474%))
  Logic Levels:           0  
  Clock Path Skew:        0.044ns (DCD - SCD - CPR)
    Destination Clock Delay (DCD):    -0.253ns
    Source Clock Delay      (SCD):    -0.493ns
    Clock Pessimism Removal (CPR):    0.196ns

    Location             Delay type                Incr(ns)  Path(ns)    Netlist Resource(s)
  -------------------------------------------------------------------    -------------------
                         (clock clk_out3_clk_wiz_0_1 rise edge)
                                                      0.000     0.000 r  
    R4                                                0.000     0.000 r  CLK100MHZ (IN)
                         net (fo=0)                   0.000     0.000    pll_inst/inst/clk_in1
    R4                   IBUF (Prop_ibuf_I_O)         0.243     0.243 r  pll_inst/inst/clkin1_ibufg/O
                         net (fo=1, routed)           0.440     0.683    pll_inst/inst/clk_in1_clk_wiz_0
    PLLE2_ADV_X1Y2       PLLE2_ADV (Prop_plle2_adv_CLKIN1_CLKOUT2)
                                                     -2.503    -1.819 r  pll_inst/inst/plle2_adv_inst/CLKOUT2
                         net (fo=1, routed)           0.546    -1.273    pll_inst/inst/clk_out3_clk_wiz_0
    BUFGCTRL_X0Y2        BUFG (Prop_bufg_I_O)         0.026    -1.247 r  pll_inst/inst/clkout3_buf/O
                         net (fo=2500, routed)        0.755    -0.493    sys_clk
    SLICE_X18Y29         FDPE                                         r  rst_sys_sync_reg[2]/C
  -------------------------------------------------------------------    -------------------
    SLICE_X18Y29         FDPE (Prop_fdpe_C_Q)         0.164    -0.329 f  rst_sys_sync_reg[2]/Q
                         net (fo=1032, routed)        0.285    -0.044    sys_reset
    SLICE_X14Y35         FDCE                                         f  kb_toggle_sync_reg[1]/CLR
  -------------------------------------------------------------------    -------------------

                         (clock clk_out3_clk_wiz_0_1 rise edge)
                                                      0.000     0.000 r  
    R4                                                0.000     0.000 r  CLK100MHZ (IN)
                         net (fo=0)                   0.000     0.000    pll_inst/inst/clk_in1
    R4                   IBUF (Prop_ibuf_I_O)         0.431     0.431 r  pll_inst/inst/clkin1_ibufg/O
                         net (fo=1, routed)           0.481     0.912    pll_inst/inst/clk_in1_clk_wiz_0
    PLLE2_ADV_X1Y2       PLLE2_ADV (Prop_plle2_adv_CLKIN1_CLKOUT2)
                                                     -2.828    -1.916 r  pll_inst/inst/plle2_adv_inst/CLKOUT2
                         net (fo=1, routed)           0.595    -1.322    pll_inst/inst/clk_out3_clk_wiz_0
    BUFGCTRL_X0Y2        BUFG (Prop_bufg_I_O)         0.029    -1.293 r  pll_inst/inst/clkout3_buf/O
                         net (fo=2500, routed)        1.040    -0.253    sys_clk
    SLICE_X14Y35         FDCE                                         r  kb_toggle_sync_reg[1]/C
                         clock pessimism             -0.196    -0.449    
    SLICE_X14Y35         FDCE (Remov_fdce_C_CLR)     -0.067    -0.516    kb_toggle_sync_reg[1]
  -------------------------------------------------------------------
                         required time                          0.516    
                         arrival time                          -0.044    
  -------------------------------------------------------------------
                         slack                                  0.472    

Slack (MET) :             0.511ns  (arrival time - required time)
  Source:                 rst_sys_sync_reg[2]/C
                            (rising edge-triggered cell FDPE clocked by clk_out3_clk_wiz_0_1  {rise@0.000ns fall@5.000ns period=10.000ns})
  Destination:            cpu/alu/multiplier_word/prod_high_reg[17]/CLR
                            (removal check against rising-edge clock clk_out3_clk_wiz_0_1  {rise@0.000ns fall@5.000ns period=10.000ns})
  Path Group:             **async_default**
  Path Type:              Removal (Min at Fast Process Corner)
  Requirement:            0.000ns  (clk_out3_clk_wiz_0_1 rise@0.000ns - clk_out3_clk_wiz_0_1 rise@0.000ns)
  Data Path Delay:        0.454ns  (logic 0.164ns (36.106%)  route 0.290ns (63.894%))
  Logic Levels:           0  
  Clock Path Skew:        0.035ns (DCD - SCD - CPR)
    Destination Clock Delay (DCD):    -0.262ns
    Source Clock Delay      (SCD):    -0.493ns
    Clock Pessimism Removal (CPR):    0.196ns

    Location             Delay type                Incr(ns)  Path(ns)    Netlist Resource(s)
  -------------------------------------------------------------------    -------------------
                         (clock clk_out3_clk_wiz_0_1 rise edge)
                                                      0.000     0.000 r  
    R4                                                0.000     0.000 r  CLK100MHZ (IN)
                         net (fo=0)                   0.000     0.000    pll_inst/inst/clk_in1
    R4                   IBUF (Prop_ibuf_I_O)         0.243     0.243 r  pll_inst/inst/clkin1_ibufg/O
                         net (fo=1, routed)           0.440     0.683    pll_inst/inst/clk_in1_clk_wiz_0
    PLLE2_ADV_X1Y2       PLLE2_ADV (Prop_plle2_adv_CLKIN1_CLKOUT2)
                                                     -2.503    -1.819 r  pll_inst/inst/plle2_adv_inst/CLKOUT2
                         net (fo=1, routed)           0.546    -1.273    pll_inst/inst/clk_out3_clk_wiz_0
    BUFGCTRL_X0Y2        BUFG (Prop_bufg_I_O)         0.026    -1.247 r  pll_inst/inst/clkout3_buf/O
                         net (fo=2500, routed)        0.755    -0.493    sys_clk
    SLICE_X18Y29         FDPE                                         r  rst_sys_sync_reg[2]/C
  -------------------------------------------------------------------    -------------------
    SLICE_X18Y29         FDPE (Prop_fdpe_C_Q)         0.164    -0.329 f  rst_sys_sync_reg[2]/Q
                         net (fo=1032, routed)        0.290    -0.038    cpu/alu/multiplier_word/prod_low_reg[0]_1[0]
    SLICE_X21Y28         FDCE                                         f  cpu/alu/multiplier_word/prod_high_reg[17]/CLR
  -------------------------------------------------------------------    -------------------

                         (clock clk_out3_clk_wiz_0_1 rise edge)
                                                      0.000     0.000 r  
    R4                                                0.000     0.000 r  CLK100MHZ (IN)
                         net (fo=0)                   0.000     0.000    pll_inst/inst/clk_in1
    R4                   IBUF (Prop_ibuf_I_O)         0.431     0.431 r  pll_inst/inst/clkin1_ibufg/O
                         net (fo=1, routed)           0.481     0.912    pll_inst/inst/clk_in1_clk_wiz_0
    PLLE2_ADV_X1Y2       PLLE2_ADV (Prop_plle2_adv_CLKIN1_CLKOUT2)
                                                     -2.828    -1.916 r  pll_inst/inst/plle2_adv_inst/CLKOUT2
                         net (fo=1, routed)           0.595    -1.322    pll_inst/inst/clk_out3_clk_wiz_0
    BUFGCTRL_X0Y2        BUFG (Prop_bufg_I_O)         0.029    -1.293 r  pll_inst/inst/clkout3_buf/O
                         net (fo=2500, routed)        1.031    -0.262    cpu/alu/multiplier_word/clk_out3
    SLICE_X21Y28         FDCE                                         r  cpu/alu/multiplier_word/prod_high_reg[17]/C
                         clock pessimism             -0.196    -0.458    
    SLICE_X21Y28         FDCE (Remov_fdce_C_CLR)     -0.092    -0.550    cpu/alu/multiplier_word/prod_high_reg[17]
  -------------------------------------------------------------------
                         required time                          0.550    
                         arrival time                          -0.038    
  -------------------------------------------------------------------
                         slack                                  0.511    

Slack (MET) :             0.511ns  (arrival time - required time)
  Source:                 rst_sys_sync_reg[2]/C
                            (rising edge-triggered cell FDPE clocked by clk_out3_clk_wiz_0_1  {rise@0.000ns fall@5.000ns period=10.000ns})
  Destination:            cpu/alu/multiplier_word/prod_high_reg[19]/CLR
                            (removal check against rising-edge clock clk_out3_clk_wiz_0_1  {rise@0.000ns fall@5.000ns period=10.000ns})
  Path Group:             **async_default**
  Path Type:              Removal (Min at Fast Process Corner)
  Requirement:            0.000ns  (clk_out3_clk_wiz_0_1 rise@0.000ns - clk_out3_clk_wiz_0_1 rise@0.000ns)
  Data Path Delay:        0.454ns  (logic 0.164ns (36.106%)  route 0.290ns (63.894%))
  Logic Levels:           0  
  Clock Path Skew:        0.035ns (DCD - SCD - CPR)
    Destination Clock Delay (DCD):    -0.262ns
    Source Clock Delay      (SCD):    -0.493ns
    Clock Pessimism Removal (CPR):    0.196ns

    Location             Delay type                Incr(ns)  Path(ns)    Netlist Resource(s)
  -------------------------------------------------------------------    -------------------
                         (clock clk_out3_clk_wiz_0_1 rise edge)
                                                      0.000     0.000 r  
    R4                                                0.000     0.000 r  CLK100MHZ (IN)
                         net (fo=0)                   0.000     0.000    pll_inst/inst/clk_in1
    R4                   IBUF (Prop_ibuf_I_O)         0.243     0.243 r  pll_inst/inst/clkin1_ibufg/O
                         net (fo=1, routed)           0.440     0.683    pll_inst/inst/clk_in1_clk_wiz_0
    PLLE2_ADV_X1Y2       PLLE2_ADV (Prop_plle2_adv_CLKIN1_CLKOUT2)
                                                     -2.503    -1.819 r  pll_inst/inst/plle2_adv_inst/CLKOUT2
                         net (fo=1, routed)           0.546    -1.273    pll_inst/inst/clk_out3_clk_wiz_0
    BUFGCTRL_X0Y2        BUFG (Prop_bufg_I_O)         0.026    -1.247 r  pll_inst/inst/clkout3_buf/O
                         net (fo=2500, routed)        0.755    -0.493    sys_clk
    SLICE_X18Y29         FDPE                                         r  rst_sys_sync_reg[2]/C
  -------------------------------------------------------------------    -------------------
    SLICE_X18Y29         FDPE (Prop_fdpe_C_Q)         0.164    -0.329 f  rst_sys_sync_reg[2]/Q
                         net (fo=1032, routed)        0.290    -0.038    cpu/alu/multiplier_word/prod_low_reg[0]_1[0]
    SLICE_X21Y28         FDCE                                         f  cpu/alu/multiplier_word/prod_high_reg[19]/CLR
  -------------------------------------------------------------------    -------------------

                         (clock clk_out3_clk_wiz_0_1 rise edge)
                                                      0.000     0.000 r  
    R4                                                0.000     0.000 r  CLK100MHZ (IN)
                         net (fo=0)                   0.000     0.000    pll_inst/inst/clk_in1
    R4                   IBUF (Prop_ibuf_I_O)         0.431     0.431 r  pll_inst/inst/clkin1_ibufg/O
                         net (fo=1, routed)           0.481     0.912    pll_inst/inst/clk_in1_clk_wiz_0
    PLLE2_ADV_X1Y2       PLLE2_ADV (Prop_plle2_adv_CLKIN1_CLKOUT2)
                                                     -2.828    -1.916 r  pll_inst/inst/plle2_adv_inst/CLKOUT2
                         net (fo=1, routed)           0.595    -1.322    pll_inst/inst/clk_out3_clk_wiz_0
    BUFGCTRL_X0Y2        BUFG (Prop_bufg_I_O)         0.029    -1.293 r  pll_inst/inst/clkout3_buf/O
                         net (fo=2500, routed)        1.031    -0.262    cpu/alu/multiplier_word/clk_out3
    SLICE_X21Y28         FDCE                                         r  cpu/alu/multiplier_word/prod_high_reg[19]/C
                         clock pessimism             -0.196    -0.458    
    SLICE_X21Y28         FDCE (Remov_fdce_C_CLR)     -0.092    -0.550    cpu/alu/multiplier_word/prod_high_reg[19]
  -------------------------------------------------------------------
                         required time                          0.550    
                         arrival time                          -0.038    
  -------------------------------------------------------------------
                         slack                                  0.511    

Slack (MET) :             0.566ns  (arrival time - required time)
  Source:                 rst_sys_sync_reg[2]/C
                            (rising edge-triggered cell FDPE clocked by clk_out3_clk_wiz_0_1  {rise@0.000ns fall@5.000ns period=10.000ns})
  Destination:            cpu/alu/multiplier_word/prod_high_reg[23]/CLR
                            (removal check against rising-edge clock clk_out3_clk_wiz_0_1  {rise@0.000ns fall@5.000ns period=10.000ns})
  Path Group:             **async_default**
  Path Type:              Removal (Min at Fast Process Corner)
  Requirement:            0.000ns  (clk_out3_clk_wiz_0_1 rise@0.000ns - clk_out3_clk_wiz_0_1 rise@0.000ns)
  Data Path Delay:        0.508ns  (logic 0.164ns (32.280%)  route 0.344ns (67.720%))
  Logic Levels:           0  
  Clock Path Skew:        0.034ns (DCD - SCD - CPR)
    Destination Clock Delay (DCD):    -0.263ns
    Source Clock Delay      (SCD):    -0.493ns
    Clock Pessimism Removal (CPR):    0.196ns

    Location             Delay type                Incr(ns)  Path(ns)    Netlist Resource(s)
  -------------------------------------------------------------------    -------------------
                         (clock clk_out3_clk_wiz_0_1 rise edge)
                                                      0.000     0.000 r  
    R4                                                0.000     0.000 r  CLK100MHZ (IN)
                         net (fo=0)                   0.000     0.000    pll_inst/inst/clk_in1
    R4                   IBUF (Prop_ibuf_I_O)         0.243     0.243 r  pll_inst/inst/clkin1_ibufg/O
                         net (fo=1, routed)           0.440     0.683    pll_inst/inst/clk_in1_clk_wiz_0
    PLLE2_ADV_X1Y2       PLLE2_ADV (Prop_plle2_adv_CLKIN1_CLKOUT2)
                                                     -2.503    -1.819 r  pll_inst/inst/plle2_adv_inst/CLKOUT2
                         net (fo=1, routed)           0.546    -1.273    pll_inst/inst/clk_out3_clk_wiz_0
    BUFGCTRL_X0Y2        BUFG (Prop_bufg_I_O)         0.026    -1.247 r  pll_inst/inst/clkout3_buf/O
                         net (fo=2500, routed)        0.755    -0.493    sys_clk
    SLICE_X18Y29         FDPE                                         r  rst_sys_sync_reg[2]/C
  -------------------------------------------------------------------    -------------------
    SLICE_X18Y29         FDPE (Prop_fdpe_C_Q)         0.164    -0.329 f  rst_sys_sync_reg[2]/Q
                         net (fo=1032, routed)        0.344     0.015    cpu/alu/multiplier_word/prod_low_reg[0]_1[0]
    SLICE_X21Y27         FDCE                                         f  cpu/alu/multiplier_word/prod_high_reg[23]/CLR
  -------------------------------------------------------------------    -------------------

                         (clock clk_out3_clk_wiz_0_1 rise edge)
                                                      0.000     0.000 r  
    R4                                                0.000     0.000 r  CLK100MHZ (IN)
                         net (fo=0)                   0.000     0.000    pll_inst/inst/clk_in1
    R4                   IBUF (Prop_ibuf_I_O)         0.431     0.431 r  pll_inst/inst/clkin1_ibufg/O
                         net (fo=1, routed)           0.481     0.912    pll_inst/inst/clk_in1_clk_wiz_0
    PLLE2_ADV_X1Y2       PLLE2_ADV (Prop_plle2_adv_CLKIN1_CLKOUT2)
                                                     -2.828    -1.916 r  pll_inst/inst/plle2_adv_inst/CLKOUT2
                         net (fo=1, routed)           0.595    -1.322    pll_inst/inst/clk_out3_clk_wiz_0
    BUFGCTRL_X0Y2        BUFG (Prop_bufg_I_O)         0.029    -1.293 r  pll_inst/inst/clkout3_buf/O
                         net (fo=2500, routed)        1.030    -0.263    cpu/alu/multiplier_word/clk_out3
    SLICE_X21Y27         FDCE                                         r  cpu/alu/multiplier_word/prod_high_reg[23]/C
                         clock pessimism             -0.196    -0.459    
    SLICE_X21Y27         FDCE (Remov_fdce_C_CLR)     -0.092    -0.551    cpu/alu/multiplier_word/prod_high_reg[23]
  -------------------------------------------------------------------
                         required time                          0.551    
                         arrival time                           0.015    
  -------------------------------------------------------------------
                         slack                                  0.566    

Slack (MET) :             0.566ns  (arrival time - required time)
  Source:                 rst_sys_sync_reg[2]/C
                            (rising edge-triggered cell FDPE clocked by clk_out3_clk_wiz_0_1  {rise@0.000ns fall@5.000ns period=10.000ns})
  Destination:            cpu/alu/multiplier_word/prod_high_reg[25]/CLR
                            (removal check against rising-edge clock clk_out3_clk_wiz_0_1  {rise@0.000ns fall@5.000ns period=10.000ns})
  Path Group:             **async_default**
  Path Type:              Removal (Min at Fast Process Corner)
  Requirement:            0.000ns  (clk_out3_clk_wiz_0_1 rise@0.000ns - clk_out3_clk_wiz_0_1 rise@0.000ns)
  Data Path Delay:        0.508ns  (logic 0.164ns (32.280%)  route 0.344ns (67.720%))
  Logic Levels:           0  
  Clock Path Skew:        0.034ns (DCD - SCD - CPR)
    Destination Clock Delay (DCD):    -0.263ns
    Source Clock Delay      (SCD):    -0.493ns
    Clock Pessimism Removal (CPR):    0.196ns

    Location             Delay type                Incr(ns)  Path(ns)    Netlist Resource(s)
  -------------------------------------------------------------------    -------------------
                         (clock clk_out3_clk_wiz_0_1 rise edge)
                                                      0.000     0.000 r  
    R4                                                0.000     0.000 r  CLK100MHZ (IN)
                         net (fo=0)                   0.000     0.000    pll_inst/inst/clk_in1
    R4                   IBUF (Prop_ibuf_I_O)         0.243     0.243 r  pll_inst/inst/clkin1_ibufg/O
                         net (fo=1, routed)           0.440     0.683    pll_inst/inst/clk_in1_clk_wiz_0
    PLLE2_ADV_X1Y2       PLLE2_ADV (Prop_plle2_adv_CLKIN1_CLKOUT2)
                                                     -2.503    -1.819 r  pll_inst/inst/plle2_adv_inst/CLKOUT2
                         net (fo=1, routed)           0.546    -1.273    pll_inst/inst/clk_out3_clk_wiz_0
    BUFGCTRL_X0Y2        BUFG (Prop_bufg_I_O)         0.026    -1.247 r  pll_inst/inst/clkout3_buf/O
                         net (fo=2500, routed)        0.755    -0.493    sys_clk
    SLICE_X18Y29         FDPE                                         r  rst_sys_sync_reg[2]/C
  -------------------------------------------------------------------    -------------------
    SLICE_X18Y29         FDPE (Prop_fdpe_C_Q)         0.164    -0.329 f  rst_sys_sync_reg[2]/Q
                         net (fo=1032, routed)        0.344     0.015    cpu/alu/multiplier_word/prod_low_reg[0]_1[0]
    SLICE_X21Y27         FDCE                                         f  cpu/alu/multiplier_word/prod_high_reg[25]/CLR
  -------------------------------------------------------------------    -------------------

                         (clock clk_out3_clk_wiz_0_1 rise edge)
                                                      0.000     0.000 r  
    R4                                                0.000     0.000 r  CLK100MHZ (IN)
                         net (fo=0)                   0.000     0.000    pll_inst/inst/clk_in1
    R4                   IBUF (Prop_ibuf_I_O)         0.431     0.431 r  pll_inst/inst/clkin1_ibufg/O
                         net (fo=1, routed)           0.481     0.912    pll_inst/inst/clk_in1_clk_wiz_0
    PLLE2_ADV_X1Y2       PLLE2_ADV (Prop_plle2_adv_CLKIN1_CLKOUT2)
                                                     -2.828    -1.916 r  pll_inst/inst/plle2_adv_inst/CLKOUT2
                         net (fo=1, routed)           0.595    -1.322    pll_inst/inst/clk_out3_clk_wiz_0
    BUFGCTRL_X0Y2        BUFG (Prop_bufg_I_O)         0.029    -1.293 r  pll_inst/inst/clkout3_buf/O
                         net (fo=2500, routed)        1.030    -0.263    cpu/alu/multiplier_word/clk_out3
    SLICE_X21Y27         FDCE                                         r  cpu/alu/multiplier_word/prod_high_reg[25]/C
                         clock pessimism             -0.196    -0.459    
    SLICE_X21Y27         FDCE (Remov_fdce_C_CLR)     -0.092    -0.551    cpu/alu/multiplier_word/prod_high_reg[25]
  -------------------------------------------------------------------
                         required time                          0.551    
                         arrival time                           0.015    
  -------------------------------------------------------------------
                         slack                                  0.566    

Slack (MET) :             0.566ns  (arrival time - required time)
  Source:                 rst_sys_sync_reg[2]/C
                            (rising edge-triggered cell FDPE clocked by clk_out3_clk_wiz_0_1  {rise@0.000ns fall@5.000ns period=10.000ns})
  Destination:            cpu/alu/multiplier_word/prod_high_reg[27]/CLR
                            (removal check against rising-edge clock clk_out3_clk_wiz_0_1  {rise@0.000ns fall@5.000ns period=10.000ns})
  Path Group:             **async_default**
  Path Type:              Removal (Min at Fast Process Corner)
  Requirement:            0.000ns  (clk_out3_clk_wiz_0_1 rise@0.000ns - clk_out3_clk_wiz_0_1 rise@0.000ns)
  Data Path Delay:        0.508ns  (logic 0.164ns (32.280%)  route 0.344ns (67.720%))
  Logic Levels:           0  
  Clock Path Skew:        0.034ns (DCD - SCD - CPR)
    Destination Clock Delay (DCD):    -0.263ns
    Source Clock Delay      (SCD):    -0.493ns
    Clock Pessimism Removal (CPR):    0.196ns

    Location             Delay type                Incr(ns)  Path(ns)    Netlist Resource(s)
  -------------------------------------------------------------------    -------------------
                         (clock clk_out3_clk_wiz_0_1 rise edge)
                                                      0.000     0.000 r  
    R4                                                0.000     0.000 r  CLK100MHZ (IN)
                         net (fo=0)                   0.000     0.000    pll_inst/inst/clk_in1
    R4                   IBUF (Prop_ibuf_I_O)         0.243     0.243 r  pll_inst/inst/clkin1_ibufg/O
                         net (fo=1, routed)           0.440     0.683    pll_inst/inst/clk_in1_clk_wiz_0
    PLLE2_ADV_X1Y2       PLLE2_ADV (Prop_plle2_adv_CLKIN1_CLKOUT2)
                                                     -2.503    -1.819 r  pll_inst/inst/plle2_adv_inst/CLKOUT2
                         net (fo=1, routed)           0.546    -1.273    pll_inst/inst/clk_out3_clk_wiz_0
    BUFGCTRL_X0Y2        BUFG (Prop_bufg_I_O)         0.026    -1.247 r  pll_inst/inst/clkout3_buf/O
                         net (fo=2500, routed)        0.755    -0.493    sys_clk
    SLICE_X18Y29         FDPE                                         r  rst_sys_sync_reg[2]/C
  -------------------------------------------------------------------    -------------------
    SLICE_X18Y29         FDPE (Prop_fdpe_C_Q)         0.164    -0.329 f  rst_sys_sync_reg[2]/Q
                         net (fo=1032, routed)        0.344     0.015    cpu/alu/multiplier_word/prod_low_reg[0]_1[0]
    SLICE_X21Y27         FDCE                                         f  cpu/alu/multiplier_word/prod_high_reg[27]/CLR
  -------------------------------------------------------------------    -------------------

                         (clock clk_out3_clk_wiz_0_1 rise edge)
                                                      0.000     0.000 r  
    R4                                                0.000     0.000 r  CLK100MHZ (IN)
                         net (fo=0)                   0.000     0.000    pll_inst/inst/clk_in1
    R4                   IBUF (Prop_ibuf_I_O)         0.431     0.431 r  pll_inst/inst/clkin1_ibufg/O
                         net (fo=1, routed)           0.481     0.912    pll_inst/inst/clk_in1_clk_wiz_0
    PLLE2_ADV_X1Y2       PLLE2_ADV (Prop_plle2_adv_CLKIN1_CLKOUT2)
                                                     -2.828    -1.916 r  pll_inst/inst/plle2_adv_inst/CLKOUT2
                         net (fo=1, routed)           0.595    -1.322    pll_inst/inst/clk_out3_clk_wiz_0
    BUFGCTRL_X0Y2        BUFG (Prop_bufg_I_O)         0.029    -1.293 r  pll_inst/inst/clkout3_buf/O
                         net (fo=2500, routed)        1.030    -0.263    cpu/alu/multiplier_word/clk_out3
    SLICE_X21Y27         FDCE                                         r  cpu/alu/multiplier_word/prod_high_reg[27]/C
                         clock pessimism             -0.196    -0.459    
    SLICE_X21Y27         FDCE (Remov_fdce_C_CLR)     -0.092    -0.551    cpu/alu/multiplier_word/prod_high_reg[27]
  -------------------------------------------------------------------
                         required time                          0.551    
                         arrival time                           0.015    
  -------------------------------------------------------------------
                         slack                                  0.566    

Slack (MET) :             0.566ns  (arrival time - required time)
  Source:                 rst_sys_sync_reg[2]/C
                            (rising edge-triggered cell FDPE clocked by clk_out3_clk_wiz_0_1  {rise@0.000ns fall@5.000ns period=10.000ns})
  Destination:            cpu/alu/multiplier_word/prod_high_reg[29]/CLR
                            (removal check against rising-edge clock clk_out3_clk_wiz_0_1  {rise@0.000ns fall@5.000ns period=10.000ns})
  Path Group:             **async_default**
  Path Type:              Removal (Min at Fast Process Corner)
  Requirement:            0.000ns  (clk_out3_clk_wiz_0_1 rise@0.000ns - clk_out3_clk_wiz_0_1 rise@0.000ns)
  Data Path Delay:        0.508ns  (logic 0.164ns (32.280%)  route 0.344ns (67.720%))
  Logic Levels:           0  
  Clock Path Skew:        0.034ns (DCD - SCD - CPR)
    Destination Clock Delay (DCD):    -0.263ns
    Source Clock Delay      (SCD):    -0.493ns
    Clock Pessimism Removal (CPR):    0.196ns

    Location             Delay type                Incr(ns)  Path(ns)    Netlist Resource(s)
  -------------------------------------------------------------------    -------------------
                         (clock clk_out3_clk_wiz_0_1 rise edge)
                                                      0.000     0.000 r  
    R4                                                0.000     0.000 r  CLK100MHZ (IN)
                         net (fo=0)                   0.000     0.000    pll_inst/inst/clk_in1
    R4                   IBUF (Prop_ibuf_I_O)         0.243     0.243 r  pll_inst/inst/clkin1_ibufg/O
                         net (fo=1, routed)           0.440     0.683    pll_inst/inst/clk_in1_clk_wiz_0
    PLLE2_ADV_X1Y2       PLLE2_ADV (Prop_plle2_adv_CLKIN1_CLKOUT2)
                                                     -2.503    -1.819 r  pll_inst/inst/plle2_adv_inst/CLKOUT2
                         net (fo=1, routed)           0.546    -1.273    pll_inst/inst/clk_out3_clk_wiz_0
    BUFGCTRL_X0Y2        BUFG (Prop_bufg_I_O)         0.026    -1.247 r  pll_inst/inst/clkout3_buf/O
                         net (fo=2500, routed)        0.755    -0.493    sys_clk
    SLICE_X18Y29         FDPE                                         r  rst_sys_sync_reg[2]/C
  -------------------------------------------------------------------    -------------------
    SLICE_X18Y29         FDPE (Prop_fdpe_C_Q)         0.164    -0.329 f  rst_sys_sync_reg[2]/Q
                         net (fo=1032, routed)        0.344     0.015    cpu/alu/multiplier_word/prod_low_reg[0]_1[0]
    SLICE_X21Y27         FDCE                                         f  cpu/alu/multiplier_word/prod_high_reg[29]/CLR
  -------------------------------------------------------------------    -------------------

                         (clock clk_out3_clk_wiz_0_1 rise edge)
                                                      0.000     0.000 r  
    R4                                                0.000     0.000 r  CLK100MHZ (IN)
                         net (fo=0)                   0.000     0.000    pll_inst/inst/clk_in1
    R4                   IBUF (Prop_ibuf_I_O)         0.431     0.431 r  pll_inst/inst/clkin1_ibufg/O
                         net (fo=1, routed)           0.481     0.912    pll_inst/inst/clk_in1_clk_wiz_0
    PLLE2_ADV_X1Y2       PLLE2_ADV (Prop_plle2_adv_CLKIN1_CLKOUT2)
                                                     -2.828    -1.916 r  pll_inst/inst/plle2_adv_inst/CLKOUT2
                         net (fo=1, routed)           0.595    -1.322    pll_inst/inst/clk_out3_clk_wiz_0
    BUFGCTRL_X0Y2        BUFG (Prop_bufg_I_O)         0.029    -1.293 r  pll_inst/inst/clkout3_buf/O
                         net (fo=2500, routed)        1.030    -0.263    cpu/alu/multiplier_word/clk_out3
    SLICE_X21Y27         FDCE                                         r  cpu/alu/multiplier_word/prod_high_reg[29]/C
                         clock pessimism             -0.196    -0.459    
    SLICE_X21Y27         FDCE (Remov_fdce_C_CLR)     -0.092    -0.551    cpu/alu/multiplier_word/prod_high_reg[29]
  -------------------------------------------------------------------
                         required time                          0.551    
                         arrival time                           0.015    
  -------------------------------------------------------------------
                         slack                                  0.566    

Slack (MET) :             0.570ns  (arrival time - required time)
  Source:                 rst_sys_sync_reg[2]/C
                            (rising edge-triggered cell FDPE clocked by clk_out3_clk_wiz_0_1  {rise@0.000ns fall@5.000ns period=10.000ns})
  Destination:            cpu/alu/multiplier_word/prod_high_reg[24]/CLR
                            (removal check against rising-edge clock clk_out3_clk_wiz_0_1  {rise@0.000ns fall@5.000ns period=10.000ns})
  Path Group:             **async_default**
  Path Type:              Removal (Min at Fast Process Corner)
  Requirement:            0.000ns  (clk_out3_clk_wiz_0_1 rise@0.000ns - clk_out3_clk_wiz_0_1 rise@0.000ns)
  Data Path Delay:        0.512ns  (logic 0.164ns (32.024%)  route 0.348ns (67.976%))
  Logic Levels:           0  
  Clock Path Skew:        0.034ns (DCD - SCD - CPR)
    Destination Clock Delay (DCD):    -0.263ns
    Source Clock Delay      (SCD):    -0.493ns
    Clock Pessimism Removal (CPR):    0.196ns

    Location             Delay type                Incr(ns)  Path(ns)    Netlist Resource(s)
  -------------------------------------------------------------------    -------------------
                         (clock clk_out3_clk_wiz_0_1 rise edge)
                                                      0.000     0.000 r  
    R4                                                0.000     0.000 r  CLK100MHZ (IN)
                         net (fo=0)                   0.000     0.000    pll_inst/inst/clk_in1
    R4                   IBUF (Prop_ibuf_I_O)         0.243     0.243 r  pll_inst/inst/clkin1_ibufg/O
                         net (fo=1, routed)           0.440     0.683    pll_inst/inst/clk_in1_clk_wiz_0
    PLLE2_ADV_X1Y2       PLLE2_ADV (Prop_plle2_adv_CLKIN1_CLKOUT2)
                                                     -2.503    -1.819 r  pll_inst/inst/plle2_adv_inst/CLKOUT2
                         net (fo=1, routed)           0.546    -1.273    pll_inst/inst/clk_out3_clk_wiz_0
    BUFGCTRL_X0Y2        BUFG (Prop_bufg_I_O)         0.026    -1.247 r  pll_inst/inst/clkout3_buf/O
                         net (fo=2500, routed)        0.755    -0.493    sys_clk
    SLICE_X18Y29         FDPE                                         r  rst_sys_sync_reg[2]/C
  -------------------------------------------------------------------    -------------------
    SLICE_X18Y29         FDPE (Prop_fdpe_C_Q)         0.164    -0.329 f  rst_sys_sync_reg[2]/Q
                         net (fo=1032, routed)        0.348     0.020    cpu/alu/multiplier_word/prod_low_reg[0]_1[0]
    SLICE_X23Y27         FDCE                                         f  cpu/alu/multiplier_word/prod_high_reg[24]/CLR
  -------------------------------------------------------------------    -------------------

                         (clock clk_out3_clk_wiz_0_1 rise edge)
                                                      0.000     0.000 r  
    R4                                                0.000     0.000 r  CLK100MHZ (IN)
                         net (fo=0)                   0.000     0.000    pll_inst/inst/clk_in1
    R4                   IBUF (Prop_ibuf_I_O)         0.431     0.431 r  pll_inst/inst/clkin1_ibufg/O
                         net (fo=1, routed)           0.481     0.912    pll_inst/inst/clk_in1_clk_wiz_0
    PLLE2_ADV_X1Y2       PLLE2_ADV (Prop_plle2_adv_CLKIN1_CLKOUT2)
                                                     -2.828    -1.916 r  pll_inst/inst/plle2_adv_inst/CLKOUT2
                         net (fo=1, routed)           0.595    -1.322    pll_inst/inst/clk_out3_clk_wiz_0
    BUFGCTRL_X0Y2        BUFG (Prop_bufg_I_O)         0.029    -1.293 r  pll_inst/inst/clkout3_buf/O
                         net (fo=2500, routed)        1.030    -0.263    cpu/alu/multiplier_word/clk_out3
    SLICE_X23Y27         FDCE                                         r  cpu/alu/multiplier_word/prod_high_reg[24]/C
                         clock pessimism             -0.196    -0.459    
    SLICE_X23Y27         FDCE (Remov_fdce_C_CLR)     -0.092    -0.551    cpu/alu/multiplier_word/prod_high_reg[24]
  -------------------------------------------------------------------
                         required time                          0.551    
                         arrival time                           0.020    
  -------------------------------------------------------------------
                         slack                                  0.570    





--------------------------------------------------------------------------------------
Path Group:  (none)
From Clock:  clk_out1_clk_wiz_0_1
  To Clock:  clk_out1_clk_wiz_0_1

Max Delay             2 Endpoints
Min Delay             2 Endpoints
--------------------------------------------------------------------------------------


Max Delay Paths
--------------------------------------------------------------------------------------
Slack:                    inf
  Source:                 rst_pix_sync_reg[2]/C
                            (rising edge-triggered cell FDPE clocked by clk_out1_clk_wiz_0_1  {rise@0.000ns fall@20.000ns period=40.000ns})
  Destination:            hdmi_encoder/U0/LockLostReset/SyncAsyncx/oSyncStages_reg[0]/PRE
                            (recovery check against rising-edge clock clk_out1_clk_wiz_0_1  {rise@0.000ns fall@20.000ns period=40.000ns})
  Path Group:             (none)
  Path Type:              Recovery (Max at Slow Process Corner)
  Data Path Delay:        5.170ns  (logic 0.518ns (10.020%)  route 4.652ns (89.980%))
  Logic Levels:           0  
  Clock Path Skew:        0.391ns (DCD - SCD + CPR)
    Destination Clock Delay (DCD):    -2.104ns
    Source Clock Delay      (SCD):    -2.496ns
    Clock Pessimism Removal (CPR):    0.000ns
  Clock Uncertainty:      0.091ns  ((TSJ^2 + DJ^2)^1/2) / 2 + PE
    Total System Jitter     (TSJ):    0.071ns
    Discrete Jitter          (DJ):    0.168ns
    Phase Error              (PE):    0.000ns
  Timing Exception:       False Path

    Location             Delay type                Incr(ns)  Path(ns)    Netlist Resource(s)
  -------------------------------------------------------------------    -------------------
                         (clock clk_out1_clk_wiz_0_1 rise edge)
                                                      0.000     0.000 r  
    R4                                                0.000     0.000 r  CLK100MHZ (IN)
                         net (fo=0)                   0.000     0.000    pll_inst/inst/clk_in1
    R4                   IBUF (Prop_ibuf_I_O)         1.475     1.475 r  pll_inst/inst/clkin1_ibufg/O
                         net (fo=1, routed)           1.253     2.728    pll_inst/inst/clk_in1_clk_wiz_0
    PLLE2_ADV_X1Y2       PLLE2_ADV (Prop_plle2_adv_CLKIN1_CLKOUT0)
                                                     -8.953    -6.225 r  pll_inst/inst/plle2_adv_inst/CLKOUT0
                         net (fo=1, routed)           1.802    -4.422    pll_inst/inst/clk_out1_clk_wiz_0
    BUFGCTRL_X0Y0        BUFG (Prop_bufg_I_O)         0.096    -4.326 r  pll_inst/inst/clkout1_buf/O
                         net (fo=251, routed)         1.830    -2.496    pixel_clk
    SLICE_X72Y89         FDPE                                         r  rst_pix_sync_reg[2]/C
  -------------------------------------------------------------------    -------------------
    SLICE_X72Y89         FDPE (Prop_fdpe_C_Q)         0.518    -1.978 f  rst_pix_sync_reg[2]/Q
                         net (fo=97, routed)          4.652     2.674    hdmi_encoder/U0/LockLostReset/SyncAsyncx/AS[0]
    SLICE_X158Y136       FDPE                                         f  hdmi_encoder/U0/LockLostReset/SyncAsyncx/oSyncStages_reg[0]/PRE
  -------------------------------------------------------------------    -------------------

                         (clock clk_out1_clk_wiz_0_1 rise edge)
                                                      0.000     0.000 r  
    R4                                                0.000     0.000 r  CLK100MHZ (IN)
                         net (fo=0)                   0.000     0.000    pll_inst/inst/clk_in1
    R4                   IBUF (Prop_ibuf_I_O)         1.405     1.405 r  pll_inst/inst/clkin1_ibufg/O
                         net (fo=1, routed)           1.181     2.586    pll_inst/inst/clk_in1_clk_wiz_0
    PLLE2_ADV_X1Y2       PLLE2_ADV (Prop_plle2_adv_CLKIN1_CLKOUT0)
                                                     -8.206    -5.620 r  pll_inst/inst/plle2_adv_inst/CLKOUT0
                         net (fo=1, routed)           1.718    -3.902    pll_inst/inst/clk_out1_clk_wiz_0
    BUFGCTRL_X0Y0        BUFG (Prop_bufg_I_O)         0.091    -3.811 r  pll_inst/inst/clkout1_buf/O
                         net (fo=251, routed)         1.706    -2.104    hdmi_encoder/U0/LockLostReset/SyncAsyncx/PixelClk
    SLICE_X158Y136       FDPE                                         r  hdmi_encoder/U0/LockLostReset/SyncAsyncx/oSyncStages_reg[0]/C

Slack:                    inf
  Source:                 rst_pix_sync_reg[2]/C
                            (rising edge-triggered cell FDPE clocked by clk_out1_clk_wiz_0_1  {rise@0.000ns fall@20.000ns period=40.000ns})
  Destination:            hdmi_encoder/U0/LockLostReset/SyncAsyncx/oSyncStages_reg[1]/PRE
                            (recovery check against rising-edge clock clk_out1_clk_wiz_0_1  {rise@0.000ns fall@20.000ns period=40.000ns})
  Path Group:             (none)
  Path Type:              Recovery (Max at Slow Process Corner)
  Data Path Delay:        5.170ns  (logic 0.518ns (10.020%)  route 4.652ns (89.980%))
  Logic Levels:           0  
  Clock Path Skew:        0.391ns (DCD - SCD + CPR)
    Destination Clock Delay (DCD):    -2.104ns
    Source Clock Delay      (SCD):    -2.496ns
    Clock Pessimism Removal (CPR):    0.000ns
  Clock Uncertainty:      0.091ns  ((TSJ^2 + DJ^2)^1/2) / 2 + PE
    Total System Jitter     (TSJ):    0.071ns
    Discrete Jitter          (DJ):    0.168ns
    Phase Error              (PE):    0.000ns
  Timing Exception:       False Path

    Location             Delay type                Incr(ns)  Path(ns)    Netlist Resource(s)
  -------------------------------------------------------------------    -------------------
                         (clock clk_out1_clk_wiz_0_1 rise edge)
                                                      0.000     0.000 r  
    R4                                                0.000     0.000 r  CLK100MHZ (IN)
                         net (fo=0)                   0.000     0.000    pll_inst/inst/clk_in1
    R4                   IBUF (Prop_ibuf_I_O)         1.475     1.475 r  pll_inst/inst/clkin1_ibufg/O
                         net (fo=1, routed)           1.253     2.728    pll_inst/inst/clk_in1_clk_wiz_0
    PLLE2_ADV_X1Y2       PLLE2_ADV (Prop_plle2_adv_CLKIN1_CLKOUT0)
                                                     -8.953    -6.225 r  pll_inst/inst/plle2_adv_inst/CLKOUT0
                         net (fo=1, routed)           1.802    -4.422    pll_inst/inst/clk_out1_clk_wiz_0
    BUFGCTRL_X0Y0        BUFG (Prop_bufg_I_O)         0.096    -4.326 r  pll_inst/inst/clkout1_buf/O
                         net (fo=251, routed)         1.830    -2.496    pixel_clk
    SLICE_X72Y89         FDPE                                         r  rst_pix_sync_reg[2]/C
  -------------------------------------------------------------------    -------------------
    SLICE_X72Y89         FDPE (Prop_fdpe_C_Q)         0.518    -1.978 f  rst_pix_sync_reg[2]/Q
                         net (fo=97, routed)          4.652     2.674    hdmi_encoder/U0/LockLostReset/SyncAsyncx/AS[0]
    SLICE_X158Y136       FDPE                                         f  hdmi_encoder/U0/LockLostReset/SyncAsyncx/oSyncStages_reg[1]/PRE
  -------------------------------------------------------------------    -------------------

                         (clock clk_out1_clk_wiz_0_1 rise edge)
                                                      0.000     0.000 r  
    R4                                                0.000     0.000 r  CLK100MHZ (IN)
                         net (fo=0)                   0.000     0.000    pll_inst/inst/clk_in1
    R4                   IBUF (Prop_ibuf_I_O)         1.405     1.405 r  pll_inst/inst/clkin1_ibufg/O
                         net (fo=1, routed)           1.181     2.586    pll_inst/inst/clk_in1_clk_wiz_0
    PLLE2_ADV_X1Y2       PLLE2_ADV (Prop_plle2_adv_CLKIN1_CLKOUT0)
                                                     -8.206    -5.620 r  pll_inst/inst/plle2_adv_inst/CLKOUT0
                         net (fo=1, routed)           1.718    -3.902    pll_inst/inst/clk_out1_clk_wiz_0
    BUFGCTRL_X0Y0        BUFG (Prop_bufg_I_O)         0.091    -3.811 r  pll_inst/inst/clkout1_buf/O
                         net (fo=251, routed)         1.706    -2.104    hdmi_encoder/U0/LockLostReset/SyncAsyncx/PixelClk
    SLICE_X158Y136       FDPE                                         r  hdmi_encoder/U0/LockLostReset/SyncAsyncx/oSyncStages_reg[1]/C





Min Delay Paths
--------------------------------------------------------------------------------------
Slack:                    inf
  Source:                 rst_pix_sync_reg[2]/C
                            (rising edge-triggered cell FDPE clocked by clk_out1_clk_wiz_0_1  {rise@0.000ns fall@20.000ns period=40.000ns})
  Destination:            hdmi_encoder/U0/LockLostReset/SyncAsyncx/oSyncStages_reg[0]/PRE
                            (removal check against rising-edge clock clk_out1_clk_wiz_0_1  {rise@0.000ns fall@20.000ns period=40.000ns})
  Path Group:             (none)
  Path Type:              Removal (Min at Fast Process Corner)
  Data Path Delay:        2.243ns  (logic 0.164ns (7.313%)  route 2.079ns (92.687%))
  Logic Levels:           0  
  Clock Path Skew:        0.228ns (DCD - SCD - CPR)
    Destination Clock Delay (DCD):    -0.378ns
    Source Clock Delay      (SCD):    -0.606ns
    Clock Pessimism Removal (CPR):    -0.000ns
  Clock Uncertainty:      0.091ns  ((TSJ^2 + DJ^2)^1/2) / 2 + PE
    Total System Jitter     (TSJ):    0.071ns
    Discrete Jitter          (DJ):    0.168ns
    Phase Error              (PE):    0.000ns
  Timing Exception:       False Path

    Location             Delay type                Incr(ns)  Path(ns)    Netlist Resource(s)
  -------------------------------------------------------------------    -------------------
                         (clock clk_out1_clk_wiz_0_1 rise edge)
                                                      0.000     0.000 r  
    R4                                                0.000     0.000 r  CLK100MHZ (IN)
                         net (fo=0)                   0.000     0.000    pll_inst/inst/clk_in1
    R4                   IBUF (Prop_ibuf_I_O)         0.243     0.243 r  pll_inst/inst/clkin1_ibufg/O
                         net (fo=1, routed)           0.440     0.683    pll_inst/inst/clk_in1_clk_wiz_0
    PLLE2_ADV_X1Y2       PLLE2_ADV (Prop_plle2_adv_CLKIN1_CLKOUT0)
                                                     -2.503    -1.819 r  pll_inst/inst/plle2_adv_inst/CLKOUT0
                         net (fo=1, routed)           0.546    -1.273    pll_inst/inst/clk_out1_clk_wiz_0
    BUFGCTRL_X0Y0        BUFG (Prop_bufg_I_O)         0.026    -1.247 r  pll_inst/inst/clkout1_buf/O
                         net (fo=251, routed)         0.641    -0.606    pixel_clk
    SLICE_X72Y89         FDPE                                         r  rst_pix_sync_reg[2]/C
  -------------------------------------------------------------------    -------------------
    SLICE_X72Y89         FDPE (Prop_fdpe_C_Q)         0.164    -0.442 f  rst_pix_sync_reg[2]/Q
                         net (fo=97, routed)          2.079     1.636    hdmi_encoder/U0/LockLostReset/SyncAsyncx/AS[0]
    SLICE_X158Y136       FDPE                                         f  hdmi_encoder/U0/LockLostReset/SyncAsyncx/oSyncStages_reg[0]/PRE
  -------------------------------------------------------------------    -------------------

                         (clock clk_out1_clk_wiz_0_1 rise edge)
                                                      0.000     0.000 r  
    R4                                                0.000     0.000 r  CLK100MHZ (IN)
                         net (fo=0)                   0.000     0.000    pll_inst/inst/clk_in1
    R4                   IBUF (Prop_ibuf_I_O)         0.431     0.431 r  pll_inst/inst/clkin1_ibufg/O
                         net (fo=1, routed)           0.481     0.912    pll_inst/inst/clk_in1_clk_wiz_0
    PLLE2_ADV_X1Y2       PLLE2_ADV (Prop_plle2_adv_CLKIN1_CLKOUT0)
                                                     -2.828    -1.916 r  pll_inst/inst/plle2_adv_inst/CLKOUT0
                         net (fo=1, routed)           0.595    -1.322    pll_inst/inst/clk_out1_clk_wiz_0
    BUFGCTRL_X0Y0        BUFG (Prop_bufg_I_O)         0.029    -1.293 r  pll_inst/inst/clkout1_buf/O
                         net (fo=251, routed)         0.915    -0.378    hdmi_encoder/U0/LockLostReset/SyncAsyncx/PixelClk
    SLICE_X158Y136       FDPE                                         r  hdmi_encoder/U0/LockLostReset/SyncAsyncx/oSyncStages_reg[0]/C

Slack:                    inf
  Source:                 rst_pix_sync_reg[2]/C
                            (rising edge-triggered cell FDPE clocked by clk_out1_clk_wiz_0_1  {rise@0.000ns fall@20.000ns period=40.000ns})
  Destination:            hdmi_encoder/U0/LockLostReset/SyncAsyncx/oSyncStages_reg[1]/PRE
                            (removal check against rising-edge clock clk_out1_clk_wiz_0_1  {rise@0.000ns fall@20.000ns period=40.000ns})
  Path Group:             (none)
  Path Type:              Removal (Min at Fast Process Corner)
  Data Path Delay:        2.243ns  (logic 0.164ns (7.313%)  route 2.079ns (92.687%))
  Logic Levels:           0  
  Clock Path Skew:        0.228ns (DCD - SCD - CPR)
    Destination Clock Delay (DCD):    -0.378ns
    Source Clock Delay      (SCD):    -0.606ns
    Clock Pessimism Removal (CPR):    -0.000ns
  Clock Uncertainty:      0.091ns  ((TSJ^2 + DJ^2)^1/2) / 2 + PE
    Total System Jitter     (TSJ):    0.071ns
    Discrete Jitter          (DJ):    0.168ns
    Phase Error              (PE):    0.000ns
  Timing Exception:       False Path

    Location             Delay type                Incr(ns)  Path(ns)    Netlist Resource(s)
  -------------------------------------------------------------------    -------------------
                         (clock clk_out1_clk_wiz_0_1 rise edge)
                                                      0.000     0.000 r  
    R4                                                0.000     0.000 r  CLK100MHZ (IN)
                         net (fo=0)                   0.000     0.000    pll_inst/inst/clk_in1
    R4                   IBUF (Prop_ibuf_I_O)         0.243     0.243 r  pll_inst/inst/clkin1_ibufg/O
                         net (fo=1, routed)           0.440     0.683    pll_inst/inst/clk_in1_clk_wiz_0
    PLLE2_ADV_X1Y2       PLLE2_ADV (Prop_plle2_adv_CLKIN1_CLKOUT0)
                                                     -2.503    -1.819 r  pll_inst/inst/plle2_adv_inst/CLKOUT0
                         net (fo=1, routed)           0.546    -1.273    pll_inst/inst/clk_out1_clk_wiz_0
    BUFGCTRL_X0Y0        BUFG (Prop_bufg_I_O)         0.026    -1.247 r  pll_inst/inst/clkout1_buf/O
                         net (fo=251, routed)         0.641    -0.606    pixel_clk
    SLICE_X72Y89         FDPE                                         r  rst_pix_sync_reg[2]/C
  -------------------------------------------------------------------    -------------------
    SLICE_X72Y89         FDPE (Prop_fdpe_C_Q)         0.164    -0.442 f  rst_pix_sync_reg[2]/Q
                         net (fo=97, routed)          2.079     1.636    hdmi_encoder/U0/LockLostReset/SyncAsyncx/AS[0]
    SLICE_X158Y136       FDPE                                         f  hdmi_encoder/U0/LockLostReset/SyncAsyncx/oSyncStages_reg[1]/PRE
  -------------------------------------------------------------------    -------------------

                         (clock clk_out1_clk_wiz_0_1 rise edge)
                                                      0.000     0.000 r  
    R4                                                0.000     0.000 r  CLK100MHZ (IN)
                         net (fo=0)                   0.000     0.000    pll_inst/inst/clk_in1
    R4                   IBUF (Prop_ibuf_I_O)         0.431     0.431 r  pll_inst/inst/clkin1_ibufg/O
                         net (fo=1, routed)           0.481     0.912    pll_inst/inst/clk_in1_clk_wiz_0
    PLLE2_ADV_X1Y2       PLLE2_ADV (Prop_plle2_adv_CLKIN1_CLKOUT0)
                                                     -2.828    -1.916 r  pll_inst/inst/plle2_adv_inst/CLKOUT0
                         net (fo=1, routed)           0.595    -1.322    pll_inst/inst/clk_out1_clk_wiz_0
    BUFGCTRL_X0Y0        BUFG (Prop_bufg_I_O)         0.029    -1.293 r  pll_inst/inst/clkout1_buf/O
                         net (fo=251, routed)         0.915    -0.378    hdmi_encoder/U0/LockLostReset/SyncAsyncx/PixelClk
    SLICE_X158Y136       FDPE                                         r  hdmi_encoder/U0/LockLostReset/SyncAsyncx/oSyncStages_reg[1]/C





--------------------------------------------------------------------------------------
Path Group:  (none)
From Clock:  clk_out1_clk_wiz_0_1
  To Clock:  

Max Delay             2 Endpoints
Min Delay             2 Endpoints
--------------------------------------------------------------------------------------


Max Delay Paths
--------------------------------------------------------------------------------------
Slack:                    inf
  Source:                 inhibit_done_reg/C
                            (rising edge-triggered cell FDCE clocked by clk_out1_clk_wiz_0_1  {rise@0.000ns fall@20.000ns period=40.000ns})
  Destination:            LED[3]
                            (output port)
  Path Group:             (none)
  Path Type:              Max at Slow Process Corner
  Data Path Delay:        6.503ns  (logic 3.373ns (51.869%)  route 3.130ns (48.131%))
  Logic Levels:           1  (OBUF=1)
  Clock Uncertainty:      0.186ns  ((TSJ^2 + DJ^2)^1/2) / 2 + PE
    Total System Jitter     (TSJ):    0.050ns
    Discrete Jitter          (DJ):    0.168ns
    Phase Error              (PE):    0.099ns

    Location             Delay type                Incr(ns)  Path(ns)    Netlist Resource(s)
  -------------------------------------------------------------------    -------------------
                         (clock clk_out1_clk_wiz_0_1 rise edge)
                                                      0.000     0.000 r  
    R4                                                0.000     0.000 r  CLK100MHZ (IN)
                         net (fo=0)                   0.000     0.000    pll_inst/inst/clk_in1
    R4                   IBUF (Prop_ibuf_I_O)         1.475     1.475 r  pll_inst/inst/clkin1_ibufg/O
                         net (fo=1, routed)           1.253     2.728    pll_inst/inst/clk_in1_clk_wiz_0
    PLLE2_ADV_X1Y2       PLLE2_ADV (Prop_plle2_adv_CLKIN1_CLKOUT0)
                                                     -8.953    -6.225 r  pll_inst/inst/plle2_adv_inst/CLKOUT0
                         net (fo=1, routed)           1.802    -4.422    pll_inst/inst/clk_out1_clk_wiz_0
    BUFGCTRL_X0Y0        BUFG (Prop_bufg_I_O)         0.096    -4.326 r  pll_inst/inst/clkout1_buf/O
                         net (fo=251, routed)         1.850    -2.476    pixel_clk
    SLICE_X5Y104         FDCE                                         r  inhibit_done_reg/C
  -------------------------------------------------------------------    -------------------
    SLICE_X5Y104         FDCE (Prop_fdce_C_Q)         0.456    -2.020 r  inhibit_done_reg/Q
                         net (fo=4, routed)           3.130     1.110    LED_OBUF[3]
    U16                  OBUF (Prop_obuf_I_O)         2.917     4.028 r  LED_OBUF[3]_inst/O
                         net (fo=0)                   0.000     4.028    LED[3]
    U16                                                               r  LED[3] (OUT)
  -------------------------------------------------------------------    -------------------

Slack:                    inf
  Source:                 inhibit_done_reg/C
                            (rising edge-triggered cell FDCE clocked by clk_out1_clk_wiz_0_1  {rise@0.000ns fall@20.000ns period=40.000ns})
  Destination:            PS2_CLK
                            (output port)
  Path Group:             (none)
  Path Type:              Max at Slow Process Corner
  Data Path Delay:        6.225ns  (logic 4.019ns (64.553%)  route 2.207ns (35.447%))
  Logic Levels:           1  (OBUFT=1)
  Clock Uncertainty:      0.186ns  ((TSJ^2 + DJ^2)^1/2) / 2 + PE
    Total System Jitter     (TSJ):    0.050ns
    Discrete Jitter          (DJ):    0.168ns
    Phase Error              (PE):    0.099ns

    Location             Delay type                Incr(ns)  Path(ns)    Netlist Resource(s)
  -------------------------------------------------------------------    -------------------
                         (clock clk_out1_clk_wiz_0_1 rise edge)
                                                      0.000     0.000 r  
    R4                                                0.000     0.000 r  CLK100MHZ (IN)
                         net (fo=0)                   0.000     0.000    pll_inst/inst/clk_in1
    R4                   IBUF (Prop_ibuf_I_O)         1.475     1.475 r  pll_inst/inst/clkin1_ibufg/O
                         net (fo=1, routed)           1.253     2.728    pll_inst/inst/clk_in1_clk_wiz_0
    PLLE2_ADV_X1Y2       PLLE2_ADV (Prop_plle2_adv_CLKIN1_CLKOUT0)
                                                     -8.953    -6.225 r  pll_inst/inst/plle2_adv_inst/CLKOUT0
                         net (fo=1, routed)           1.802    -4.422    pll_inst/inst/clk_out1_clk_wiz_0
    BUFGCTRL_X0Y0        BUFG (Prop_bufg_I_O)         0.096    -4.326 r  pll_inst/inst/clkout1_buf/O
                         net (fo=251, routed)         1.850    -2.476    pixel_clk
    SLICE_X5Y104         FDCE                                         r  inhibit_done_reg/C
  -------------------------------------------------------------------    -------------------
    SLICE_X5Y104         FDCE (Prop_fdce_C_Q)         0.456    -2.020 f  inhibit_done_reg/Q
                         net (fo=4, routed)           2.207     0.187    iobuf_ps2_clk/T
    W17                  OBUFT (TriStatE_obuft_T_O)
                                                      3.563     3.750 r  iobuf_ps2_clk/OBUFT/O
                         net (fo=1, unset)            0.000     3.750    PS2_CLK
    W17                                                               r  PS2_CLK (INOUT)
  -------------------------------------------------------------------    -------------------





Min Delay Paths
--------------------------------------------------------------------------------------
Slack:                    inf
  Source:                 inhibit_done_reg/C
                            (rising edge-triggered cell FDCE clocked by clk_out1_clk_wiz_0_1  {rise@0.000ns fall@20.000ns period=40.000ns})
  Destination:            PS2_CLK
                            (output port)
  Path Group:             (none)
  Path Type:              Min at Fast Process Corner
  Data Path Delay:        1.813ns  (logic 0.965ns (53.235%)  route 0.848ns (46.765%))
  Logic Levels:           1  (OBUFT=1)
  Clock Uncertainty:      0.186ns  ((TSJ^2 + DJ^2)^1/2) / 2 + PE
    Total System Jitter     (TSJ):    0.050ns
    Discrete Jitter          (DJ):    0.168ns
    Phase Error              (PE):    0.099ns

    Location             Delay type                Incr(ns)  Path(ns)    Netlist Resource(s)
  -------------------------------------------------------------------    -------------------
                         (clock clk_out1_clk_wiz_0_1 rise edge)
                                                      0.000     0.000 r  
    R4                                                0.000     0.000 r  CLK100MHZ (IN)
                         net (fo=0)                   0.000     0.000    pll_inst/inst/clk_in1
    R4                   IBUF (Prop_ibuf_I_O)         0.243     0.243 r  pll_inst/inst/clkin1_ibufg/O
                         net (fo=1, routed)           0.440     0.683    pll_inst/inst/clk_in1_clk_wiz_0
    PLLE2_ADV_X1Y2       PLLE2_ADV (Prop_plle2_adv_CLKIN1_CLKOUT0)
                                                     -2.503    -1.819 r  pll_inst/inst/plle2_adv_inst/CLKOUT0
                         net (fo=1, routed)           0.546    -1.273    pll_inst/inst/clk_out1_clk_wiz_0
    BUFGCTRL_X0Y0        BUFG (Prop_bufg_I_O)         0.026    -1.247 r  pll_inst/inst/clkout1_buf/O
                         net (fo=251, routed)         0.654    -0.594    pixel_clk
    SLICE_X5Y104         FDCE                                         r  inhibit_done_reg/C
  -------------------------------------------------------------------    -------------------
    SLICE_X5Y104         FDCE (Prop_fdce_C_Q)         0.141    -0.453 r  inhibit_done_reg/Q
                         net (fo=4, routed)           0.848     0.395    iobuf_ps2_clk/T
    W17                  OBUFT (TriStatD_obuft_T_O)
                                                      0.824     1.219 r  iobuf_ps2_clk/OBUFT/O
                         net (fo=1, unset)            0.000     1.219    PS2_CLK
    W17                                                               r  PS2_CLK (INOUT)
  -------------------------------------------------------------------    -------------------

Slack:                    inf
  Source:                 inhibit_done_reg/C
                            (rising edge-triggered cell FDCE clocked by clk_out1_clk_wiz_0_1  {rise@0.000ns fall@20.000ns period=40.000ns})
  Destination:            LED[3]
                            (output port)
  Path Group:             (none)
  Path Type:              Min at Fast Process Corner
  Data Path Delay:        2.311ns  (logic 1.322ns (57.203%)  route 0.989ns (42.797%))
  Logic Levels:           1  (OBUF=1)
  Clock Uncertainty:      0.186ns  ((TSJ^2 + DJ^2)^1/2) / 2 + PE
    Total System Jitter     (TSJ):    0.050ns
    Discrete Jitter          (DJ):    0.168ns
    Phase Error              (PE):    0.099ns

    Location             Delay type                Incr(ns)  Path(ns)    Netlist Resource(s)
  -------------------------------------------------------------------    -------------------
                         (clock clk_out1_clk_wiz_0_1 rise edge)
                                                      0.000     0.000 r  
    R4                                                0.000     0.000 r  CLK100MHZ (IN)
                         net (fo=0)                   0.000     0.000    pll_inst/inst/clk_in1
    R4                   IBUF (Prop_ibuf_I_O)         0.243     0.243 r  pll_inst/inst/clkin1_ibufg/O
                         net (fo=1, routed)           0.440     0.683    pll_inst/inst/clk_in1_clk_wiz_0
    PLLE2_ADV_X1Y2       PLLE2_ADV (Prop_plle2_adv_CLKIN1_CLKOUT0)
                                                     -2.503    -1.819 r  pll_inst/inst/plle2_adv_inst/CLKOUT0
                         net (fo=1, routed)           0.546    -1.273    pll_inst/inst/clk_out1_clk_wiz_0
    BUFGCTRL_X0Y0        BUFG (Prop_bufg_I_O)         0.026    -1.247 r  pll_inst/inst/clkout1_buf/O
                         net (fo=251, routed)         0.654    -0.594    pixel_clk
    SLICE_X5Y104         FDCE                                         r  inhibit_done_reg/C
  -------------------------------------------------------------------    -------------------
    SLICE_X5Y104         FDCE (Prop_fdce_C_Q)         0.141    -0.453 r  inhibit_done_reg/Q
                         net (fo=4, routed)           0.989     0.536    LED_OBUF[3]
    U16                  OBUF (Prop_obuf_I_O)         1.181     1.717 r  LED_OBUF[3]_inst/O
                         net (fo=0)                   0.000     1.717    LED[3]
    U16                                                               r  LED[3] (OUT)
  -------------------------------------------------------------------    -------------------





--------------------------------------------------------------------------------------
Path Group:  (none)
From Clock:  clk_out2_clk_wiz_0_1
  To Clock:  

Max Delay             8 Endpoints
Min Delay             8 Endpoints
--------------------------------------------------------------------------------------


Max Delay Paths
--------------------------------------------------------------------------------------
Slack:                    inf
  Source:                 hdmi_encoder/U0/DataEncoders[2].DataSerializer/SerializerMaster/CLK
                            (rising edge-triggered cell OSERDESE2 clocked by clk_out2_clk_wiz_0_1  {rise@0.000ns fall@4.000ns period=8.000ns})
  Destination:            HDMI_TX_N[2]
                            (output port)
  Path Group:             (none)
  Path Type:              Max at Fast Process Corner
  Data Path Delay:        1.189ns  (logic 1.188ns (99.916%)  route 0.001ns (0.084%))
  Logic Levels:           1  (OBUFDS=1)
  Clock Uncertainty:      0.165ns  ((TSJ^2 + DJ^2)^1/2) / 2 + PE
    Total System Jitter     (TSJ):    0.050ns
    Discrete Jitter          (DJ):    0.124ns
    Phase Error              (PE):    0.099ns

    Location             Delay type                Incr(ns)  Path(ns)    Netlist Resource(s)
  -------------------------------------------------------------------    -------------------
                         (clock clk_out2_clk_wiz_0_1 rise edge)
                                                      0.000     0.000 r  
    R4                                                0.000     0.000 r  CLK100MHZ (IN)
                         net (fo=0)                   0.000     0.000    pll_inst/inst/clk_in1
    R4                   IBUF (Prop_ibuf_I_O)         0.431     0.431 r  pll_inst/inst/clkin1_ibufg/O
                         net (fo=1, routed)           0.481     0.912    pll_inst/inst/clk_in1_clk_wiz_0
    PLLE2_ADV_X1Y2       PLLE2_ADV (Prop_plle2_adv_CLKIN1_CLKOUT1)
                                                     -2.828    -1.916 r  pll_inst/inst/plle2_adv_inst/CLKOUT1
                         net (fo=1, routed)           0.595    -1.322    pll_inst/inst/clk_out2_clk_wiz_0
    BUFGCTRL_X0Y1        BUFG (Prop_bufg_I_O)         0.029    -1.293 r  pll_inst/inst/clkout2_buf/O
                         net (fo=8, routed)           0.912    -0.381    hdmi_encoder/U0/DataEncoders[2].DataSerializer/SerialClk
    OLOGIC_X1Y134        OSERDESE2                                    r  hdmi_encoder/U0/DataEncoders[2].DataSerializer/SerializerMaster/CLK
  -------------------------------------------------------------------    -------------------
    OLOGIC_X1Y134        OSERDESE2 (Prop_oserdese2_CLK_OQ)
                                                      0.204    -0.177 r  hdmi_encoder/U0/DataEncoders[2].DataSerializer/SerializerMaster/OQ
                         net (fo=1, routed)           0.001    -0.176    hdmi_encoder/U0/DataEncoders[2].DataSerializer/sDataOut
    AB3                  OBUFDS (Prop_obufds_I_OB)    0.984     0.807 r  hdmi_encoder/U0/DataEncoders[2].DataSerializer/OutputBuffer/OB
                         net (fo=0)                   0.000     0.807    HDMI_TX_N[2]
    AB2                                                               r  HDMI_TX_N[2] (OUT)
  -------------------------------------------------------------------    -------------------

Slack:                    inf
  Source:                 hdmi_encoder/U0/DataEncoders[2].DataSerializer/SerializerMaster/CLK
                            (rising edge-triggered cell OSERDESE2 clocked by clk_out2_clk_wiz_0_1  {rise@0.000ns fall@4.000ns period=8.000ns})
  Destination:            HDMI_TX_P[2]
                            (output port)
  Path Group:             (none)
  Path Type:              Max at Fast Process Corner
  Data Path Delay:        1.188ns  (logic 1.187ns (99.916%)  route 0.001ns (0.084%))
  Logic Levels:           1  (OBUFDS=1)
  Clock Uncertainty:      0.165ns  ((TSJ^2 + DJ^2)^1/2) / 2 + PE
    Total System Jitter     (TSJ):    0.050ns
    Discrete Jitter          (DJ):    0.124ns
    Phase Error              (PE):    0.099ns

    Location             Delay type                Incr(ns)  Path(ns)    Netlist Resource(s)
  -------------------------------------------------------------------    -------------------
                         (clock clk_out2_clk_wiz_0_1 rise edge)
                                                      0.000     0.000 r  
    R4                                                0.000     0.000 r  CLK100MHZ (IN)
                         net (fo=0)                   0.000     0.000    pll_inst/inst/clk_in1
    R4                   IBUF (Prop_ibuf_I_O)         0.431     0.431 r  pll_inst/inst/clkin1_ibufg/O
                         net (fo=1, routed)           0.481     0.912    pll_inst/inst/clk_in1_clk_wiz_0
    PLLE2_ADV_X1Y2       PLLE2_ADV (Prop_plle2_adv_CLKIN1_CLKOUT1)
                                                     -2.828    -1.916 r  pll_inst/inst/plle2_adv_inst/CLKOUT1
                         net (fo=1, routed)           0.595    -1.322    pll_inst/inst/clk_out2_clk_wiz_0
    BUFGCTRL_X0Y1        BUFG (Prop_bufg_I_O)         0.029    -1.293 r  pll_inst/inst/clkout2_buf/O
                         net (fo=8, routed)           0.912    -0.381    hdmi_encoder/U0/DataEncoders[2].DataSerializer/SerialClk
    OLOGIC_X1Y134        OSERDESE2                                    r  hdmi_encoder/U0/DataEncoders[2].DataSerializer/SerializerMaster/CLK
  -------------------------------------------------------------------    -------------------
    OLOGIC_X1Y134        OSERDESE2 (Prop_oserdese2_CLK_OQ)
                                                      0.204    -0.177 r  hdmi_encoder/U0/DataEncoders[2].DataSerializer/SerializerMaster/OQ
                         net (fo=1, routed)           0.001    -0.176    hdmi_encoder/U0/DataEncoders[2].DataSerializer/sDataOut
    AB3                  OBUFDS (Prop_obufds_I_O)     0.983     0.806 r  hdmi_encoder/U0/DataEncoders[2].DataSerializer/OutputBuffer/O
                         net (fo=0)                   0.000     0.806    HDMI_TX_P[2]
    AB3                                                               r  HDMI_TX_P[2] (OUT)
  -------------------------------------------------------------------    -------------------

Slack:                    inf
  Source:                 hdmi_encoder/U0/DataEncoders[1].DataSerializer/SerializerMaster/CLK
                            (rising edge-triggered cell OSERDESE2 clocked by clk_out2_clk_wiz_0_1  {rise@0.000ns fall@4.000ns period=8.000ns})
  Destination:            HDMI_TX_N[1]
                            (output port)
  Path Group:             (none)
  Path Type:              Max at Fast Process Corner
  Data Path Delay:        1.187ns  (logic 1.186ns (99.916%)  route 0.001ns (0.084%))
  Logic Levels:           1  (OBUFDS=1)
  Clock Uncertainty:      0.165ns  ((TSJ^2 + DJ^2)^1/2) / 2 + PE
    Total System Jitter     (TSJ):    0.050ns
    Discrete Jitter          (DJ):    0.124ns
    Phase Error              (PE):    0.099ns

    Location             Delay type                Incr(ns)  Path(ns)    Netlist Resource(s)
  -------------------------------------------------------------------    -------------------
                         (clock clk_out2_clk_wiz_0_1 rise edge)
                                                      0.000     0.000 r  
    R4                                                0.000     0.000 r  CLK100MHZ (IN)
                         net (fo=0)                   0.000     0.000    pll_inst/inst/clk_in1
    R4                   IBUF (Prop_ibuf_I_O)         0.431     0.431 r  pll_inst/inst/clkin1_ibufg/O
                         net (fo=1, routed)           0.481     0.912    pll_inst/inst/clk_in1_clk_wiz_0
    PLLE2_ADV_X1Y2       PLLE2_ADV (Prop_plle2_adv_CLKIN1_CLKOUT1)
                                                     -2.828    -1.916 r  pll_inst/inst/plle2_adv_inst/CLKOUT1
                         net (fo=1, routed)           0.595    -1.322    pll_inst/inst/clk_out2_clk_wiz_0
    BUFGCTRL_X0Y1        BUFG (Prop_bufg_I_O)         0.029    -1.293 r  pll_inst/inst/clkout2_buf/O
                         net (fo=8, routed)           0.912    -0.381    hdmi_encoder/U0/DataEncoders[1].DataSerializer/SerialClk
    OLOGIC_X1Y136        OSERDESE2                                    r  hdmi_encoder/U0/DataEncoders[1].DataSerializer/SerializerMaster/CLK
  -------------------------------------------------------------------    -------------------
    OLOGIC_X1Y136        OSERDESE2 (Prop_oserdese2_CLK_OQ)
                                                      0.204    -0.177 r  hdmi_encoder/U0/DataEncoders[1].DataSerializer/SerializerMaster/OQ
                         net (fo=1, routed)           0.001    -0.176    hdmi_encoder/U0/DataEncoders[1].DataSerializer/sDataOut
    AA1                  OBUFDS (Prop_obufds_I_OB)    0.982     0.806 r  hdmi_encoder/U0/DataEncoders[1].DataSerializer/OutputBuffer/OB
                         net (fo=0)                   0.000     0.806    HDMI_TX_N[1]
    AB1                                                               r  HDMI_TX_N[1] (OUT)
  -------------------------------------------------------------------    -------------------

Slack:                    inf
  Source:                 hdmi_encoder/U0/DataEncoders[1].DataSerializer/SerializerMaster/CLK
                            (rising edge-triggered cell OSERDESE2 clocked by clk_out2_clk_wiz_0_1  {rise@0.000ns fall@4.000ns period=8.000ns})
  Destination:            HDMI_TX_P[1]
                            (output port)
  Path Group:             (none)
  Path Type:              Max at Fast Process Corner
  Data Path Delay:        1.186ns  (logic 1.185ns (99.916%)  route 0.001ns (0.084%))
  Logic Levels:           1  (OBUFDS=1)
  Clock Uncertainty:      0.165ns  ((TSJ^2 + DJ^2)^1/2) / 2 + PE
    Total System Jitter     (TSJ):    0.050ns
    Discrete Jitter          (DJ):    0.124ns
    Phase Error              (PE):    0.099ns

    Location             Delay type                Incr(ns)  Path(ns)    Netlist Resource(s)
  -------------------------------------------------------------------    -------------------
                         (clock clk_out2_clk_wiz_0_1 rise edge)
                                                      0.000     0.000 r  
    R4                                                0.000     0.000 r  CLK100MHZ (IN)
                         net (fo=0)                   0.000     0.000    pll_inst/inst/clk_in1
    R4                   IBUF (Prop_ibuf_I_O)         0.431     0.431 r  pll_inst/inst/clkin1_ibufg/O
                         net (fo=1, routed)           0.481     0.912    pll_inst/inst/clk_in1_clk_wiz_0
    PLLE2_ADV_X1Y2       PLLE2_ADV (Prop_plle2_adv_CLKIN1_CLKOUT1)
                                                     -2.828    -1.916 r  pll_inst/inst/plle2_adv_inst/CLKOUT1
                         net (fo=1, routed)           0.595    -1.322    pll_inst/inst/clk_out2_clk_wiz_0
    BUFGCTRL_X0Y1        BUFG (Prop_bufg_I_O)         0.029    -1.293 r  pll_inst/inst/clkout2_buf/O
                         net (fo=8, routed)           0.912    -0.381    hdmi_encoder/U0/DataEncoders[1].DataSerializer/SerialClk
    OLOGIC_X1Y136        OSERDESE2                                    r  hdmi_encoder/U0/DataEncoders[1].DataSerializer/SerializerMaster/CLK
  -------------------------------------------------------------------    -------------------
    OLOGIC_X1Y136        OSERDESE2 (Prop_oserdese2_CLK_OQ)
                                                      0.204    -0.177 r  hdmi_encoder/U0/DataEncoders[1].DataSerializer/SerializerMaster/OQ
                         net (fo=1, routed)           0.001    -0.176    hdmi_encoder/U0/DataEncoders[1].DataSerializer/sDataOut
    AA1                  OBUFDS (Prop_obufds_I_O)     0.981     0.805 r  hdmi_encoder/U0/DataEncoders[1].DataSerializer/OutputBuffer/O
                         net (fo=0)                   0.000     0.805    HDMI_TX_P[1]
    AA1                                                               r  HDMI_TX_P[1] (OUT)
  -------------------------------------------------------------------    -------------------

Slack:                    inf
  Source:                 hdmi_encoder/U0/DataEncoders[0].DataSerializer/SerializerMaster/CLK
                            (rising edge-triggered cell OSERDESE2 clocked by clk_out2_clk_wiz_0_1  {rise@0.000ns fall@4.000ns period=8.000ns})
  Destination:            HDMI_TX_N[0]
                            (output port)
  Path Group:             (none)
  Path Type:              Max at Fast Process Corner
  Data Path Delay:        1.176ns  (logic 1.175ns (99.915%)  route 0.001ns (0.085%))
  Logic Levels:           1  (OBUFDS=1)
  Clock Uncertainty:      0.165ns  ((TSJ^2 + DJ^2)^1/2) / 2 + PE
    Total System Jitter     (TSJ):    0.050ns
    Discrete Jitter          (DJ):    0.124ns
    Phase Error              (PE):    0.099ns

    Location             Delay type                Incr(ns)  Path(ns)    Netlist Resource(s)
  -------------------------------------------------------------------    -------------------
                         (clock clk_out2_clk_wiz_0_1 rise edge)
                                                      0.000     0.000 r  
    R4                                                0.000     0.000 r  CLK100MHZ (IN)
                         net (fo=0)                   0.000     0.000    pll_inst/inst/clk_in1
    R4                   IBUF (Prop_ibuf_I_O)         0.431     0.431 r  pll_inst/inst/clkin1_ibufg/O
                         net (fo=1, routed)           0.481     0.912    pll_inst/inst/clk_in1_clk_wiz_0
    PLLE2_ADV_X1Y2       PLLE2_ADV (Prop_plle2_adv_CLKIN1_CLKOUT1)
                                                     -2.828    -1.916 r  pll_inst/inst/plle2_adv_inst/CLKOUT1
                         net (fo=1, routed)           0.595    -1.322    pll_inst/inst/clk_out2_clk_wiz_0
    BUFGCTRL_X0Y1        BUFG (Prop_bufg_I_O)         0.029    -1.293 r  pll_inst/inst/clkout2_buf/O
                         net (fo=8, routed)           0.914    -0.379    hdmi_encoder/U0/DataEncoders[0].DataSerializer/SerialClk
    OLOGIC_X1Y140        OSERDESE2                                    r  hdmi_encoder/U0/DataEncoders[0].DataSerializer/SerializerMaster/CLK
  -------------------------------------------------------------------    -------------------
    OLOGIC_X1Y140        OSERDESE2 (Prop_oserdese2_CLK_OQ)
                                                      0.204    -0.175 r  hdmi_encoder/U0/DataEncoders[0].DataSerializer/SerializerMaster/OQ
                         net (fo=1, routed)           0.001    -0.174    hdmi_encoder/U0/DataEncoders[0].DataSerializer/sDataOut
    W1                   OBUFDS (Prop_obufds_I_OB)    0.971     0.797 r  hdmi_encoder/U0/DataEncoders[0].DataSerializer/OutputBuffer/OB
                         net (fo=0)                   0.000     0.797    HDMI_TX_N[0]
    Y1                                                                r  HDMI_TX_N[0] (OUT)
  -------------------------------------------------------------------    -------------------

Slack:                    inf
  Source:                 hdmi_encoder/U0/DataEncoders[0].DataSerializer/SerializerMaster/CLK
                            (rising edge-triggered cell OSERDESE2 clocked by clk_out2_clk_wiz_0_1  {rise@0.000ns fall@4.000ns period=8.000ns})
  Destination:            HDMI_TX_P[0]
                            (output port)
  Path Group:             (none)
  Path Type:              Max at Fast Process Corner
  Data Path Delay:        1.175ns  (logic 1.174ns (99.915%)  route 0.001ns (0.085%))
  Logic Levels:           1  (OBUFDS=1)
  Clock Uncertainty:      0.165ns  ((TSJ^2 + DJ^2)^1/2) / 2 + PE
    Total System Jitter     (TSJ):    0.050ns
    Discrete Jitter          (DJ):    0.124ns
    Phase Error              (PE):    0.099ns

    Location             Delay type                Incr(ns)  Path(ns)    Netlist Resource(s)
  -------------------------------------------------------------------    -------------------
                         (clock clk_out2_clk_wiz_0_1 rise edge)
                                                      0.000     0.000 r  
    R4                                                0.000     0.000 r  CLK100MHZ (IN)
                         net (fo=0)                   0.000     0.000    pll_inst/inst/clk_in1
    R4                   IBUF (Prop_ibuf_I_O)         0.431     0.431 r  pll_inst/inst/clkin1_ibufg/O
                         net (fo=1, routed)           0.481     0.912    pll_inst/inst/clk_in1_clk_wiz_0
    PLLE2_ADV_X1Y2       PLLE2_ADV (Prop_plle2_adv_CLKIN1_CLKOUT1)
                                                     -2.828    -1.916 r  pll_inst/inst/plle2_adv_inst/CLKOUT1
                         net (fo=1, routed)           0.595    -1.322    pll_inst/inst/clk_out2_clk_wiz_0
    BUFGCTRL_X0Y1        BUFG (Prop_bufg_I_O)         0.029    -1.293 r  pll_inst/inst/clkout2_buf/O
                         net (fo=8, routed)           0.914    -0.379    hdmi_encoder/U0/DataEncoders[0].DataSerializer/SerialClk
    OLOGIC_X1Y140        OSERDESE2                                    r  hdmi_encoder/U0/DataEncoders[0].DataSerializer/SerializerMaster/CLK
  -------------------------------------------------------------------    -------------------
    OLOGIC_X1Y140        OSERDESE2 (Prop_oserdese2_CLK_OQ)
                                                      0.204    -0.175 r  hdmi_encoder/U0/DataEncoders[0].DataSerializer/SerializerMaster/OQ
                         net (fo=1, routed)           0.001    -0.174    hdmi_encoder/U0/DataEncoders[0].DataSerializer/sDataOut
    W1                   OBUFDS (Prop_obufds_I_O)     0.970     0.796 r  hdmi_encoder/U0/DataEncoders[0].DataSerializer/OutputBuffer/O
                         net (fo=0)                   0.000     0.796    HDMI_TX_P[0]
    W1                                                                r  HDMI_TX_P[0] (OUT)
  -------------------------------------------------------------------    -------------------

Slack:                    inf
  Source:                 hdmi_encoder/U0/ClockSerializer/SerializerMaster/CLK
                            (rising edge-triggered cell OSERDESE2 clocked by clk_out2_clk_wiz_0_1  {rise@0.000ns fall@4.000ns period=8.000ns})
  Destination:            HDMI_TX_CLK_N
                            (output port)
  Path Group:             (none)
  Path Type:              Max at Fast Process Corner
  Data Path Delay:        1.159ns  (logic 1.158ns (99.914%)  route 0.001ns (0.086%))
  Logic Levels:           1  (OBUFDS=1)
  Clock Uncertainty:      0.165ns  ((TSJ^2 + DJ^2)^1/2) / 2 + PE
    Total System Jitter     (TSJ):    0.050ns
    Discrete Jitter          (DJ):    0.124ns
    Phase Error              (PE):    0.099ns

    Location             Delay type                Incr(ns)  Path(ns)    Netlist Resource(s)
  -------------------------------------------------------------------    -------------------
                         (clock clk_out2_clk_wiz_0_1 rise edge)
                                                      0.000     0.000 r  
    R4                                                0.000     0.000 r  CLK100MHZ (IN)
                         net (fo=0)                   0.000     0.000    pll_inst/inst/clk_in1
    R4                   IBUF (Prop_ibuf_I_O)         0.431     0.431 r  pll_inst/inst/clkin1_ibufg/O
                         net (fo=1, routed)           0.481     0.912    pll_inst/inst/clk_in1_clk_wiz_0
    PLLE2_ADV_X1Y2       PLLE2_ADV (Prop_plle2_adv_CLKIN1_CLKOUT1)
                                                     -2.828    -1.916 r  pll_inst/inst/plle2_adv_inst/CLKOUT1
                         net (fo=1, routed)           0.595    -1.322    pll_inst/inst/clk_out2_clk_wiz_0
    BUFGCTRL_X0Y1        BUFG (Prop_bufg_I_O)         0.029    -1.293 r  pll_inst/inst/clkout2_buf/O
                         net (fo=8, routed)           0.916    -0.377    hdmi_encoder/U0/ClockSerializer/SerialClk
    OLOGIC_X1Y148        OSERDESE2                                    r  hdmi_encoder/U0/ClockSerializer/SerializerMaster/CLK
  -------------------------------------------------------------------    -------------------
    OLOGIC_X1Y148        OSERDESE2 (Prop_oserdese2_CLK_OQ)
                                                      0.204    -0.173 r  hdmi_encoder/U0/ClockSerializer/SerializerMaster/OQ
                         net (fo=1, routed)           0.001    -0.172    hdmi_encoder/U0/ClockSerializer/sDataOut
    T1                   OBUFDS (Prop_obufds_I_OB)    0.954     0.782 r  hdmi_encoder/U0/ClockSerializer/OutputBuffer/OB
                         net (fo=0)                   0.000     0.782    HDMI_TX_CLK_N
    U1                                                                r  HDMI_TX_CLK_N (OUT)
  -------------------------------------------------------------------    -------------------

Slack:                    inf
  Source:                 hdmi_encoder/U0/ClockSerializer/SerializerMaster/CLK
                            (rising edge-triggered cell OSERDESE2 clocked by clk_out2_clk_wiz_0_1  {rise@0.000ns fall@4.000ns period=8.000ns})
  Destination:            HDMI_TX_CLK_P
                            (output port)
  Path Group:             (none)
  Path Type:              Max at Fast Process Corner
  Data Path Delay:        1.158ns  (logic 1.157ns (99.914%)  route 0.001ns (0.086%))
  Logic Levels:           1  (OBUFDS=1)
  Clock Uncertainty:      0.165ns  ((TSJ^2 + DJ^2)^1/2) / 2 + PE
    Total System Jitter     (TSJ):    0.050ns
    Discrete Jitter          (DJ):    0.124ns
    Phase Error              (PE):    0.099ns

    Location             Delay type                Incr(ns)  Path(ns)    Netlist Resource(s)
  -------------------------------------------------------------------    -------------------
                         (clock clk_out2_clk_wiz_0_1 rise edge)
                                                      0.000     0.000 r  
    R4                                                0.000     0.000 r  CLK100MHZ (IN)
                         net (fo=0)                   0.000     0.000    pll_inst/inst/clk_in1
    R4                   IBUF (Prop_ibuf_I_O)         0.431     0.431 r  pll_inst/inst/clkin1_ibufg/O
                         net (fo=1, routed)           0.481     0.912    pll_inst/inst/clk_in1_clk_wiz_0
    PLLE2_ADV_X1Y2       PLLE2_ADV (Prop_plle2_adv_CLKIN1_CLKOUT1)
                                                     -2.828    -1.916 r  pll_inst/inst/plle2_adv_inst/CLKOUT1
                         net (fo=1, routed)           0.595    -1.322    pll_inst/inst/clk_out2_clk_wiz_0
    BUFGCTRL_X0Y1        BUFG (Prop_bufg_I_O)         0.029    -1.293 r  pll_inst/inst/clkout2_buf/O
                         net (fo=8, routed)           0.916    -0.377    hdmi_encoder/U0/ClockSerializer/SerialClk
    OLOGIC_X1Y148        OSERDESE2                                    r  hdmi_encoder/U0/ClockSerializer/SerializerMaster/CLK
  -------------------------------------------------------------------    -------------------
    OLOGIC_X1Y148        OSERDESE2 (Prop_oserdese2_CLK_OQ)
                                                      0.204    -0.173 r  hdmi_encoder/U0/ClockSerializer/SerializerMaster/OQ
                         net (fo=1, routed)           0.001    -0.172    hdmi_encoder/U0/ClockSerializer/sDataOut
    T1                   OBUFDS (Prop_obufds_I_O)     0.953     0.781 r  hdmi_encoder/U0/ClockSerializer/OutputBuffer/O
                         net (fo=0)                   0.000     0.781    HDMI_TX_CLK_P
    T1                                                                r  HDMI_TX_CLK_P (OUT)
  -------------------------------------------------------------------    -------------------





Min Delay Paths
--------------------------------------------------------------------------------------
Slack:                    inf
  Source:                 hdmi_encoder/U0/ClockSerializer/SerializerMaster/CLK
                            (rising edge-triggered cell OSERDESE2 clocked by clk_out2_clk_wiz_0_1  {rise@0.000ns fall@4.000ns period=8.000ns})
  Destination:            HDMI_TX_CLK_P
                            (output port)
  Path Group:             (none)
  Path Type:              Min at Slow Process Corner
  Data Path Delay:        2.199ns  (logic 2.198ns (99.955%)  route 0.001ns (0.045%))
  Logic Levels:           1  (OBUFDS=1)
  Clock Uncertainty:      0.165ns  ((TSJ^2 + DJ^2)^1/2) / 2 + PE
    Total System Jitter     (TSJ):    0.050ns
    Discrete Jitter          (DJ):    0.124ns
    Phase Error              (PE):    0.099ns

    Location             Delay type                Incr(ns)  Path(ns)    Netlist Resource(s)
  -------------------------------------------------------------------    -------------------
                         (clock clk_out2_clk_wiz_0_1 rise edge)
                                                      0.000     0.000 r  
    R4                                                0.000     0.000 r  CLK100MHZ (IN)
                         net (fo=0)                   0.000     0.000    pll_inst/inst/clk_in1
    R4                   IBUF (Prop_ibuf_I_O)         1.405     1.405 r  pll_inst/inst/clkin1_ibufg/O
                         net (fo=1, routed)           1.181     2.586    pll_inst/inst/clk_in1_clk_wiz_0
    PLLE2_ADV_X1Y2       PLLE2_ADV (Prop_plle2_adv_CLKIN1_CLKOUT1)
                                                     -8.206    -5.620 r  pll_inst/inst/plle2_adv_inst/CLKOUT1
                         net (fo=1, routed)           1.718    -3.902    pll_inst/inst/clk_out2_clk_wiz_0
    BUFGCTRL_X0Y1        BUFG (Prop_bufg_I_O)         0.091    -3.811 r  pll_inst/inst/clkout2_buf/O
                         net (fo=8, routed)           1.693    -2.118    hdmi_encoder/U0/ClockSerializer/SerialClk
    OLOGIC_X1Y148        OSERDESE2                                    r  hdmi_encoder/U0/ClockSerializer/SerializerMaster/CLK
  -------------------------------------------------------------------    -------------------
    OLOGIC_X1Y148        OSERDESE2 (Prop_oserdese2_CLK_OQ)
                                                      0.449    -1.669 r  hdmi_encoder/U0/ClockSerializer/SerializerMaster/OQ
                         net (fo=1, routed)           0.001    -1.668    hdmi_encoder/U0/ClockSerializer/sDataOut
    T1                   OBUFDS (Prop_obufds_I_O)     1.749     0.081 r  hdmi_encoder/U0/ClockSerializer/OutputBuffer/O
                         net (fo=0)                   0.000     0.081    HDMI_TX_CLK_P
    T1                                                                r  HDMI_TX_CLK_P (OUT)
  -------------------------------------------------------------------    -------------------

Slack:                    inf
  Source:                 hdmi_encoder/U0/ClockSerializer/SerializerMaster/CLK
                            (rising edge-triggered cell OSERDESE2 clocked by clk_out2_clk_wiz_0_1  {rise@0.000ns fall@4.000ns period=8.000ns})
  Destination:            HDMI_TX_CLK_N
                            (output port)
  Path Group:             (none)
  Path Type:              Min at Slow Process Corner
  Data Path Delay:        2.200ns  (logic 2.199ns (99.955%)  route 0.001ns (0.045%))
  Logic Levels:           1  (OBUFDS=1)
  Clock Uncertainty:      0.165ns  ((TSJ^2 + DJ^2)^1/2) / 2 + PE
    Total System Jitter     (TSJ):    0.050ns
    Discrete Jitter          (DJ):    0.124ns
    Phase Error              (PE):    0.099ns

    Location             Delay type                Incr(ns)  Path(ns)    Netlist Resource(s)
  -------------------------------------------------------------------    -------------------
                         (clock clk_out2_clk_wiz_0_1 rise edge)
                                                      0.000     0.000 r  
    R4                                                0.000     0.000 r  CLK100MHZ (IN)
                         net (fo=0)                   0.000     0.000    pll_inst/inst/clk_in1
    R4                   IBUF (Prop_ibuf_I_O)         1.405     1.405 r  pll_inst/inst/clkin1_ibufg/O
                         net (fo=1, routed)           1.181     2.586    pll_inst/inst/clk_in1_clk_wiz_0
    PLLE2_ADV_X1Y2       PLLE2_ADV (Prop_plle2_adv_CLKIN1_CLKOUT1)
                                                     -8.206    -5.620 r  pll_inst/inst/plle2_adv_inst/CLKOUT1
                         net (fo=1, routed)           1.718    -3.902    pll_inst/inst/clk_out2_clk_wiz_0
    BUFGCTRL_X0Y1        BUFG (Prop_bufg_I_O)         0.091    -3.811 r  pll_inst/inst/clkout2_buf/O
                         net (fo=8, routed)           1.693    -2.118    hdmi_encoder/U0/ClockSerializer/SerialClk
    OLOGIC_X1Y148        OSERDESE2                                    r  hdmi_encoder/U0/ClockSerializer/SerializerMaster/CLK
  -------------------------------------------------------------------    -------------------
    OLOGIC_X1Y148        OSERDESE2 (Prop_oserdese2_CLK_OQ)
                                                      0.449    -1.669 r  hdmi_encoder/U0/ClockSerializer/SerializerMaster/OQ
                         net (fo=1, routed)           0.001    -1.668    hdmi_encoder/U0/ClockSerializer/sDataOut
    T1                   OBUFDS (Prop_obufds_I_OB)    1.750     0.082 r  hdmi_encoder/U0/ClockSerializer/OutputBuffer/OB
                         net (fo=0)                   0.000     0.082    HDMI_TX_CLK_N
    U1                                                                r  HDMI_TX_CLK_N (OUT)
  -------------------------------------------------------------------    -------------------

Slack:                    inf
  Source:                 hdmi_encoder/U0/DataEncoders[0].DataSerializer/SerializerMaster/CLK
                            (rising edge-triggered cell OSERDESE2 clocked by clk_out2_clk_wiz_0_1  {rise@0.000ns fall@4.000ns period=8.000ns})
  Destination:            HDMI_TX_P[0]
                            (output port)
  Path Group:             (none)
  Path Type:              Min at Slow Process Corner
  Data Path Delay:        2.215ns  (logic 2.214ns (99.955%)  route 0.001ns (0.045%))
  Logic Levels:           1  (OBUFDS=1)
  Clock Uncertainty:      0.165ns  ((TSJ^2 + DJ^2)^1/2) / 2 + PE
    Total System Jitter     (TSJ):    0.050ns
    Discrete Jitter          (DJ):    0.124ns
    Phase Error              (PE):    0.099ns

    Location             Delay type                Incr(ns)  Path(ns)    Netlist Resource(s)
  -------------------------------------------------------------------    -------------------
                         (clock clk_out2_clk_wiz_0_1 rise edge)
                                                      0.000     0.000 r  
    R4                                                0.000     0.000 r  CLK100MHZ (IN)
                         net (fo=0)                   0.000     0.000    pll_inst/inst/clk_in1
    R4                   IBUF (Prop_ibuf_I_O)         1.405     1.405 r  pll_inst/inst/clkin1_ibufg/O
                         net (fo=1, routed)           1.181     2.586    pll_inst/inst/clk_in1_clk_wiz_0
    PLLE2_ADV_X1Y2       PLLE2_ADV (Prop_plle2_adv_CLKIN1_CLKOUT1)
                                                     -8.206    -5.620 r  pll_inst/inst/plle2_adv_inst/CLKOUT1
                         net (fo=1, routed)           1.718    -3.902    pll_inst/inst/clk_out2_clk_wiz_0
    BUFGCTRL_X0Y1        BUFG (Prop_bufg_I_O)         0.091    -3.811 r  pll_inst/inst/clkout2_buf/O
                         net (fo=8, routed)           1.691    -2.120    hdmi_encoder/U0/DataEncoders[0].DataSerializer/SerialClk
    OLOGIC_X1Y140        OSERDESE2                                    r  hdmi_encoder/U0/DataEncoders[0].DataSerializer/SerializerMaster/CLK
  -------------------------------------------------------------------    -------------------
    OLOGIC_X1Y140        OSERDESE2 (Prop_oserdese2_CLK_OQ)
                                                      0.449    -1.671 r  hdmi_encoder/U0/DataEncoders[0].DataSerializer/SerializerMaster/OQ
                         net (fo=1, routed)           0.001    -1.670    hdmi_encoder/U0/DataEncoders[0].DataSerializer/sDataOut
    W1                   OBUFDS (Prop_obufds_I_O)     1.765     0.095 r  hdmi_encoder/U0/DataEncoders[0].DataSerializer/OutputBuffer/O
                         net (fo=0)                   0.000     0.095    HDMI_TX_P[0]
    W1                                                                r  HDMI_TX_P[0] (OUT)
  -------------------------------------------------------------------    -------------------

Slack:                    inf
  Source:                 hdmi_encoder/U0/DataEncoders[0].DataSerializer/SerializerMaster/CLK
                            (rising edge-triggered cell OSERDESE2 clocked by clk_out2_clk_wiz_0_1  {rise@0.000ns fall@4.000ns period=8.000ns})
  Destination:            HDMI_TX_N[0]
                            (output port)
  Path Group:             (none)
  Path Type:              Min at Slow Process Corner
  Data Path Delay:        2.216ns  (logic 2.215ns (99.955%)  route 0.001ns (0.045%))
  Logic Levels:           1  (OBUFDS=1)
  Clock Uncertainty:      0.165ns  ((TSJ^2 + DJ^2)^1/2) / 2 + PE
    Total System Jitter     (TSJ):    0.050ns
    Discrete Jitter          (DJ):    0.124ns
    Phase Error              (PE):    0.099ns

    Location             Delay type                Incr(ns)  Path(ns)    Netlist Resource(s)
  -------------------------------------------------------------------    -------------------
                         (clock clk_out2_clk_wiz_0_1 rise edge)
                                                      0.000     0.000 r  
    R4                                                0.000     0.000 r  CLK100MHZ (IN)
                         net (fo=0)                   0.000     0.000    pll_inst/inst/clk_in1
    R4                   IBUF (Prop_ibuf_I_O)         1.405     1.405 r  pll_inst/inst/clkin1_ibufg/O
                         net (fo=1, routed)           1.181     2.586    pll_inst/inst/clk_in1_clk_wiz_0
    PLLE2_ADV_X1Y2       PLLE2_ADV (Prop_plle2_adv_CLKIN1_CLKOUT1)
                                                     -8.206    -5.620 r  pll_inst/inst/plle2_adv_inst/CLKOUT1
                         net (fo=1, routed)           1.718    -3.902    pll_inst/inst/clk_out2_clk_wiz_0
    BUFGCTRL_X0Y1        BUFG (Prop_bufg_I_O)         0.091    -3.811 r  pll_inst/inst/clkout2_buf/O
                         net (fo=8, routed)           1.691    -2.120    hdmi_encoder/U0/DataEncoders[0].DataSerializer/SerialClk
    OLOGIC_X1Y140        OSERDESE2                                    r  hdmi_encoder/U0/DataEncoders[0].DataSerializer/SerializerMaster/CLK
  -------------------------------------------------------------------    -------------------
    OLOGIC_X1Y140        OSERDESE2 (Prop_oserdese2_CLK_OQ)
                                                      0.449    -1.671 r  hdmi_encoder/U0/DataEncoders[0].DataSerializer/SerializerMaster/OQ
                         net (fo=1, routed)           0.001    -1.670    hdmi_encoder/U0/DataEncoders[0].DataSerializer/sDataOut
    W1                   OBUFDS (Prop_obufds_I_OB)    1.766     0.096 r  hdmi_encoder/U0/DataEncoders[0].DataSerializer/OutputBuffer/OB
                         net (fo=0)                   0.000     0.096    HDMI_TX_N[0]
    Y1                                                                r  HDMI_TX_N[0] (OUT)
  -------------------------------------------------------------------    -------------------

Slack:                    inf
  Source:                 hdmi_encoder/U0/DataEncoders[1].DataSerializer/SerializerMaster/CLK
                            (rising edge-triggered cell OSERDESE2 clocked by clk_out2_clk_wiz_0_1  {rise@0.000ns fall@4.000ns period=8.000ns})
  Destination:            HDMI_TX_P[1]
                            (output port)
  Path Group:             (none)
  Path Type:              Min at Slow Process Corner
  Data Path Delay:        2.226ns  (logic 2.225ns (99.955%)  route 0.001ns (0.045%))
  Logic Levels:           1  (OBUFDS=1)
  Clock Uncertainty:      0.165ns  ((TSJ^2 + DJ^2)^1/2) / 2 + PE
    Total System Jitter     (TSJ):    0.050ns
    Discrete Jitter          (DJ):    0.124ns
    Phase Error              (PE):    0.099ns

    Location             Delay type                Incr(ns)  Path(ns)    Netlist Resource(s)
  -------------------------------------------------------------------    -------------------
                         (clock clk_out2_clk_wiz_0_1 rise edge)
                                                      0.000     0.000 r  
    R4                                                0.000     0.000 r  CLK100MHZ (IN)
                         net (fo=0)                   0.000     0.000    pll_inst/inst/clk_in1
    R4                   IBUF (Prop_ibuf_I_O)         1.405     1.405 r  pll_inst/inst/clkin1_ibufg/O
                         net (fo=1, routed)           1.181     2.586    pll_inst/inst/clk_in1_clk_wiz_0
    PLLE2_ADV_X1Y2       PLLE2_ADV (Prop_plle2_adv_CLKIN1_CLKOUT1)
                                                     -8.206    -5.620 r  pll_inst/inst/plle2_adv_inst/CLKOUT1
                         net (fo=1, routed)           1.718    -3.902    pll_inst/inst/clk_out2_clk_wiz_0
    BUFGCTRL_X0Y1        BUFG (Prop_bufg_I_O)         0.091    -3.811 r  pll_inst/inst/clkout2_buf/O
                         net (fo=8, routed)           1.688    -2.123    hdmi_encoder/U0/DataEncoders[1].DataSerializer/SerialClk
    OLOGIC_X1Y136        OSERDESE2                                    r  hdmi_encoder/U0/DataEncoders[1].DataSerializer/SerializerMaster/CLK
  -------------------------------------------------------------------    -------------------
    OLOGIC_X1Y136        OSERDESE2 (Prop_oserdese2_CLK_OQ)
                                                      0.449    -1.674 r  hdmi_encoder/U0/DataEncoders[1].DataSerializer/SerializerMaster/OQ
                         net (fo=1, routed)           0.001    -1.673    hdmi_encoder/U0/DataEncoders[1].DataSerializer/sDataOut
    AA1                  OBUFDS (Prop_obufds_I_O)     1.776     0.103 r  hdmi_encoder/U0/DataEncoders[1].DataSerializer/OutputBuffer/O
                         net (fo=0)                   0.000     0.103    HDMI_TX_P[1]
    AA1                                                               r  HDMI_TX_P[1] (OUT)
  -------------------------------------------------------------------    -------------------

Slack:                    inf
  Source:                 hdmi_encoder/U0/DataEncoders[2].DataSerializer/SerializerMaster/CLK
                            (rising edge-triggered cell OSERDESE2 clocked by clk_out2_clk_wiz_0_1  {rise@0.000ns fall@4.000ns period=8.000ns})
  Destination:            HDMI_TX_P[2]
                            (output port)
  Path Group:             (none)
  Path Type:              Min at Slow Process Corner
  Data Path Delay:        2.228ns  (logic 2.227ns (99.955%)  route 0.001ns (0.045%))
  Logic Levels:           1  (OBUFDS=1)
  Clock Uncertainty:      0.165ns  ((TSJ^2 + DJ^2)^1/2) / 2 + PE
    Total System Jitter     (TSJ):    0.050ns
    Discrete Jitter          (DJ):    0.124ns
    Phase Error              (PE):    0.099ns

    Location             Delay type                Incr(ns)  Path(ns)    Netlist Resource(s)
  -------------------------------------------------------------------    -------------------
                         (clock clk_out2_clk_wiz_0_1 rise edge)
                                                      0.000     0.000 r  
    R4                                                0.000     0.000 r  CLK100MHZ (IN)
                         net (fo=0)                   0.000     0.000    pll_inst/inst/clk_in1
    R4                   IBUF (Prop_ibuf_I_O)         1.405     1.405 r  pll_inst/inst/clkin1_ibufg/O
                         net (fo=1, routed)           1.181     2.586    pll_inst/inst/clk_in1_clk_wiz_0
    PLLE2_ADV_X1Y2       PLLE2_ADV (Prop_plle2_adv_CLKIN1_CLKOUT1)
                                                     -8.206    -5.620 r  pll_inst/inst/plle2_adv_inst/CLKOUT1
                         net (fo=1, routed)           1.718    -3.902    pll_inst/inst/clk_out2_clk_wiz_0
    BUFGCTRL_X0Y1        BUFG (Prop_bufg_I_O)         0.091    -3.811 r  pll_inst/inst/clkout2_buf/O
                         net (fo=8, routed)           1.687    -2.124    hdmi_encoder/U0/DataEncoders[2].DataSerializer/SerialClk
    OLOGIC_X1Y134        OSERDESE2                                    r  hdmi_encoder/U0/DataEncoders[2].DataSerializer/SerializerMaster/CLK
  -------------------------------------------------------------------    -------------------
    OLOGIC_X1Y134        OSERDESE2 (Prop_oserdese2_CLK_OQ)
                                                      0.449    -1.675 r  hdmi_encoder/U0/DataEncoders[2].DataSerializer/SerializerMaster/OQ
                         net (fo=1, routed)           0.001    -1.674    hdmi_encoder/U0/DataEncoders[2].DataSerializer/sDataOut
    AB3                  OBUFDS (Prop_obufds_I_O)     1.778     0.104 r  hdmi_encoder/U0/DataEncoders[2].DataSerializer/OutputBuffer/O
                         net (fo=0)                   0.000     0.104    HDMI_TX_P[2]
    AB3                                                               r  HDMI_TX_P[2] (OUT)
  -------------------------------------------------------------------    -------------------

Slack:                    inf
  Source:                 hdmi_encoder/U0/DataEncoders[1].DataSerializer/SerializerMaster/CLK
                            (rising edge-triggered cell OSERDESE2 clocked by clk_out2_clk_wiz_0_1  {rise@0.000ns fall@4.000ns period=8.000ns})
  Destination:            HDMI_TX_N[1]
                            (output port)
  Path Group:             (none)
  Path Type:              Min at Slow Process Corner
  Data Path Delay:        2.227ns  (logic 2.226ns (99.955%)  route 0.001ns (0.045%))
  Logic Levels:           1  (OBUFDS=1)
  Clock Uncertainty:      0.165ns  ((TSJ^2 + DJ^2)^1/2) / 2 + PE
    Total System Jitter     (TSJ):    0.050ns
    Discrete Jitter          (DJ):    0.124ns
    Phase Error              (PE):    0.099ns

    Location             Delay type                Incr(ns)  Path(ns)    Netlist Resource(s)
  -------------------------------------------------------------------    -------------------
                         (clock clk_out2_clk_wiz_0_1 rise edge)
                                                      0.000     0.000 r  
    R4                                                0.000     0.000 r  CLK100MHZ (IN)
                         net (fo=0)                   0.000     0.000    pll_inst/inst/clk_in1
    R4                   IBUF (Prop_ibuf_I_O)         1.405     1.405 r  pll_inst/inst/clkin1_ibufg/O
                         net (fo=1, routed)           1.181     2.586    pll_inst/inst/clk_in1_clk_wiz_0
    PLLE2_ADV_X1Y2       PLLE2_ADV (Prop_plle2_adv_CLKIN1_CLKOUT1)
                                                     -8.206    -5.620 r  pll_inst/inst/plle2_adv_inst/CLKOUT1
                         net (fo=1, routed)           1.718    -3.902    pll_inst/inst/clk_out2_clk_wiz_0
    BUFGCTRL_X0Y1        BUFG (Prop_bufg_I_O)         0.091    -3.811 r  pll_inst/inst/clkout2_buf/O
                         net (fo=8, routed)           1.688    -2.123    hdmi_encoder/U0/DataEncoders[1].DataSerializer/SerialClk
    OLOGIC_X1Y136        OSERDESE2                                    r  hdmi_encoder/U0/DataEncoders[1].DataSerializer/SerializerMaster/CLK
  -------------------------------------------------------------------    -------------------
    OLOGIC_X1Y136        OSERDESE2 (Prop_oserdese2_CLK_OQ)
                                                      0.449    -1.674 r  hdmi_encoder/U0/DataEncoders[1].DataSerializer/SerializerMaster/OQ
                         net (fo=1, routed)           0.001    -1.673    hdmi_encoder/U0/DataEncoders[1].DataSerializer/sDataOut
    AA1                  OBUFDS (Prop_obufds_I_OB)    1.777     0.104 r  hdmi_encoder/U0/DataEncoders[1].DataSerializer/OutputBuffer/OB
                         net (fo=0)                   0.000     0.104    HDMI_TX_N[1]
    AB1                                                               r  HDMI_TX_N[1] (OUT)
  -------------------------------------------------------------------    -------------------

Slack:                    inf
  Source:                 hdmi_encoder/U0/DataEncoders[2].DataSerializer/SerializerMaster/CLK
                            (rising edge-triggered cell OSERDESE2 clocked by clk_out2_clk_wiz_0_1  {rise@0.000ns fall@4.000ns period=8.000ns})
  Destination:            HDMI_TX_N[2]
                            (output port)
  Path Group:             (none)
  Path Type:              Min at Slow Process Corner
  Data Path Delay:        2.229ns  (logic 2.228ns (99.955%)  route 0.001ns (0.045%))
  Logic Levels:           1  (OBUFDS=1)
  Clock Uncertainty:      0.165ns  ((TSJ^2 + DJ^2)^1/2) / 2 + PE
    Total System Jitter     (TSJ):    0.050ns
    Discrete Jitter          (DJ):    0.124ns
    Phase Error              (PE):    0.099ns

    Location             Delay type                Incr(ns)  Path(ns)    Netlist Resource(s)
  -------------------------------------------------------------------    -------------------
                         (clock clk_out2_clk_wiz_0_1 rise edge)
                                                      0.000     0.000 r  
    R4                                                0.000     0.000 r  CLK100MHZ (IN)
                         net (fo=0)                   0.000     0.000    pll_inst/inst/clk_in1
    R4                   IBUF (Prop_ibuf_I_O)         1.405     1.405 r  pll_inst/inst/clkin1_ibufg/O
                         net (fo=1, routed)           1.181     2.586    pll_inst/inst/clk_in1_clk_wiz_0
    PLLE2_ADV_X1Y2       PLLE2_ADV (Prop_plle2_adv_CLKIN1_CLKOUT1)
                                                     -8.206    -5.620 r  pll_inst/inst/plle2_adv_inst/CLKOUT1
                         net (fo=1, routed)           1.718    -3.902    pll_inst/inst/clk_out2_clk_wiz_0
    BUFGCTRL_X0Y1        BUFG (Prop_bufg_I_O)         0.091    -3.811 r  pll_inst/inst/clkout2_buf/O
                         net (fo=8, routed)           1.687    -2.124    hdmi_encoder/U0/DataEncoders[2].DataSerializer/SerialClk
    OLOGIC_X1Y134        OSERDESE2                                    r  hdmi_encoder/U0/DataEncoders[2].DataSerializer/SerializerMaster/CLK
  -------------------------------------------------------------------    -------------------
    OLOGIC_X1Y134        OSERDESE2 (Prop_oserdese2_CLK_OQ)
                                                      0.449    -1.675 r  hdmi_encoder/U0/DataEncoders[2].DataSerializer/SerializerMaster/OQ
                         net (fo=1, routed)           0.001    -1.674    hdmi_encoder/U0/DataEncoders[2].DataSerializer/sDataOut
    AB3                  OBUFDS (Prop_obufds_I_OB)    1.779     0.105 r  hdmi_encoder/U0/DataEncoders[2].DataSerializer/OutputBuffer/OB
                         net (fo=0)                   0.000     0.105    HDMI_TX_N[2]
    AB2                                                               r  HDMI_TX_N[2] (OUT)
  -------------------------------------------------------------------    -------------------





--------------------------------------------------------------------------------------
Path Group:  (none)
From Clock:  clk_out3_clk_wiz_0_1
  To Clock:  

Max Delay             8 Endpoints
Min Delay             8 Endpoints
--------------------------------------------------------------------------------------


Max Delay Paths
--------------------------------------------------------------------------------------
Slack:                    inf
  Source:                 clint_inst/mtimecmp_reg[2]/C
                            (rising edge-triggered cell FDSE clocked by clk_out3_clk_wiz_0_1  {rise@0.000ns fall@5.000ns period=10.000ns})
  Destination:            LED[1]
                            (output port)
  Path Group:             (none)
  Path Type:              Max at Slow Process Corner
  Data Path Delay:        10.688ns  (logic 4.876ns (45.622%)  route 5.812ns (54.378%))
  Logic Levels:           10  (CARRY4=8 LUT4=1 OBUF=1)
  Clock Uncertainty:      0.168ns  ((TSJ^2 + DJ^2)^1/2) / 2 + PE
    Total System Jitter     (TSJ):    0.050ns
    Discrete Jitter          (DJ):    0.129ns
    Phase Error              (PE):    0.099ns

    Location             Delay type                Incr(ns)  Path(ns)    Netlist Resource(s)
  -------------------------------------------------------------------    -------------------
                         (clock clk_out3_clk_wiz_0_1 rise edge)
                                                      0.000     0.000 r  
    R4                                                0.000     0.000 r  CLK100MHZ (IN)
                         net (fo=0)                   0.000     0.000    pll_inst/inst/clk_in1
    R4                   IBUF (Prop_ibuf_I_O)         1.475     1.475 r  pll_inst/inst/clkin1_ibufg/O
                         net (fo=1, routed)           1.253     2.728    pll_inst/inst/clk_in1_clk_wiz_0
    PLLE2_ADV_X1Y2       PLLE2_ADV (Prop_plle2_adv_CLKIN1_CLKOUT2)
                                                     -8.953    -6.225 r  pll_inst/inst/plle2_adv_inst/CLKOUT2
                         net (fo=1, routed)           1.802    -4.422    pll_inst/inst/clk_out3_clk_wiz_0
    BUFGCTRL_X0Y2        BUFG (Prop_bufg_I_O)         0.096    -4.326 r  pll_inst/inst/clkout3_buf/O
                         net (fo=2500, routed)        2.120    -2.206    clint_inst/clk_out3
    SLICE_X34Y3          FDSE                                         r  clint_inst/mtimecmp_reg[2]/C
  -------------------------------------------------------------------    -------------------
    SLICE_X34Y3          FDSE (Prop_fdse_C_Q)         0.456    -1.750 r  clint_inst/mtimecmp_reg[2]/Q
                         net (fo=3, routed)           1.017    -0.733    clint_inst/mtimecmp_reg_n_0_[2]
    SLICE_X35Y3          LUT4 (Prop_lut4_I2_O)        0.124    -0.609 r  clint_inst/LED_OBUF[1]_inst_i_71/O
                         net (fo=1, routed)           0.000    -0.609    clint_inst/LED_OBUF[1]_inst_i_71_n_0
    SLICE_X35Y3          CARRY4 (Prop_carry4_S[1]_CO[3])
                                                      0.550    -0.059 r  clint_inst/LED_OBUF[1]_inst_i_56/CO[3]
                         net (fo=1, routed)           0.000    -0.059    clint_inst/LED_OBUF[1]_inst_i_56_n_0
    SLICE_X35Y4          CARRY4 (Prop_carry4_CI_CO[3])
                                                      0.114     0.055 r  clint_inst/LED_OBUF[1]_inst_i_47/CO[3]
                         net (fo=1, routed)           0.000     0.055    clint_inst/LED_OBUF[1]_inst_i_47_n_0
    SLICE_X35Y5          CARRY4 (Prop_carry4_CI_CO[3])
                                                      0.114     0.169 r  clint_inst/LED_OBUF[1]_inst_i_38/CO[3]
                         net (fo=1, routed)           0.000     0.169    clint_inst/LED_OBUF[1]_inst_i_38_n_0
    SLICE_X35Y6          CARRY4 (Prop_carry4_CI_CO[3])
                                                      0.114     0.283 r  clint_inst/LED_OBUF[1]_inst_i_29/CO[3]
                         net (fo=1, routed)           0.000     0.283    clint_inst/LED_OBUF[1]_inst_i_29_n_0
    SLICE_X35Y7          CARRY4 (Prop_carry4_CI_CO[3])
                                                      0.114     0.397 r  clint_inst/LED_OBUF[1]_inst_i_20/CO[3]
                         net (fo=1, routed)           0.000     0.397    clint_inst/LED_OBUF[1]_inst_i_20_n_0
    SLICE_X35Y8          CARRY4 (Prop_carry4_CI_CO[3])
                                                      0.114     0.511 r  clint_inst/LED_OBUF[1]_inst_i_11/CO[3]
                         net (fo=1, routed)           0.000     0.511    clint_inst/LED_OBUF[1]_inst_i_11_n_0
    SLICE_X35Y9          CARRY4 (Prop_carry4_CI_CO[3])
                                                      0.114     0.625 r  clint_inst/LED_OBUF[1]_inst_i_2/CO[3]
                         net (fo=1, routed)           0.000     0.625    clint_inst/LED_OBUF[1]_inst_i_2_n_0
    SLICE_X35Y10         CARRY4 (Prop_carry4_CI_CO[3])
                                                      0.114     0.739 r  clint_inst/LED_OBUF[1]_inst_i_1/CO[3]
                         net (fo=3, routed)           4.795     5.534    LED_OBUF[1]
    T15                  OBUF (Prop_obuf_I_O)         2.948     8.482 r  LED_OBUF[1]_inst/O
                         net (fo=0)                   0.000     8.482    LED[1]
    T15                                                               r  LED[1] (OUT)
  -------------------------------------------------------------------    -------------------

Slack:                    inf
  Source:                 uart_tx_inst/tx_reg/C
                            (rising edge-triggered cell FDPE clocked by clk_out3_clk_wiz_0_1  {rise@0.000ns fall@5.000ns period=10.000ns})
  Destination:            uart_tx
                            (output port)
  Path Group:             (none)
  Path Type:              Max at Slow Process Corner
  Data Path Delay:        8.208ns  (logic 4.086ns (49.786%)  route 4.122ns (50.214%))
  Logic Levels:           1  (OBUF=1)
  Clock Uncertainty:      0.168ns  ((TSJ^2 + DJ^2)^1/2) / 2 + PE
    Total System Jitter     (TSJ):    0.050ns
    Discrete Jitter          (DJ):    0.129ns
    Phase Error              (PE):    0.099ns

    Location             Delay type                Incr(ns)  Path(ns)    Netlist Resource(s)
  -------------------------------------------------------------------    -------------------
                         (clock clk_out3_clk_wiz_0_1 rise edge)
                                                      0.000     0.000 r  
    R4                                                0.000     0.000 r  CLK100MHZ (IN)
                         net (fo=0)                   0.000     0.000    pll_inst/inst/clk_in1
    R4                   IBUF (Prop_ibuf_I_O)         1.475     1.475 r  pll_inst/inst/clkin1_ibufg/O
                         net (fo=1, routed)           1.253     2.728    pll_inst/inst/clk_in1_clk_wiz_0
    PLLE2_ADV_X1Y2       PLLE2_ADV (Prop_plle2_adv_CLKIN1_CLKOUT2)
                                                     -8.953    -6.225 r  pll_inst/inst/plle2_adv_inst/CLKOUT2
                         net (fo=1, routed)           1.802    -4.422    pll_inst/inst/clk_out3_clk_wiz_0
    BUFGCTRL_X0Y2        BUFG (Prop_bufg_I_O)         0.096    -4.326 r  pll_inst/inst/clkout3_buf/O
                         net (fo=2500, routed)        2.203    -2.123    uart_tx_inst/clk_out3
    SLICE_X2Y15          FDPE                                         r  uart_tx_inst/tx_reg/C
  -------------------------------------------------------------------    -------------------
    SLICE_X2Y15          FDPE (Prop_fdpe_C_Q)         0.518    -1.605 r  uart_tx_inst/tx_reg/Q
                         net (fo=1, routed)           4.122     2.517    uart_tx_OBUF
    AA19                 OBUF (Prop_obuf_I_O)         3.568     6.085 r  uart_tx_OBUF_inst/O
                         net (fo=0)                   0.000     6.085    uart_tx
    AA19                                                              r  uart_tx (OUT)
  -------------------------------------------------------------------    -------------------

Slack:                    inf
  Source:                 kb_new_data_reg/C
                            (rising edge-triggered cell FDCE clocked by clk_out3_clk_wiz_0_1  {rise@0.000ns fall@5.000ns period=10.000ns})
  Destination:            LED[2]
                            (output port)
  Path Group:             (none)
  Path Type:              Max at Slow Process Corner
  Data Path Delay:        6.550ns  (logic 3.433ns (52.414%)  route 3.117ns (47.586%))
  Logic Levels:           1  (OBUF=1)
  Clock Uncertainty:      0.168ns  ((TSJ^2 + DJ^2)^1/2) / 2 + PE
    Total System Jitter     (TSJ):    0.050ns
    Discrete Jitter          (DJ):    0.129ns
    Phase Error              (PE):    0.099ns

    Location             Delay type                Incr(ns)  Path(ns)    Netlist Resource(s)
  -------------------------------------------------------------------    -------------------
                         (clock clk_out3_clk_wiz_0_1 rise edge)
                                                      0.000     0.000 r  
    R4                                                0.000     0.000 r  CLK100MHZ (IN)
                         net (fo=0)                   0.000     0.000    pll_inst/inst/clk_in1
    R4                   IBUF (Prop_ibuf_I_O)         1.475     1.475 r  pll_inst/inst/clkin1_ibufg/O
                         net (fo=1, routed)           1.253     2.728    pll_inst/inst/clk_in1_clk_wiz_0
    PLLE2_ADV_X1Y2       PLLE2_ADV (Prop_plle2_adv_CLKIN1_CLKOUT2)
                                                     -8.953    -6.225 r  pll_inst/inst/plle2_adv_inst/CLKOUT2
                         net (fo=1, routed)           1.802    -4.422    pll_inst/inst/clk_out3_clk_wiz_0
    BUFGCTRL_X0Y2        BUFG (Prop_bufg_I_O)         0.096    -4.326 r  pll_inst/inst/clkout3_buf/O
                         net (fo=2500, routed)        2.118    -2.208    sys_clk
    SLICE_X14Y20         FDCE                                         r  kb_new_data_reg/C
  -------------------------------------------------------------------    -------------------
    SLICE_X14Y20         FDCE (Prop_fdce_C_Q)         0.518    -1.690 r  kb_new_data_reg/Q
                         net (fo=3, routed)           3.117     1.427    LED_OBUF[2]
    T16                  OBUF (Prop_obuf_I_O)         2.915     4.342 r  LED_OBUF[2]_inst/O
                         net (fo=0)                   0.000     4.342    LED[2]
    T16                                                               r  LED[2] (OUT)
  -------------------------------------------------------------------    -------------------

Slack:                    inf
  Source:                 kb_scancode_sys_reg[3]/C
                            (rising edge-triggered cell FDCE clocked by clk_out3_clk_wiz_0_1  {rise@0.000ns fall@5.000ns period=10.000ns})
  Destination:            LED[7]
                            (output port)
  Path Group:             (none)
  Path Type:              Max at Slow Process Corner
  Data Path Delay:        6.491ns  (logic 3.425ns (52.762%)  route 3.066ns (47.238%))
  Logic Levels:           1  (OBUF=1)
  Clock Uncertainty:      0.168ns  ((TSJ^2 + DJ^2)^1/2) / 2 + PE
    Total System Jitter     (TSJ):    0.050ns
    Discrete Jitter          (DJ):    0.129ns
    Phase Error              (PE):    0.099ns

    Location             Delay type                Incr(ns)  Path(ns)    Netlist Resource(s)
  -------------------------------------------------------------------    -------------------
                         (clock clk_out3_clk_wiz_0_1 rise edge)
                                                      0.000     0.000 r  
    R4                                                0.000     0.000 r  CLK100MHZ (IN)
                         net (fo=0)                   0.000     0.000    pll_inst/inst/clk_in1
    R4                   IBUF (Prop_ibuf_I_O)         1.475     1.475 r  pll_inst/inst/clkin1_ibufg/O
                         net (fo=1, routed)           1.253     2.728    pll_inst/inst/clk_in1_clk_wiz_0
    PLLE2_ADV_X1Y2       PLLE2_ADV (Prop_plle2_adv_CLKIN1_CLKOUT2)
                                                     -8.953    -6.225 r  pll_inst/inst/plle2_adv_inst/CLKOUT2
                         net (fo=1, routed)           1.802    -4.422    pll_inst/inst/clk_out3_clk_wiz_0
    BUFGCTRL_X0Y2        BUFG (Prop_bufg_I_O)         0.096    -4.326 r  pll_inst/inst/clkout3_buf/O
                         net (fo=2500, routed)        2.131    -2.195    sys_clk
    SLICE_X13Y46         FDCE                                         r  kb_scancode_sys_reg[3]/C
  -------------------------------------------------------------------    -------------------
    SLICE_X13Y46         FDCE (Prop_fdce_C_Q)         0.456    -1.739 r  kb_scancode_sys_reg[3]/Q
                         net (fo=2, routed)           3.066     1.327    LED_OBUF[7]
    Y13                  OBUF (Prop_obuf_I_O)         2.969     4.296 r  LED_OBUF[7]_inst/O
                         net (fo=0)                   0.000     4.296    LED[7]
    Y13                                                               r  LED[7] (OUT)
  -------------------------------------------------------------------    -------------------

Slack:                    inf
  Source:                 kb_scancode_sys_reg[2]/C
                            (rising edge-triggered cell FDCE clocked by clk_out3_clk_wiz_0_1  {rise@0.000ns fall@5.000ns period=10.000ns})
  Destination:            LED[6]
                            (output port)
  Path Group:             (none)
  Path Type:              Max at Slow Process Corner
  Data Path Delay:        6.344ns  (logic 3.371ns (53.141%)  route 2.973ns (46.859%))
  Logic Levels:           1  (OBUF=1)
  Clock Uncertainty:      0.168ns  ((TSJ^2 + DJ^2)^1/2) / 2 + PE
    Total System Jitter     (TSJ):    0.050ns
    Discrete Jitter          (DJ):    0.129ns
    Phase Error              (PE):    0.099ns

    Location             Delay type                Incr(ns)  Path(ns)    Netlist Resource(s)
  -------------------------------------------------------------------    -------------------
                         (clock clk_out3_clk_wiz_0_1 rise edge)
                                                      0.000     0.000 r  
    R4                                                0.000     0.000 r  CLK100MHZ (IN)
                         net (fo=0)                   0.000     0.000    pll_inst/inst/clk_in1
    R4                   IBUF (Prop_ibuf_I_O)         1.475     1.475 r  pll_inst/inst/clkin1_ibufg/O
                         net (fo=1, routed)           1.253     2.728    pll_inst/inst/clk_in1_clk_wiz_0
    PLLE2_ADV_X1Y2       PLLE2_ADV (Prop_plle2_adv_CLKIN1_CLKOUT2)
                                                     -8.953    -6.225 r  pll_inst/inst/plle2_adv_inst/CLKOUT2
                         net (fo=1, routed)           1.802    -4.422    pll_inst/inst/clk_out3_clk_wiz_0
    BUFGCTRL_X0Y2        BUFG (Prop_bufg_I_O)         0.096    -4.326 r  pll_inst/inst/clkout3_buf/O
                         net (fo=2500, routed)        2.129    -2.197    sys_clk
    SLICE_X13Y39         FDCE                                         r  kb_scancode_sys_reg[2]/C
  -------------------------------------------------------------------    -------------------
    SLICE_X13Y39         FDCE (Prop_fdce_C_Q)         0.456    -1.741 r  kb_scancode_sys_reg[2]/Q
                         net (fo=2, routed)           2.973     1.232    LED_OBUF[6]
    W15                  OBUF (Prop_obuf_I_O)         2.915     4.147 r  LED_OBUF[6]_inst/O
                         net (fo=0)                   0.000     4.147    LED[6]
    W15                                                               r  LED[6] (OUT)
  -------------------------------------------------------------------    -------------------

Slack:                    inf
  Source:                 kb_scancode_sys_reg[1]/C
                            (rising edge-triggered cell FDCE clocked by clk_out3_clk_wiz_0_1  {rise@0.000ns fall@5.000ns period=10.000ns})
  Destination:            LED[5]
                            (output port)
  Path Group:             (none)
  Path Type:              Max at Slow Process Corner
  Data Path Delay:        6.337ns  (logic 3.377ns (53.282%)  route 2.961ns (46.718%))
  Logic Levels:           1  (OBUF=1)
  Clock Uncertainty:      0.168ns  ((TSJ^2 + DJ^2)^1/2) / 2 + PE
    Total System Jitter     (TSJ):    0.050ns
    Discrete Jitter          (DJ):    0.129ns
    Phase Error              (PE):    0.099ns

    Location             Delay type                Incr(ns)  Path(ns)    Netlist Resource(s)
  -------------------------------------------------------------------    -------------------
                         (clock clk_out3_clk_wiz_0_1 rise edge)
                                                      0.000     0.000 r  
    R4                                                0.000     0.000 r  CLK100MHZ (IN)
                         net (fo=0)                   0.000     0.000    pll_inst/inst/clk_in1
    R4                   IBUF (Prop_ibuf_I_O)         1.475     1.475 r  pll_inst/inst/clkin1_ibufg/O
                         net (fo=1, routed)           1.253     2.728    pll_inst/inst/clk_in1_clk_wiz_0
    PLLE2_ADV_X1Y2       PLLE2_ADV (Prop_plle2_adv_CLKIN1_CLKOUT2)
                                                     -8.953    -6.225 r  pll_inst/inst/plle2_adv_inst/CLKOUT2
                         net (fo=1, routed)           1.802    -4.422    pll_inst/inst/clk_out3_clk_wiz_0
    BUFGCTRL_X0Y2        BUFG (Prop_bufg_I_O)         0.096    -4.326 r  pll_inst/inst/clkout3_buf/O
                         net (fo=2500, routed)        2.129    -2.197    sys_clk
    SLICE_X13Y39         FDCE                                         r  kb_scancode_sys_reg[1]/C
  -------------------------------------------------------------------    -------------------
    SLICE_X13Y39         FDCE (Prop_fdce_C_Q)         0.456    -1.741 r  kb_scancode_sys_reg[1]/Q
                         net (fo=2, routed)           2.961     1.220    LED_OBUF[5]
    W16                  OBUF (Prop_obuf_I_O)         2.921     4.141 r  LED_OBUF[5]_inst/O
                         net (fo=0)                   0.000     4.141    LED[5]
    W16                                                               r  LED[5] (OUT)
  -------------------------------------------------------------------    -------------------

Slack:                    inf
  Source:                 kb_scancode_sys_reg[0]/C
                            (rising edge-triggered cell FDCE clocked by clk_out3_clk_wiz_0_1  {rise@0.000ns fall@5.000ns period=10.000ns})
  Destination:            LED[4]
                            (output port)
  Path Group:             (none)
  Path Type:              Max at Slow Process Corner
  Data Path Delay:        5.983ns  (logic 3.449ns (57.647%)  route 2.534ns (42.353%))
  Logic Levels:           1  (OBUF=1)
  Clock Uncertainty:      0.168ns  ((TSJ^2 + DJ^2)^1/2) / 2 + PE
    Total System Jitter     (TSJ):    0.050ns
    Discrete Jitter          (DJ):    0.129ns
    Phase Error              (PE):    0.099ns

    Location             Delay type                Incr(ns)  Path(ns)    Netlist Resource(s)
  -------------------------------------------------------------------    -------------------
                         (clock clk_out3_clk_wiz_0_1 rise edge)
                                                      0.000     0.000 r  
    R4                                                0.000     0.000 r  CLK100MHZ (IN)
                         net (fo=0)                   0.000     0.000    pll_inst/inst/clk_in1
    R4                   IBUF (Prop_ibuf_I_O)         1.475     1.475 r  pll_inst/inst/clkin1_ibufg/O
                         net (fo=1, routed)           1.253     2.728    pll_inst/inst/clk_in1_clk_wiz_0
    PLLE2_ADV_X1Y2       PLLE2_ADV (Prop_plle2_adv_CLKIN1_CLKOUT2)
                                                     -8.953    -6.225 r  pll_inst/inst/plle2_adv_inst/CLKOUT2
                         net (fo=1, routed)           1.802    -4.422    pll_inst/inst/clk_out3_clk_wiz_0
    BUFGCTRL_X0Y2        BUFG (Prop_bufg_I_O)         0.096    -4.326 r  pll_inst/inst/clkout3_buf/O
                         net (fo=2500, routed)        2.129    -2.197    sys_clk
    SLICE_X8Y45          FDCE                                         r  kb_scancode_sys_reg[0]/C
  -------------------------------------------------------------------    -------------------
    SLICE_X8Y45          FDCE (Prop_fdce_C_Q)         0.518    -1.679 r  kb_scancode_sys_reg[0]/Q
                         net (fo=2, routed)           2.534     0.855    LED_OBUF[4]
    V15                  OBUF (Prop_obuf_I_O)         2.931     3.787 r  LED_OBUF[4]_inst/O
                         net (fo=0)                   0.000     3.787    LED[4]
    V15                                                               r  LED[4] (OUT)
  -------------------------------------------------------------------    -------------------

Slack:                    inf
  Source:                 cpu_clk_enable_reg_lopt_replica/C
                            (rising edge-triggered cell FDCE clocked by clk_out3_clk_wiz_0_1  {rise@0.000ns fall@5.000ns period=10.000ns})
  Destination:            LED[0]
                            (output port)
  Path Group:             (none)
  Path Type:              Max at Slow Process Corner
  Data Path Delay:        5.281ns  (logic 3.410ns (64.562%)  route 1.872ns (35.438%))
  Logic Levels:           1  (OBUF=1)
  Clock Uncertainty:      0.168ns  ((TSJ^2 + DJ^2)^1/2) / 2 + PE
    Total System Jitter     (TSJ):    0.050ns
    Discrete Jitter          (DJ):    0.129ns
    Phase Error              (PE):    0.099ns

    Location             Delay type                Incr(ns)  Path(ns)    Netlist Resource(s)
  -------------------------------------------------------------------    -------------------
                         (clock clk_out3_clk_wiz_0_1 rise edge)
                                                      0.000     0.000 r  
    R4                                                0.000     0.000 r  CLK100MHZ (IN)
                         net (fo=0)                   0.000     0.000    pll_inst/inst/clk_in1
    R4                   IBUF (Prop_ibuf_I_O)         1.475     1.475 r  pll_inst/inst/clkin1_ibufg/O
                         net (fo=1, routed)           1.253     2.728    pll_inst/inst/clk_in1_clk_wiz_0
    PLLE2_ADV_X1Y2       PLLE2_ADV (Prop_plle2_adv_CLKIN1_CLKOUT2)
                                                     -8.953    -6.225 r  pll_inst/inst/plle2_adv_inst/CLKOUT2
                         net (fo=1, routed)           1.802    -4.422    pll_inst/inst/clk_out3_clk_wiz_0
    BUFGCTRL_X0Y2        BUFG (Prop_bufg_I_O)         0.096    -4.326 r  pll_inst/inst/clkout3_buf/O
                         net (fo=2500, routed)        2.021    -2.305    sys_clk
    SLICE_X0Y62          FDCE                                         r  cpu_clk_enable_reg_lopt_replica/C
  -------------------------------------------------------------------    -------------------
    SLICE_X0Y62          FDCE (Prop_fdce_C_Q)         0.456    -1.849 r  cpu_clk_enable_reg_lopt_replica/Q
                         net (fo=1, routed)           1.872     0.023    cpu_clk_enable_reg_lopt_replica_1
    T14                  OBUF (Prop_obuf_I_O)         2.954     2.977 r  LED_OBUF[0]_inst/O
                         net (fo=0)                   0.000     2.977    LED[0]
    T14                                                               r  LED[0] (OUT)
  -------------------------------------------------------------------    -------------------





Min Delay Paths
--------------------------------------------------------------------------------------
Slack:                    inf
  Source:                 cpu_clk_enable_reg_lopt_replica/C
                            (rising edge-triggered cell FDCE clocked by clk_out3_clk_wiz_0_1  {rise@0.000ns fall@5.000ns period=10.000ns})
  Destination:            LED[0]
                            (output port)
  Path Group:             (none)
  Path Type:              Min at Fast Process Corner
  Data Path Delay:        1.788ns  (logic 1.358ns (75.972%)  route 0.430ns (24.028%))
  Logic Levels:           1  (OBUF=1)
  Clock Uncertainty:      0.168ns  ((TSJ^2 + DJ^2)^1/2) / 2 + PE
    Total System Jitter     (TSJ):    0.050ns
    Discrete Jitter          (DJ):    0.129ns
    Phase Error              (PE):    0.099ns

    Location             Delay type                Incr(ns)  Path(ns)    Netlist Resource(s)
  -------------------------------------------------------------------    -------------------
                         (clock clk_out3_clk_wiz_0_1 rise edge)
                                                      0.000     0.000 r  
    R4                                                0.000     0.000 r  CLK100MHZ (IN)
                         net (fo=0)                   0.000     0.000    pll_inst/inst/clk_in1
    R4                   IBUF (Prop_ibuf_I_O)         0.243     0.243 r  pll_inst/inst/clkin1_ibufg/O
                         net (fo=1, routed)           0.440     0.683    pll_inst/inst/clk_in1_clk_wiz_0
    PLLE2_ADV_X1Y2       PLLE2_ADV (Prop_plle2_adv_CLKIN1_CLKOUT2)
                                                     -2.503    -1.819 r  pll_inst/inst/plle2_adv_inst/CLKOUT2
                         net (fo=1, routed)           0.546    -1.273    pll_inst/inst/clk_out3_clk_wiz_0
    BUFGCTRL_X0Y2        BUFG (Prop_bufg_I_O)         0.026    -1.247 r  pll_inst/inst/clkout3_buf/O
                         net (fo=2500, routed)        0.720    -0.527    sys_clk
    SLICE_X0Y62          FDCE                                         r  cpu_clk_enable_reg_lopt_replica/C
  -------------------------------------------------------------------    -------------------
    SLICE_X0Y62          FDCE (Prop_fdce_C_Q)         0.141    -0.386 r  cpu_clk_enable_reg_lopt_replica/Q
                         net (fo=1, routed)           0.430     0.043    cpu_clk_enable_reg_lopt_replica_1
    T14                  OBUF (Prop_obuf_I_O)         1.217     1.261 r  LED_OBUF[0]_inst/O
                         net (fo=0)                   0.000     1.261    LED[0]
    T14                                                               r  LED[0] (OUT)
  -------------------------------------------------------------------    -------------------

Slack:                    inf
  Source:                 kb_scancode_sys_reg[0]/C
                            (rising edge-triggered cell FDCE clocked by clk_out3_clk_wiz_0_1  {rise@0.000ns fall@5.000ns period=10.000ns})
  Destination:            LED[4]
                            (output port)
  Path Group:             (none)
  Path Type:              Min at Fast Process Corner
  Data Path Delay:        2.097ns  (logic 1.359ns (64.803%)  route 0.738ns (35.197%))
  Logic Levels:           1  (OBUF=1)
  Clock Uncertainty:      0.168ns  ((TSJ^2 + DJ^2)^1/2) / 2 + PE
    Total System Jitter     (TSJ):    0.050ns
    Discrete Jitter          (DJ):    0.129ns
    Phase Error              (PE):    0.099ns

    Location             Delay type                Incr(ns)  Path(ns)    Netlist Resource(s)
  -------------------------------------------------------------------    -------------------
                         (clock clk_out3_clk_wiz_0_1 rise edge)
                                                      0.000     0.000 r  
    R4                                                0.000     0.000 r  CLK100MHZ (IN)
                         net (fo=0)                   0.000     0.000    pll_inst/inst/clk_in1
    R4                   IBUF (Prop_ibuf_I_O)         0.243     0.243 r  pll_inst/inst/clkin1_ibufg/O
                         net (fo=1, routed)           0.440     0.683    pll_inst/inst/clk_in1_clk_wiz_0
    PLLE2_ADV_X1Y2       PLLE2_ADV (Prop_plle2_adv_CLKIN1_CLKOUT2)
                                                     -2.503    -1.819 r  pll_inst/inst/plle2_adv_inst/CLKOUT2
                         net (fo=1, routed)           0.546    -1.273    pll_inst/inst/clk_out3_clk_wiz_0
    BUFGCTRL_X0Y2        BUFG (Prop_bufg_I_O)         0.026    -1.247 r  pll_inst/inst/clkout3_buf/O
                         net (fo=2500, routed)        0.766    -0.482    sys_clk
    SLICE_X8Y45          FDCE                                         r  kb_scancode_sys_reg[0]/C
  -------------------------------------------------------------------    -------------------
    SLICE_X8Y45          FDCE (Prop_fdce_C_Q)         0.164    -0.318 r  kb_scancode_sys_reg[0]/Q
                         net (fo=2, routed)           0.738     0.421    LED_OBUF[4]
    V15                  OBUF (Prop_obuf_I_O)         1.195     1.616 r  LED_OBUF[4]_inst/O
                         net (fo=0)                   0.000     1.616    LED[4]
    V15                                                               r  LED[4] (OUT)
  -------------------------------------------------------------------    -------------------

Slack:                    inf
  Source:                 kb_scancode_sys_reg[2]/C
                            (rising edge-triggered cell FDCE clocked by clk_out3_clk_wiz_0_1  {rise@0.000ns fall@5.000ns period=10.000ns})
  Destination:            LED[6]
                            (output port)
  Path Group:             (none)
  Path Type:              Min at Fast Process Corner
  Data Path Delay:        2.264ns  (logic 1.320ns (58.314%)  route 0.944ns (41.686%))
  Logic Levels:           1  (OBUF=1)
  Clock Uncertainty:      0.168ns  ((TSJ^2 + DJ^2)^1/2) / 2 + PE
    Total System Jitter     (TSJ):    0.050ns
    Discrete Jitter          (DJ):    0.129ns
    Phase Error              (PE):    0.099ns

    Location             Delay type                Incr(ns)  Path(ns)    Netlist Resource(s)
  -------------------------------------------------------------------    -------------------
                         (clock clk_out3_clk_wiz_0_1 rise edge)
                                                      0.000     0.000 r  
    R4                                                0.000     0.000 r  CLK100MHZ (IN)
                         net (fo=0)                   0.000     0.000    pll_inst/inst/clk_in1
    R4                   IBUF (Prop_ibuf_I_O)         0.243     0.243 r  pll_inst/inst/clkin1_ibufg/O
                         net (fo=1, routed)           0.440     0.683    pll_inst/inst/clk_in1_clk_wiz_0
    PLLE2_ADV_X1Y2       PLLE2_ADV (Prop_plle2_adv_CLKIN1_CLKOUT2)
                                                     -2.503    -1.819 r  pll_inst/inst/plle2_adv_inst/CLKOUT2
                         net (fo=1, routed)           0.546    -1.273    pll_inst/inst/clk_out3_clk_wiz_0
    BUFGCTRL_X0Y2        BUFG (Prop_bufg_I_O)         0.026    -1.247 r  pll_inst/inst/clkout3_buf/O
                         net (fo=2500, routed)        0.764    -0.484    sys_clk
    SLICE_X13Y39         FDCE                                         r  kb_scancode_sys_reg[2]/C
  -------------------------------------------------------------------    -------------------
    SLICE_X13Y39         FDCE (Prop_fdce_C_Q)         0.141    -0.343 r  kb_scancode_sys_reg[2]/Q
                         net (fo=2, routed)           0.944     0.601    LED_OBUF[6]
    W15                  OBUF (Prop_obuf_I_O)         1.179     1.780 r  LED_OBUF[6]_inst/O
                         net (fo=0)                   0.000     1.780    LED[6]
    W15                                                               r  LED[6] (OUT)
  -------------------------------------------------------------------    -------------------

Slack:                    inf
  Source:                 kb_scancode_sys_reg[1]/C
                            (rising edge-triggered cell FDCE clocked by clk_out3_clk_wiz_0_1  {rise@0.000ns fall@5.000ns period=10.000ns})
  Destination:            LED[5]
                            (output port)
  Path Group:             (none)
  Path Type:              Min at Fast Process Corner
  Data Path Delay:        2.273ns  (logic 1.326ns (58.310%)  route 0.948ns (41.690%))
  Logic Levels:           1  (OBUF=1)
  Clock Uncertainty:      0.168ns  ((TSJ^2 + DJ^2)^1/2) / 2 + PE
    Total System Jitter     (TSJ):    0.050ns
    Discrete Jitter          (DJ):    0.129ns
    Phase Error              (PE):    0.099ns

    Location             Delay type                Incr(ns)  Path(ns)    Netlist Resource(s)
  -------------------------------------------------------------------    -------------------
                         (clock clk_out3_clk_wiz_0_1 rise edge)
                                                      0.000     0.000 r  
    R4                                                0.000     0.000 r  CLK100MHZ (IN)
                         net (fo=0)                   0.000     0.000    pll_inst/inst/clk_in1
    R4                   IBUF (Prop_ibuf_I_O)         0.243     0.243 r  pll_inst/inst/clkin1_ibufg/O
                         net (fo=1, routed)           0.440     0.683    pll_inst/inst/clk_in1_clk_wiz_0
    PLLE2_ADV_X1Y2       PLLE2_ADV (Prop_plle2_adv_CLKIN1_CLKOUT2)
                                                     -2.503    -1.819 r  pll_inst/inst/plle2_adv_inst/CLKOUT2
                         net (fo=1, routed)           0.546    -1.273    pll_inst/inst/clk_out3_clk_wiz_0
    BUFGCTRL_X0Y2        BUFG (Prop_bufg_I_O)         0.026    -1.247 r  pll_inst/inst/clkout3_buf/O
                         net (fo=2500, routed)        0.764    -0.484    sys_clk
    SLICE_X13Y39         FDCE                                         r  kb_scancode_sys_reg[1]/C
  -------------------------------------------------------------------    -------------------
    SLICE_X13Y39         FDCE (Prop_fdce_C_Q)         0.141    -0.343 r  kb_scancode_sys_reg[1]/Q
                         net (fo=2, routed)           0.948     0.605    LED_OBUF[5]
    W16                  OBUF (Prop_obuf_I_O)         1.185     1.790 r  LED_OBUF[5]_inst/O
                         net (fo=0)                   0.000     1.790    LED[5]
    W16                                                               r  LED[5] (OUT)
  -------------------------------------------------------------------    -------------------

Slack:                    inf
  Source:                 kb_new_data_reg/C
                            (rising edge-triggered cell FDCE clocked by clk_out3_clk_wiz_0_1  {rise@0.000ns fall@5.000ns period=10.000ns})
  Destination:            LED[2]
                            (output port)
  Path Group:             (none)
  Path Type:              Min at Fast Process Corner
  Data Path Delay:        2.319ns  (logic 1.343ns (57.916%)  route 0.976ns (42.084%))
  Logic Levels:           1  (OBUF=1)
  Clock Uncertainty:      0.168ns  ((TSJ^2 + DJ^2)^1/2) / 2 + PE
    Total System Jitter     (TSJ):    0.050ns
    Discrete Jitter          (DJ):    0.129ns
    Phase Error              (PE):    0.099ns

    Location             Delay type                Incr(ns)  Path(ns)    Netlist Resource(s)
  -------------------------------------------------------------------    -------------------
                         (clock clk_out3_clk_wiz_0_1 rise edge)
                                                      0.000     0.000 r  
    R4                                                0.000     0.000 r  CLK100MHZ (IN)
                         net (fo=0)                   0.000     0.000    pll_inst/inst/clk_in1
    R4                   IBUF (Prop_ibuf_I_O)         0.243     0.243 r  pll_inst/inst/clkin1_ibufg/O
                         net (fo=1, routed)           0.440     0.683    pll_inst/inst/clk_in1_clk_wiz_0
    PLLE2_ADV_X1Y2       PLLE2_ADV (Prop_plle2_adv_CLKIN1_CLKOUT2)
                                                     -2.503    -1.819 r  pll_inst/inst/plle2_adv_inst/CLKOUT2
                         net (fo=1, routed)           0.546    -1.273    pll_inst/inst/clk_out3_clk_wiz_0
    BUFGCTRL_X0Y2        BUFG (Prop_bufg_I_O)         0.026    -1.247 r  pll_inst/inst/clkout3_buf/O
                         net (fo=2500, routed)        0.757    -0.491    sys_clk
    SLICE_X14Y20         FDCE                                         r  kb_new_data_reg/C
  -------------------------------------------------------------------    -------------------
    SLICE_X14Y20         FDCE (Prop_fdce_C_Q)         0.164    -0.327 r  kb_new_data_reg/Q
                         net (fo=3, routed)           0.976     0.649    LED_OBUF[2]
    T16                  OBUF (Prop_obuf_I_O)         1.179     1.828 r  LED_OBUF[2]_inst/O
                         net (fo=0)                   0.000     1.828    LED[2]
    T16                                                               r  LED[2] (OUT)
  -------------------------------------------------------------------    -------------------

Slack:                    inf
  Source:                 kb_scancode_sys_reg[3]/C
                            (rising edge-triggered cell FDCE clocked by clk_out3_clk_wiz_0_1  {rise@0.000ns fall@5.000ns period=10.000ns})
  Destination:            LED[7]
                            (output port)
  Path Group:             (none)
  Path Type:              Min at Fast Process Corner
  Data Path Delay:        2.316ns  (logic 1.373ns (59.281%)  route 0.943ns (40.719%))
  Logic Levels:           1  (OBUF=1)
  Clock Uncertainty:      0.168ns  ((TSJ^2 + DJ^2)^1/2) / 2 + PE
    Total System Jitter     (TSJ):    0.050ns
    Discrete Jitter          (DJ):    0.129ns
    Phase Error              (PE):    0.099ns

    Location             Delay type                Incr(ns)  Path(ns)    Netlist Resource(s)
  -------------------------------------------------------------------    -------------------
                         (clock clk_out3_clk_wiz_0_1 rise edge)
                                                      0.000     0.000 r  
    R4                                                0.000     0.000 r  CLK100MHZ (IN)
                         net (fo=0)                   0.000     0.000    pll_inst/inst/clk_in1
    R4                   IBUF (Prop_ibuf_I_O)         0.243     0.243 r  pll_inst/inst/clkin1_ibufg/O
                         net (fo=1, routed)           0.440     0.683    pll_inst/inst/clk_in1_clk_wiz_0
    PLLE2_ADV_X1Y2       PLLE2_ADV (Prop_plle2_adv_CLKIN1_CLKOUT2)
                                                     -2.503    -1.819 r  pll_inst/inst/plle2_adv_inst/CLKOUT2
                         net (fo=1, routed)           0.546    -1.273    pll_inst/inst/clk_out3_clk_wiz_0
    BUFGCTRL_X0Y2        BUFG (Prop_bufg_I_O)         0.026    -1.247 r  pll_inst/inst/clkout3_buf/O
                         net (fo=2500, routed)        0.766    -0.482    sys_clk
    SLICE_X13Y46         FDCE                                         r  kb_scancode_sys_reg[3]/C
  -------------------------------------------------------------------    -------------------
    SLICE_X13Y46         FDCE (Prop_fdce_C_Q)         0.141    -0.341 r  kb_scancode_sys_reg[3]/Q
                         net (fo=2, routed)           0.943     0.603    LED_OBUF[7]
    Y13                  OBUF (Prop_obuf_I_O)         1.232     1.835 r  LED_OBUF[7]_inst/O
                         net (fo=0)                   0.000     1.835    LED[7]
    Y13                                                               r  LED[7] (OUT)
  -------------------------------------------------------------------    -------------------

Slack:                    inf
  Source:                 uart_tx_inst/tx_reg/C
                            (rising edge-triggered cell FDPE clocked by clk_out3_clk_wiz_0_1  {rise@0.000ns fall@5.000ns period=10.000ns})
  Destination:            uart_tx
                            (output port)
  Path Group:             (none)
  Path Type:              Min at Fast Process Corner
  Data Path Delay:        2.682ns  (logic 1.433ns (53.417%)  route 1.250ns (46.583%))
  Logic Levels:           1  (OBUF=1)
  Clock Uncertainty:      0.168ns  ((TSJ^2 + DJ^2)^1/2) / 2 + PE
    Total System Jitter     (TSJ):    0.050ns
    Discrete Jitter          (DJ):    0.129ns
    Phase Error              (PE):    0.099ns

    Location             Delay type                Incr(ns)  Path(ns)    Netlist Resource(s)
  -------------------------------------------------------------------    -------------------
                         (clock clk_out3_clk_wiz_0_1 rise edge)
                                                      0.000     0.000 r  
    R4                                                0.000     0.000 r  CLK100MHZ (IN)
                         net (fo=0)                   0.000     0.000    pll_inst/inst/clk_in1
    R4                   IBUF (Prop_ibuf_I_O)         0.243     0.243 r  pll_inst/inst/clkin1_ibufg/O
                         net (fo=1, routed)           0.440     0.683    pll_inst/inst/clk_in1_clk_wiz_0
    PLLE2_ADV_X1Y2       PLLE2_ADV (Prop_plle2_adv_CLKIN1_CLKOUT2)
                                                     -2.503    -1.819 r  pll_inst/inst/plle2_adv_inst/CLKOUT2
                         net (fo=1, routed)           0.546    -1.273    pll_inst/inst/clk_out3_clk_wiz_0
    BUFGCTRL_X0Y2        BUFG (Prop_bufg_I_O)         0.026    -1.247 r  pll_inst/inst/clkout3_buf/O
                         net (fo=2500, routed)        0.791    -0.457    uart_tx_inst/clk_out3
    SLICE_X2Y15          FDPE                                         r  uart_tx_inst/tx_reg/C
  -------------------------------------------------------------------    -------------------
    SLICE_X2Y15          FDPE (Prop_fdpe_C_Q)         0.164    -0.293 r  uart_tx_inst/tx_reg/Q
                         net (fo=1, routed)           1.250     0.957    uart_tx_OBUF
    AA19                 OBUF (Prop_obuf_I_O)         1.269     2.226 r  uart_tx_OBUF_inst/O
                         net (fo=0)                   0.000     2.226    uart_tx
    AA19                                                              r  uart_tx (OUT)
  -------------------------------------------------------------------    -------------------

Slack:                    inf
  Source:                 clint_inst/mtimecmp_reg[60]/C
                            (rising edge-triggered cell FDSE clocked by clk_out3_clk_wiz_0_1  {rise@0.000ns fall@5.000ns period=10.000ns})
  Destination:            LED[1]
                            (output port)
  Path Group:             (none)
  Path Type:              Min at Fast Process Corner
  Data Path Delay:        3.337ns  (logic 1.498ns (44.877%)  route 1.840ns (55.123%))
  Logic Levels:           3  (CARRY4=1 LUT4=1 OBUF=1)
  Clock Uncertainty:      0.168ns  ((TSJ^2 + DJ^2)^1/2) / 2 + PE
    Total System Jitter     (TSJ):    0.050ns
    Discrete Jitter          (DJ):    0.129ns
    Phase Error              (PE):    0.099ns

    Location             Delay type                Incr(ns)  Path(ns)    Netlist Resource(s)
  -------------------------------------------------------------------    -------------------
                         (clock clk_out3_clk_wiz_0_1 rise edge)
                                                      0.000     0.000 r  
    R4                                                0.000     0.000 r  CLK100MHZ (IN)
                         net (fo=0)                   0.000     0.000    pll_inst/inst/clk_in1
    R4                   IBUF (Prop_ibuf_I_O)         0.243     0.243 r  pll_inst/inst/clkin1_ibufg/O
                         net (fo=1, routed)           0.440     0.683    pll_inst/inst/clk_in1_clk_wiz_0
    PLLE2_ADV_X1Y2       PLLE2_ADV (Prop_plle2_adv_CLKIN1_CLKOUT2)
                                                     -2.503    -1.819 r  pll_inst/inst/plle2_adv_inst/CLKOUT2
                         net (fo=1, routed)           0.546    -1.273    pll_inst/inst/clk_out3_clk_wiz_0
    BUFGCTRL_X0Y2        BUFG (Prop_bufg_I_O)         0.026    -1.247 r  pll_inst/inst/clkout3_buf/O
                         net (fo=2500, routed)        0.756    -0.492    clint_inst/clk_out3
    SLICE_X35Y11         FDSE                                         r  clint_inst/mtimecmp_reg[60]/C
  -------------------------------------------------------------------    -------------------
    SLICE_X35Y11         FDSE (Prop_fdse_C_Q)         0.141    -0.351 f  clint_inst/mtimecmp_reg[60]/Q
                         net (fo=3, routed)           0.151    -0.199    clint_inst/data3[28]
    SLICE_X35Y10         LUT4 (Prop_lut4_I1_O)        0.051    -0.148 r  clint_inst/LED_OBUF[1]_inst_i_4/O
                         net (fo=1, routed)           0.000    -0.148    clint_inst/LED_OBUF[1]_inst_i_4_n_0
    SLICE_X35Y10         CARRY4 (Prop_carry4_DI[2]_CO[3])
                                                      0.094    -0.054 r  clint_inst/LED_OBUF[1]_inst_i_1/CO[3]
                         net (fo=3, routed)           1.688     1.634    LED_OBUF[1]
    T15                  OBUF (Prop_obuf_I_O)         1.212     2.846 r  LED_OBUF[1]_inst/O
                         net (fo=0)                   0.000     2.846    LED[1]
    T15                                                               r  LED[1] (OUT)
  -------------------------------------------------------------------    -------------------





--------------------------------------------------------------------------------------
Path Group:  (none)
From Clock:  
  To Clock:  clk_out1_clk_wiz_0_1

Max Delay             5 Endpoints
Min Delay             5 Endpoints
--------------------------------------------------------------------------------------


Max Delay Paths
--------------------------------------------------------------------------------------
Slack:                    inf
  Source:                 pll_inst/inst/plle2_adv_inst/LOCKED
                            (internal pin)
  Destination:            rst_pix_sync_reg[2]/PRE
                            (recovery check against rising-edge clock clk_out1_clk_wiz_0_1  {rise@0.000ns fall@20.000ns period=40.000ns})
  Path Group:             (none)
  Path Type:              Recovery (Max at Slow Process Corner)
  Data Path Delay:        6.248ns  (logic 0.124ns (1.985%)  route 6.124ns (98.015%))
  Logic Levels:           1  (LUT1=1)
  Clock Uncertainty:      0.186ns  ((TSJ^2 + DJ^2)^1/2) / 2 + PE
    Total System Jitter     (TSJ):    0.050ns
    Discrete Jitter          (DJ):    0.168ns
    Phase Error              (PE):    0.099ns

    Location             Delay type                Incr(ns)  Path(ns)    Netlist Resource(s)
  -------------------------------------------------------------------    -------------------
    PLLE2_ADV_X1Y2       PLLE2_ADV                    0.000     0.000 r  pll_inst/inst/plle2_adv_inst/LOCKED
                         net (fo=1, routed)           4.692     4.692    pll_locked
    SLICE_X52Y96         LUT1 (Prop_lut1_I0_O)        0.124     4.816 f  rst_pix_sync[2]_i_1/O
                         net (fo=6, routed)           1.432     6.248    rst_pix_sync[2]_i_1_n_0
    SLICE_X72Y89         FDPE                                         f  rst_pix_sync_reg[2]/PRE
  -------------------------------------------------------------------    -------------------

                         (clock clk_out1_clk_wiz_0_1 rise edge)
                                                      0.000     0.000 r  
    R4                                                0.000     0.000 r  CLK100MHZ (IN)
                         net (fo=0)                   0.000     0.000    pll_inst/inst/clk_in1
    R4                   IBUF (Prop_ibuf_I_O)         1.405     1.405 r  pll_inst/inst/clkin1_ibufg/O
                         net (fo=1, routed)           1.181     2.586    pll_inst/inst/clk_in1_clk_wiz_0
    PLLE2_ADV_X1Y2       PLLE2_ADV (Prop_plle2_adv_CLKIN1_CLKOUT0)
                                                     -8.206    -5.620 r  pll_inst/inst/plle2_adv_inst/CLKOUT0
                         net (fo=1, routed)           1.718    -3.902    pll_inst/inst/clk_out1_clk_wiz_0
    BUFGCTRL_X0Y0        BUFG (Prop_bufg_I_O)         0.091    -3.811 r  pll_inst/inst/clkout1_buf/O
                         net (fo=251, routed)         1.701    -2.110    pixel_clk
    SLICE_X72Y89         FDPE                                         r  rst_pix_sync_reg[2]/C

Slack:                    inf
  Source:                 pll_inst/inst/plle2_adv_inst/LOCKED
                            (internal pin)
  Destination:            rst_pix_sync_reg[0]/PRE
                            (recovery check against rising-edge clock clk_out1_clk_wiz_0_1  {rise@0.000ns fall@20.000ns period=40.000ns})
  Path Group:             (none)
  Path Type:              Recovery (Max at Slow Process Corner)
  Data Path Delay:        5.467ns  (logic 0.124ns (2.268%)  route 5.343ns (97.732%))
  Logic Levels:           1  (LUT1=1)
  Clock Uncertainty:      0.186ns  ((TSJ^2 + DJ^2)^1/2) / 2 + PE
    Total System Jitter     (TSJ):    0.050ns
    Discrete Jitter          (DJ):    0.168ns
    Phase Error              (PE):    0.099ns

    Location             Delay type                Incr(ns)  Path(ns)    Netlist Resource(s)
  -------------------------------------------------------------------    -------------------
    PLLE2_ADV_X1Y2       PLLE2_ADV                    0.000     0.000 r  pll_inst/inst/plle2_adv_inst/LOCKED
                         net (fo=1, routed)           4.692     4.692    pll_locked
    SLICE_X52Y96         LUT1 (Prop_lut1_I0_O)        0.124     4.816 f  rst_pix_sync[2]_i_1/O
                         net (fo=6, routed)           0.651     5.467    rst_pix_sync[2]_i_1_n_0
    SLICE_X52Y96         FDPE                                         f  rst_pix_sync_reg[0]/PRE
  -------------------------------------------------------------------    -------------------

                         (clock clk_out1_clk_wiz_0_1 rise edge)
                                                      0.000     0.000 r  
    R4                                                0.000     0.000 r  CLK100MHZ (IN)
                         net (fo=0)                   0.000     0.000    pll_inst/inst/clk_in1
    R4                   IBUF (Prop_ibuf_I_O)         1.405     1.405 r  pll_inst/inst/clkin1_ibufg/O
                         net (fo=1, routed)           1.181     2.586    pll_inst/inst/clk_in1_clk_wiz_0
    PLLE2_ADV_X1Y2       PLLE2_ADV (Prop_plle2_adv_CLKIN1_CLKOUT0)
                                                     -8.206    -5.620 r  pll_inst/inst/plle2_adv_inst/CLKOUT0
                         net (fo=1, routed)           1.718    -3.902    pll_inst/inst/clk_out1_clk_wiz_0
    BUFGCTRL_X0Y0        BUFG (Prop_bufg_I_O)         0.091    -3.811 r  pll_inst/inst/clkout1_buf/O
                         net (fo=251, routed)         1.715    -2.096    pixel_clk
    SLICE_X52Y96         FDPE                                         r  rst_pix_sync_reg[0]/C

Slack:                    inf
  Source:                 pll_inst/inst/plle2_adv_inst/LOCKED
                            (internal pin)
  Destination:            rst_pix_sync_reg[1]/PRE
                            (recovery check against rising-edge clock clk_out1_clk_wiz_0_1  {rise@0.000ns fall@20.000ns period=40.000ns})
  Path Group:             (none)
  Path Type:              Recovery (Max at Slow Process Corner)
  Data Path Delay:        5.467ns  (logic 0.124ns (2.268%)  route 5.343ns (97.732%))
  Logic Levels:           1  (LUT1=1)
  Clock Uncertainty:      0.186ns  ((TSJ^2 + DJ^2)^1/2) / 2 + PE
    Total System Jitter     (TSJ):    0.050ns
    Discrete Jitter          (DJ):    0.168ns
    Phase Error              (PE):    0.099ns

    Location             Delay type                Incr(ns)  Path(ns)    Netlist Resource(s)
  -------------------------------------------------------------------    -------------------
    PLLE2_ADV_X1Y2       PLLE2_ADV                    0.000     0.000 r  pll_inst/inst/plle2_adv_inst/LOCKED
                         net (fo=1, routed)           4.692     4.692    pll_locked
    SLICE_X52Y96         LUT1 (Prop_lut1_I0_O)        0.124     4.816 f  rst_pix_sync[2]_i_1/O
                         net (fo=6, routed)           0.651     5.467    rst_pix_sync[2]_i_1_n_0
    SLICE_X52Y96         FDPE                                         f  rst_pix_sync_reg[1]/PRE
  -------------------------------------------------------------------    -------------------

                         (clock clk_out1_clk_wiz_0_1 rise edge)
                                                      0.000     0.000 r  
    R4                                                0.000     0.000 r  CLK100MHZ (IN)
                         net (fo=0)                   0.000     0.000    pll_inst/inst/clk_in1
    R4                   IBUF (Prop_ibuf_I_O)         1.405     1.405 r  pll_inst/inst/clkin1_ibufg/O
                         net (fo=1, routed)           1.181     2.586    pll_inst/inst/clk_in1_clk_wiz_0
    PLLE2_ADV_X1Y2       PLLE2_ADV (Prop_plle2_adv_CLKIN1_CLKOUT0)
                                                     -8.206    -5.620 r  pll_inst/inst/plle2_adv_inst/CLKOUT0
                         net (fo=1, routed)           1.718    -3.902    pll_inst/inst/clk_out1_clk_wiz_0
    BUFGCTRL_X0Y0        BUFG (Prop_bufg_I_O)         0.091    -3.811 r  pll_inst/inst/clkout1_buf/O
                         net (fo=251, routed)         1.715    -2.096    pixel_clk
    SLICE_X52Y96         FDPE                                         r  rst_pix_sync_reg[1]/C

Slack:                    inf
  Source:                 PS2_CLK
                            (input port)
  Destination:            ps2/ps2_clk_r0_reg/D
                            (rising edge-triggered cell FDRE clocked by clk_out1_clk_wiz_0_1  {rise@0.000ns fall@20.000ns period=40.000ns})
  Path Group:             (none)
  Path Type:              Setup (Max at Slow Process Corner)
  Data Path Delay:        5.147ns  (logic 1.492ns (28.997%)  route 3.655ns (71.003%))
  Logic Levels:           1  (IBUF=1)
  Clock Path Skew:        -1.815ns (DCD - SCD + CPR)
    Destination Clock Delay (DCD):    -1.815ns
    Source Clock Delay      (SCD):    0.000ns
    Clock Pessimism Removal (CPR):    0.000ns
  Clock Uncertainty:      0.186ns  ((TSJ^2 + DJ^2)^1/2) / 2 + PE
    Total System Jitter     (TSJ):    0.050ns
    Discrete Jitter          (DJ):    0.168ns
    Phase Error              (PE):    0.099ns

    Location             Delay type                Incr(ns)  Path(ns)    Netlist Resource(s)
  -------------------------------------------------------------------    -------------------
    W17                                               0.000     0.000 r  PS2_CLK (INOUT)
                         net (fo=1, unset)            0.000     0.000    iobuf_ps2_clk/IO
    W17                  IBUF (Prop_ibuf_I_O)         1.492     1.492 r  iobuf_ps2_clk/IBUF/O
                         net (fo=1, routed)           3.655     5.147    ps2/ps2_clk_i
    SLICE_X14Y47         FDRE                                         r  ps2/ps2_clk_r0_reg/D
  -------------------------------------------------------------------    -------------------

                         (clock clk_out1_clk_wiz_0_1 rise edge)
                                                      0.000     0.000 r  
    R4                                                0.000     0.000 r  CLK100MHZ (IN)
                         net (fo=0)                   0.000     0.000    pll_inst/inst/clk_in1
    R4                   IBUF (Prop_ibuf_I_O)         1.405     1.405 r  pll_inst/inst/clkin1_ibufg/O
                         net (fo=1, routed)           1.181     2.586    pll_inst/inst/clk_in1_clk_wiz_0
    PLLE2_ADV_X1Y2       PLLE2_ADV (Prop_plle2_adv_CLKIN1_CLKOUT0)
                                                     -8.206    -5.620 r  pll_inst/inst/plle2_adv_inst/CLKOUT0
                         net (fo=1, routed)           1.718    -3.902    pll_inst/inst/clk_out1_clk_wiz_0
    BUFGCTRL_X0Y0        BUFG (Prop_bufg_I_O)         0.091    -3.811 r  pll_inst/inst/clkout1_buf/O
                         net (fo=251, routed)         1.996    -1.815    ps2/CLK
    SLICE_X14Y47         FDRE                                         r  ps2/ps2_clk_r0_reg/C

Slack:                    inf
  Source:                 PS2_DATA
                            (input port)
  Destination:            ps2/shift_reg_reg[10]/D
                            (rising edge-triggered cell FDCE clocked by clk_out1_clk_wiz_0_1  {rise@0.000ns fall@20.000ns period=40.000ns})
  Path Group:             (none)
  Path Type:              Setup (Max at Slow Process Corner)
  Data Path Delay:        4.707ns  (logic 1.459ns (31.004%)  route 3.248ns (68.996%))
  Logic Levels:           1  (IBUF=1)
  Clock Path Skew:        -1.816ns (DCD - SCD + CPR)
    Destination Clock Delay (DCD):    -1.816ns
    Source Clock Delay      (SCD):    0.000ns
    Clock Pessimism Removal (CPR):    0.000ns
  Clock Uncertainty:      0.186ns  ((TSJ^2 + DJ^2)^1/2) / 2 + PE
    Total System Jitter     (TSJ):    0.050ns
    Discrete Jitter          (DJ):    0.168ns
    Phase Error              (PE):    0.099ns

    Location             Delay type                Incr(ns)  Path(ns)    Netlist Resource(s)
  -------------------------------------------------------------------    -------------------
    N13                                               0.000     0.000 r  PS2_DATA (INOUT)
                         net (fo=1, unset)            0.000     0.000    iobuf_ps2_data/IO
    N13                  IBUF (Prop_ibuf_I_O)         1.459     1.459 r  iobuf_ps2_data/IBUF/O
                         net (fo=1, routed)           3.248     4.707    ps2/D[0]
    SLICE_X15Y45         FDCE                                         r  ps2/shift_reg_reg[10]/D
  -------------------------------------------------------------------    -------------------

                         (clock clk_out1_clk_wiz_0_1 rise edge)
                                                      0.000     0.000 r  
    R4                                                0.000     0.000 r  CLK100MHZ (IN)
                         net (fo=0)                   0.000     0.000    pll_inst/inst/clk_in1
    R4                   IBUF (Prop_ibuf_I_O)         1.405     1.405 r  pll_inst/inst/clkin1_ibufg/O
                         net (fo=1, routed)           1.181     2.586    pll_inst/inst/clk_in1_clk_wiz_0
    PLLE2_ADV_X1Y2       PLLE2_ADV (Prop_plle2_adv_CLKIN1_CLKOUT0)
                                                     -8.206    -5.620 r  pll_inst/inst/plle2_adv_inst/CLKOUT0
                         net (fo=1, routed)           1.718    -3.902    pll_inst/inst/clk_out1_clk_wiz_0
    BUFGCTRL_X0Y0        BUFG (Prop_bufg_I_O)         0.091    -3.811 r  pll_inst/inst/clkout1_buf/O
                         net (fo=251, routed)         1.995    -1.816    ps2/CLK
    SLICE_X15Y45         FDCE                                         r  ps2/shift_reg_reg[10]/C





Min Delay Paths
--------------------------------------------------------------------------------------
Slack:                    inf
  Source:                 PS2_DATA
                            (input port)
  Destination:            ps2/shift_reg_reg[10]/D
                            (rising edge-triggered cell FDCE clocked by clk_out1_clk_wiz_0_1  {rise@0.000ns fall@20.000ns period=40.000ns})
  Path Group:             (none)
  Path Type:              Hold (Min at Fast Process Corner)
  Data Path Delay:        1.631ns  (logic 0.227ns (13.945%)  route 1.404ns (86.055%))
  Logic Levels:           1  (IBUF=1)
  Clock Path Skew:        -0.248ns (DCD - SCD - CPR)
    Destination Clock Delay (DCD):    -0.248ns
    Source Clock Delay      (SCD):    0.000ns
    Clock Pessimism Removal (CPR):    -0.000ns

    Location             Delay type                Incr(ns)  Path(ns)    Netlist Resource(s)
  -------------------------------------------------------------------    -------------------
    N13                                               0.000     0.000 r  PS2_DATA (INOUT)
                         net (fo=1, unset)            0.000     0.000    iobuf_ps2_data/IO
    N13                  IBUF (Prop_ibuf_I_O)         0.227     0.227 r  iobuf_ps2_data/IBUF/O
                         net (fo=1, routed)           1.404     1.631    ps2/D[0]
    SLICE_X15Y45         FDCE                                         r  ps2/shift_reg_reg[10]/D
  -------------------------------------------------------------------    -------------------

                         (clock clk_out1_clk_wiz_0_1 rise edge)
                                                      0.000     0.000 r  
    R4                                                0.000     0.000 r  CLK100MHZ (IN)
                         net (fo=0)                   0.000     0.000    pll_inst/inst/clk_in1
    R4                   IBUF (Prop_ibuf_I_O)         0.431     0.431 r  pll_inst/inst/clkin1_ibufg/O
                         net (fo=1, routed)           0.481     0.912    pll_inst/inst/clk_in1_clk_wiz_0
    PLLE2_ADV_X1Y2       PLLE2_ADV (Prop_plle2_adv_CLKIN1_CLKOUT0)
                                                     -2.828    -1.916 r  pll_inst/inst/plle2_adv_inst/CLKOUT0
                         net (fo=1, routed)           0.595    -1.322    pll_inst/inst/clk_out1_clk_wiz_0
    BUFGCTRL_X0Y0        BUFG (Prop_bufg_I_O)         0.029    -1.293 r  pll_inst/inst/clkout1_buf/O
                         net (fo=251, routed)         1.045    -0.248    ps2/CLK
    SLICE_X15Y45         FDCE                                         r  ps2/shift_reg_reg[10]/C

Slack:                    inf
  Source:                 PS2_CLK
                            (input port)
  Destination:            ps2/ps2_clk_r0_reg/D
                            (rising edge-triggered cell FDRE clocked by clk_out1_clk_wiz_0_1  {rise@0.000ns fall@20.000ns period=40.000ns})
  Path Group:             (none)
  Path Type:              Hold (Min at Fast Process Corner)
  Data Path Delay:        1.830ns  (logic 0.260ns (14.221%)  route 1.570ns (85.779%))
  Logic Levels:           1  (IBUF=1)
  Clock Path Skew:        -0.247ns (DCD - SCD - CPR)
    Destination Clock Delay (DCD):    -0.247ns
    Source Clock Delay      (SCD):    0.000ns
    Clock Pessimism Removal (CPR):    -0.000ns

    Location             Delay type                Incr(ns)  Path(ns)    Netlist Resource(s)
  -------------------------------------------------------------------    -------------------
    W17                                               0.000     0.000 r  PS2_CLK (INOUT)
                         net (fo=1, unset)            0.000     0.000    iobuf_ps2_clk/IO
    W17                  IBUF (Prop_ibuf_I_O)         0.260     0.260 r  iobuf_ps2_clk/IBUF/O
                         net (fo=1, routed)           1.570     1.830    ps2/ps2_clk_i
    SLICE_X14Y47         FDRE                                         r  ps2/ps2_clk_r0_reg/D
  -------------------------------------------------------------------    -------------------

                         (clock clk_out1_clk_wiz_0_1 rise edge)
                                                      0.000     0.000 r  
    R4                                                0.000     0.000 r  CLK100MHZ (IN)
                         net (fo=0)                   0.000     0.000    pll_inst/inst/clk_in1
    R4                   IBUF (Prop_ibuf_I_O)         0.431     0.431 r  pll_inst/inst/clkin1_ibufg/O
                         net (fo=1, routed)           0.481     0.912    pll_inst/inst/clk_in1_clk_wiz_0
    PLLE2_ADV_X1Y2       PLLE2_ADV (Prop_plle2_adv_CLKIN1_CLKOUT0)
                                                     -2.828    -1.916 r  pll_inst/inst/plle2_adv_inst/CLKOUT0
                         net (fo=1, routed)           0.595    -1.322    pll_inst/inst/clk_out1_clk_wiz_0
    BUFGCTRL_X0Y0        BUFG (Prop_bufg_I_O)         0.029    -1.293 r  pll_inst/inst/clkout1_buf/O
                         net (fo=251, routed)         1.046    -0.247    ps2/CLK
    SLICE_X14Y47         FDRE                                         r  ps2/ps2_clk_r0_reg/C

Slack:                    inf
  Source:                 pll_inst/inst/plle2_adv_inst/LOCKED
                            (internal pin)
  Destination:            rst_pix_sync_reg[0]/PRE
                            (removal check against rising-edge clock clk_out1_clk_wiz_0_1  {rise@0.000ns fall@20.000ns period=40.000ns})
  Path Group:             (none)
  Path Type:              Removal (Min at Fast Process Corner)
  Data Path Delay:        2.426ns  (logic 0.045ns (1.855%)  route 2.381ns (98.145%))
  Logic Levels:           1  (LUT1=1)
  Clock Uncertainty:      0.186ns  ((TSJ^2 + DJ^2)^1/2) / 2 + PE
    Total System Jitter     (TSJ):    0.050ns
    Discrete Jitter          (DJ):    0.168ns
    Phase Error              (PE):    0.099ns

    Location             Delay type                Incr(ns)  Path(ns)    Netlist Resource(s)
  -------------------------------------------------------------------    -------------------
    PLLE2_ADV_X1Y2       PLLE2_ADV                    0.000     0.000 r  pll_inst/inst/plle2_adv_inst/LOCKED
                         net (fo=1, routed)           2.134     2.134    pll_locked
    SLICE_X52Y96         LUT1 (Prop_lut1_I0_O)        0.045     2.179 f  rst_pix_sync[2]_i_1/O
                         net (fo=6, routed)           0.247     2.426    rst_pix_sync[2]_i_1_n_0
    SLICE_X52Y96         FDPE                                         f  rst_pix_sync_reg[0]/PRE
  -------------------------------------------------------------------    -------------------

                         (clock clk_out1_clk_wiz_0_1 rise edge)
                                                      0.000     0.000 r  
    R4                                                0.000     0.000 r  CLK100MHZ (IN)
                         net (fo=0)                   0.000     0.000    pll_inst/inst/clk_in1
    R4                   IBUF (Prop_ibuf_I_O)         0.431     0.431 r  pll_inst/inst/clkin1_ibufg/O
                         net (fo=1, routed)           0.481     0.912    pll_inst/inst/clk_in1_clk_wiz_0
    PLLE2_ADV_X1Y2       PLLE2_ADV (Prop_plle2_adv_CLKIN1_CLKOUT0)
                                                     -2.828    -1.916 r  pll_inst/inst/plle2_adv_inst/CLKOUT0
                         net (fo=1, routed)           0.595    -1.322    pll_inst/inst/clk_out1_clk_wiz_0
    BUFGCTRL_X0Y0        BUFG (Prop_bufg_I_O)         0.029    -1.293 r  pll_inst/inst/clkout1_buf/O
                         net (fo=251, routed)         0.926    -0.367    pixel_clk
    SLICE_X52Y96         FDPE                                         r  rst_pix_sync_reg[0]/C

Slack:                    inf
  Source:                 pll_inst/inst/plle2_adv_inst/LOCKED
                            (internal pin)
  Destination:            rst_pix_sync_reg[1]/PRE
                            (removal check against rising-edge clock clk_out1_clk_wiz_0_1  {rise@0.000ns fall@20.000ns period=40.000ns})
  Path Group:             (none)
  Path Type:              Removal (Min at Fast Process Corner)
  Data Path Delay:        2.426ns  (logic 0.045ns (1.855%)  route 2.381ns (98.145%))
  Logic Levels:           1  (LUT1=1)
  Clock Uncertainty:      0.186ns  ((TSJ^2 + DJ^2)^1/2) / 2 + PE
    Total System Jitter     (TSJ):    0.050ns
    Discrete Jitter          (DJ):    0.168ns
    Phase Error              (PE):    0.099ns

    Location             Delay type                Incr(ns)  Path(ns)    Netlist Resource(s)
  -------------------------------------------------------------------    -------------------
    PLLE2_ADV_X1Y2       PLLE2_ADV                    0.000     0.000 r  pll_inst/inst/plle2_adv_inst/LOCKED
                         net (fo=1, routed)           2.134     2.134    pll_locked
    SLICE_X52Y96         LUT1 (Prop_lut1_I0_O)        0.045     2.179 f  rst_pix_sync[2]_i_1/O
                         net (fo=6, routed)           0.247     2.426    rst_pix_sync[2]_i_1_n_0
    SLICE_X52Y96         FDPE                                         f  rst_pix_sync_reg[1]/PRE
  -------------------------------------------------------------------    -------------------

                         (clock clk_out1_clk_wiz_0_1 rise edge)
                                                      0.000     0.000 r  
    R4                                                0.000     0.000 r  CLK100MHZ (IN)
                         net (fo=0)                   0.000     0.000    pll_inst/inst/clk_in1
    R4                   IBUF (Prop_ibuf_I_O)         0.431     0.431 r  pll_inst/inst/clkin1_ibufg/O
                         net (fo=1, routed)           0.481     0.912    pll_inst/inst/clk_in1_clk_wiz_0
    PLLE2_ADV_X1Y2       PLLE2_ADV (Prop_plle2_adv_CLKIN1_CLKOUT0)
                                                     -2.828    -1.916 r  pll_inst/inst/plle2_adv_inst/CLKOUT0
                         net (fo=1, routed)           0.595    -1.322    pll_inst/inst/clk_out1_clk_wiz_0
    BUFGCTRL_X0Y0        BUFG (Prop_bufg_I_O)         0.029    -1.293 r  pll_inst/inst/clkout1_buf/O
                         net (fo=251, routed)         0.926    -0.367    pixel_clk
    SLICE_X52Y96         FDPE                                         r  rst_pix_sync_reg[1]/C

Slack:                    inf
  Source:                 pll_inst/inst/plle2_adv_inst/LOCKED
                            (internal pin)
  Destination:            rst_pix_sync_reg[2]/PRE
                            (removal check against rising-edge clock clk_out1_clk_wiz_0_1  {rise@0.000ns fall@20.000ns period=40.000ns})
  Path Group:             (none)
  Path Type:              Removal (Min at Fast Process Corner)
  Data Path Delay:        2.786ns  (logic 0.045ns (1.615%)  route 2.741ns (98.385%))
  Logic Levels:           1  (LUT1=1)
  Clock Uncertainty:      0.186ns  ((TSJ^2 + DJ^2)^1/2) / 2 + PE
    Total System Jitter     (TSJ):    0.050ns
    Discrete Jitter          (DJ):    0.168ns
    Phase Error              (PE):    0.099ns

    Location             Delay type                Incr(ns)  Path(ns)    Netlist Resource(s)
  -------------------------------------------------------------------    -------------------
    PLLE2_ADV_X1Y2       PLLE2_ADV                    0.000     0.000 r  pll_inst/inst/plle2_adv_inst/LOCKED
                         net (fo=1, routed)           2.134     2.134    pll_locked
    SLICE_X52Y96         LUT1 (Prop_lut1_I0_O)        0.045     2.179 f  rst_pix_sync[2]_i_1/O
                         net (fo=6, routed)           0.607     2.786    rst_pix_sync[2]_i_1_n_0
    SLICE_X72Y89         FDPE                                         f  rst_pix_sync_reg[2]/PRE
  -------------------------------------------------------------------    -------------------

                         (clock clk_out1_clk_wiz_0_1 rise edge)
                                                      0.000     0.000 r  
    R4                                                0.000     0.000 r  CLK100MHZ (IN)
                         net (fo=0)                   0.000     0.000    pll_inst/inst/clk_in1
    R4                   IBUF (Prop_ibuf_I_O)         0.431     0.431 r  pll_inst/inst/clkin1_ibufg/O
                         net (fo=1, routed)           0.481     0.912    pll_inst/inst/clk_in1_clk_wiz_0
    PLLE2_ADV_X1Y2       PLLE2_ADV (Prop_plle2_adv_CLKIN1_CLKOUT0)
                                                     -2.828    -1.916 r  pll_inst/inst/plle2_adv_inst/CLKOUT0
                         net (fo=1, routed)           0.595    -1.322    pll_inst/inst/clk_out1_clk_wiz_0
    BUFGCTRL_X0Y0        BUFG (Prop_bufg_I_O)         0.029    -1.293 r  pll_inst/inst/clkout1_buf/O
                         net (fo=251, routed)         0.916    -0.377    pixel_clk
    SLICE_X72Y89         FDPE                                         r  rst_pix_sync_reg[2]/C





--------------------------------------------------------------------------------------
Path Group:  (none)
From Clock:  
  To Clock:  clk_out3_clk_wiz_0_1

Max Delay            20 Endpoints
Min Delay            20 Endpoints
--------------------------------------------------------------------------------------


Max Delay Paths
--------------------------------------------------------------------------------------
Slack:                    inf
  Source:                 pll_inst/inst/plle2_adv_inst/LOCKED
                            (internal pin)
  Destination:            rst_sys_sync_reg[0]/PRE
                            (recovery check against rising-edge clock clk_out3_clk_wiz_0_1  {rise@0.000ns fall@5.000ns period=10.000ns})
  Path Group:             (none)
  Path Type:              Recovery (Max at Slow Process Corner)
  Data Path Delay:        9.358ns  (logic 0.124ns (1.325%)  route 9.234ns (98.675%))
  Logic Levels:           1  (LUT1=1)
  Clock Uncertainty:      0.168ns  ((TSJ^2 + DJ^2)^1/2) / 2 + PE
    Total System Jitter     (TSJ):    0.050ns
    Discrete Jitter          (DJ):    0.129ns
    Phase Error              (PE):    0.099ns

    Location             Delay type                Incr(ns)  Path(ns)    Netlist Resource(s)
  -------------------------------------------------------------------    -------------------
    PLLE2_ADV_X1Y2       PLLE2_ADV                    0.000     0.000 r  pll_inst/inst/plle2_adv_inst/LOCKED
                         net (fo=1, routed)           4.692     4.692    pll_locked
    SLICE_X52Y96         LUT1 (Prop_lut1_I0_O)        0.124     4.816 f  rst_pix_sync[2]_i_1/O
                         net (fo=6, routed)           4.542     9.358    rst_pix_sync[2]_i_1_n_0
    SLICE_X17Y24         FDPE                                         f  rst_sys_sync_reg[0]/PRE
  -------------------------------------------------------------------    -------------------

                         (clock clk_out3_clk_wiz_0_1 rise edge)
                                                      0.000     0.000 r  
    R4                                                0.000     0.000 r  CLK100MHZ (IN)
                         net (fo=0)                   0.000     0.000    pll_inst/inst/clk_in1
    R4                   IBUF (Prop_ibuf_I_O)         1.405     1.405 r  pll_inst/inst/clkin1_ibufg/O
                         net (fo=1, routed)           1.181     2.586    pll_inst/inst/clk_in1_clk_wiz_0
    PLLE2_ADV_X1Y2       PLLE2_ADV (Prop_plle2_adv_CLKIN1_CLKOUT2)
                                                     -8.206    -5.620 r  pll_inst/inst/plle2_adv_inst/CLKOUT2
                         net (fo=1, routed)           1.718    -3.902    pll_inst/inst/clk_out3_clk_wiz_0
    BUFGCTRL_X0Y2        BUFG (Prop_bufg_I_O)         0.091    -3.811 r  pll_inst/inst/clkout3_buf/O
                         net (fo=2500, routed)        1.977    -1.834    sys_clk
    SLICE_X17Y24         FDPE                                         r  rst_sys_sync_reg[0]/C

Slack:                    inf
  Source:                 pll_inst/inst/plle2_adv_inst/LOCKED
                            (internal pin)
  Destination:            rst_sys_sync_reg[1]/PRE
                            (recovery check against rising-edge clock clk_out3_clk_wiz_0_1  {rise@0.000ns fall@5.000ns period=10.000ns})
  Path Group:             (none)
  Path Type:              Recovery (Max at Slow Process Corner)
  Data Path Delay:        9.358ns  (logic 0.124ns (1.325%)  route 9.234ns (98.675%))
  Logic Levels:           1  (LUT1=1)
  Clock Uncertainty:      0.168ns  ((TSJ^2 + DJ^2)^1/2) / 2 + PE
    Total System Jitter     (TSJ):    0.050ns
    Discrete Jitter          (DJ):    0.129ns
    Phase Error              (PE):    0.099ns

    Location             Delay type                Incr(ns)  Path(ns)    Netlist Resource(s)
  -------------------------------------------------------------------    -------------------
    PLLE2_ADV_X1Y2       PLLE2_ADV                    0.000     0.000 r  pll_inst/inst/plle2_adv_inst/LOCKED
                         net (fo=1, routed)           4.692     4.692    pll_locked
    SLICE_X52Y96         LUT1 (Prop_lut1_I0_O)        0.124     4.816 f  rst_pix_sync[2]_i_1/O
                         net (fo=6, routed)           4.542     9.358    rst_pix_sync[2]_i_1_n_0
    SLICE_X17Y24         FDPE                                         f  rst_sys_sync_reg[1]/PRE
  -------------------------------------------------------------------    -------------------

                         (clock clk_out3_clk_wiz_0_1 rise edge)
                                                      0.000     0.000 r  
    R4                                                0.000     0.000 r  CLK100MHZ (IN)
                         net (fo=0)                   0.000     0.000    pll_inst/inst/clk_in1
    R4                   IBUF (Prop_ibuf_I_O)         1.405     1.405 r  pll_inst/inst/clkin1_ibufg/O
                         net (fo=1, routed)           1.181     2.586    pll_inst/inst/clk_in1_clk_wiz_0
    PLLE2_ADV_X1Y2       PLLE2_ADV (Prop_plle2_adv_CLKIN1_CLKOUT2)
                                                     -8.206    -5.620 r  pll_inst/inst/plle2_adv_inst/CLKOUT2
                         net (fo=1, routed)           1.718    -3.902    pll_inst/inst/clk_out3_clk_wiz_0
    BUFGCTRL_X0Y2        BUFG (Prop_bufg_I_O)         0.091    -3.811 r  pll_inst/inst/clkout3_buf/O
                         net (fo=2500, routed)        1.977    -1.834    sys_clk
    SLICE_X17Y24         FDPE                                         r  rst_sys_sync_reg[1]/C

Slack:                    inf
  Source:                 pll_inst/inst/plle2_adv_inst/LOCKED
                            (internal pin)
  Destination:            rst_sys_sync_reg[2]/PRE
                            (recovery check against rising-edge clock clk_out3_clk_wiz_0_1  {rise@0.000ns fall@5.000ns period=10.000ns})
  Path Group:             (none)
  Path Type:              Recovery (Max at Slow Process Corner)
  Data Path Delay:        8.851ns  (logic 0.124ns (1.401%)  route 8.727ns (98.599%))
  Logic Levels:           1  (LUT1=1)
  Clock Uncertainty:      0.168ns  ((TSJ^2 + DJ^2)^1/2) / 2 + PE
    Total System Jitter     (TSJ):    0.050ns
    Discrete Jitter          (DJ):    0.129ns
    Phase Error              (PE):    0.099ns

    Location             Delay type                Incr(ns)  Path(ns)    Netlist Resource(s)
  -------------------------------------------------------------------    -------------------
    PLLE2_ADV_X1Y2       PLLE2_ADV                    0.000     0.000 r  pll_inst/inst/plle2_adv_inst/LOCKED
                         net (fo=1, routed)           4.692     4.692    pll_locked
    SLICE_X52Y96         LUT1 (Prop_lut1_I0_O)        0.124     4.816 f  rst_pix_sync[2]_i_1/O
                         net (fo=6, routed)           4.035     8.851    rst_pix_sync[2]_i_1_n_0
    SLICE_X18Y29         FDPE                                         f  rst_sys_sync_reg[2]/PRE
  -------------------------------------------------------------------    -------------------

                         (clock clk_out3_clk_wiz_0_1 rise edge)
                                                      0.000     0.000 r  
    R4                                                0.000     0.000 r  CLK100MHZ (IN)
                         net (fo=0)                   0.000     0.000    pll_inst/inst/clk_in1
    R4                   IBUF (Prop_ibuf_I_O)         1.405     1.405 r  pll_inst/inst/clkin1_ibufg/O
                         net (fo=1, routed)           1.181     2.586    pll_inst/inst/clk_in1_clk_wiz_0
    PLLE2_ADV_X1Y2       PLLE2_ADV (Prop_plle2_adv_CLKIN1_CLKOUT2)
                                                     -8.206    -5.620 r  pll_inst/inst/plle2_adv_inst/CLKOUT2
                         net (fo=1, routed)           1.718    -3.902    pll_inst/inst/clk_out3_clk_wiz_0
    BUFGCTRL_X0Y2        BUFG (Prop_bufg_I_O)         0.091    -3.811 r  pll_inst/inst/clkout3_buf/O
                         net (fo=2500, routed)        1.983    -1.828    sys_clk
    SLICE_X18Y29         FDPE                                         r  rst_sys_sync_reg[2]/C

Slack:                    inf
  Source:                 cpu/alu/multiplier_word/mult_result__1/ACOUT[0]
                            (internal pin)
  Destination:            cpu/alu/multiplier_word/mult_result__2/ACIN[0]
                            (rising edge-triggered cell DSP48E1 clocked by clk_out3_clk_wiz_0_1  {rise@0.000ns fall@5.000ns period=10.000ns})
  Path Group:             (none)
  Path Type:              Setup (Max at Slow Process Corner)
  Data Path Delay:        0.002ns  (logic 0.000ns (0.000%)  route 0.002ns (100.000%))
  Logic Levels:           0  
  Clock Uncertainty:      0.168ns  ((TSJ^2 + DJ^2)^1/2) / 2 + PE
    Total System Jitter     (TSJ):    0.050ns
    Discrete Jitter          (DJ):    0.129ns
    Phase Error              (PE):    0.099ns

    Location             Delay type                Incr(ns)  Path(ns)    Netlist Resource(s)
  -------------------------------------------------------------------    -------------------
    DSP48_X1Y8           DSP48E1                      0.000     0.000 r  cpu/alu/multiplier_word/mult_result__1/ACOUT[0]
                         net (fo=1, routed)           0.002     0.002    cpu/alu/multiplier_word/mult_result__1_n_53
    DSP48_X1Y9           DSP48E1                                      r  cpu/alu/multiplier_word/mult_result__2/ACIN[0]
  -------------------------------------------------------------------    -------------------

                         (clock clk_out3_clk_wiz_0_1 rise edge)
                                                      0.000     0.000 r  
    R4                                                0.000     0.000 r  CLK100MHZ (IN)
                         net (fo=0)                   0.000     0.000    pll_inst/inst/clk_in1
    R4                   IBUF (Prop_ibuf_I_O)         1.405     1.405 r  pll_inst/inst/clkin1_ibufg/O
                         net (fo=1, routed)           1.181     2.586    pll_inst/inst/clk_in1_clk_wiz_0
    PLLE2_ADV_X1Y2       PLLE2_ADV (Prop_plle2_adv_CLKIN1_CLKOUT2)
                                                     -8.206    -5.620 r  pll_inst/inst/plle2_adv_inst/CLKOUT2
                         net (fo=1, routed)           1.718    -3.902    pll_inst/inst/clk_out3_clk_wiz_0
    BUFGCTRL_X0Y2        BUFG (Prop_bufg_I_O)         0.091    -3.811 r  pll_inst/inst/clkout3_buf/O
                         net (fo=2500, routed)        2.067    -1.744    cpu/alu/multiplier_word/clk_out3
    DSP48_X1Y9           DSP48E1                                      r  cpu/alu/multiplier_word/mult_result__2/CLK

Slack:                    inf
  Source:                 cpu/alu/multiplier_word/mult_result__1/ACOUT[10]
                            (internal pin)
  Destination:            cpu/alu/multiplier_word/mult_result__2/ACIN[10]
                            (rising edge-triggered cell DSP48E1 clocked by clk_out3_clk_wiz_0_1  {rise@0.000ns fall@5.000ns period=10.000ns})
  Path Group:             (none)
  Path Type:              Setup (Max at Slow Process Corner)
  Data Path Delay:        0.002ns  (logic 0.000ns (0.000%)  route 0.002ns (100.000%))
  Logic Levels:           0  
  Clock Uncertainty:      0.168ns  ((TSJ^2 + DJ^2)^1/2) / 2 + PE
    Total System Jitter     (TSJ):    0.050ns
    Discrete Jitter          (DJ):    0.129ns
    Phase Error              (PE):    0.099ns

    Location             Delay type                Incr(ns)  Path(ns)    Netlist Resource(s)
  -------------------------------------------------------------------    -------------------
    DSP48_X1Y8           DSP48E1                      0.000     0.000 r  cpu/alu/multiplier_word/mult_result__1/ACOUT[10]
                         net (fo=1, routed)           0.002     0.002    cpu/alu/multiplier_word/mult_result__1_n_43
    DSP48_X1Y9           DSP48E1                                      r  cpu/alu/multiplier_word/mult_result__2/ACIN[10]
  -------------------------------------------------------------------    -------------------

                         (clock clk_out3_clk_wiz_0_1 rise edge)
                                                      0.000     0.000 r  
    R4                                                0.000     0.000 r  CLK100MHZ (IN)
                         net (fo=0)                   0.000     0.000    pll_inst/inst/clk_in1
    R4                   IBUF (Prop_ibuf_I_O)         1.405     1.405 r  pll_inst/inst/clkin1_ibufg/O
                         net (fo=1, routed)           1.181     2.586    pll_inst/inst/clk_in1_clk_wiz_0
    PLLE2_ADV_X1Y2       PLLE2_ADV (Prop_plle2_adv_CLKIN1_CLKOUT2)
                                                     -8.206    -5.620 r  pll_inst/inst/plle2_adv_inst/CLKOUT2
                         net (fo=1, routed)           1.718    -3.902    pll_inst/inst/clk_out3_clk_wiz_0
    BUFGCTRL_X0Y2        BUFG (Prop_bufg_I_O)         0.091    -3.811 r  pll_inst/inst/clkout3_buf/O
                         net (fo=2500, routed)        2.067    -1.744    cpu/alu/multiplier_word/clk_out3
    DSP48_X1Y9           DSP48E1                                      r  cpu/alu/multiplier_word/mult_result__2/CLK

Slack:                    inf
  Source:                 cpu/alu/multiplier_word/mult_result__1/ACOUT[11]
                            (internal pin)
  Destination:            cpu/alu/multiplier_word/mult_result__2/ACIN[11]
                            (rising edge-triggered cell DSP48E1 clocked by clk_out3_clk_wiz_0_1  {rise@0.000ns fall@5.000ns period=10.000ns})
  Path Group:             (none)
  Path Type:              Setup (Max at Slow Process Corner)
  Data Path Delay:        0.002ns  (logic 0.000ns (0.000%)  route 0.002ns (100.000%))
  Logic Levels:           0  
  Clock Uncertainty:      0.168ns  ((TSJ^2 + DJ^2)^1/2) / 2 + PE
    Total System Jitter     (TSJ):    0.050ns
    Discrete Jitter          (DJ):    0.129ns
    Phase Error              (PE):    0.099ns

    Location             Delay type                Incr(ns)  Path(ns)    Netlist Resource(s)
  -------------------------------------------------------------------    -------------------
    DSP48_X1Y8           DSP48E1                      0.000     0.000 r  cpu/alu/multiplier_word/mult_result__1/ACOUT[11]
                         net (fo=1, routed)           0.002     0.002    cpu/alu/multiplier_word/mult_result__1_n_42
    DSP48_X1Y9           DSP48E1                                      r  cpu/alu/multiplier_word/mult_result__2/ACIN[11]
  -------------------------------------------------------------------    -------------------

                         (clock clk_out3_clk_wiz_0_1 rise edge)
                                                      0.000     0.000 r  
    R4                                                0.000     0.000 r  CLK100MHZ (IN)
                         net (fo=0)                   0.000     0.000    pll_inst/inst/clk_in1
    R4                   IBUF (Prop_ibuf_I_O)         1.405     1.405 r  pll_inst/inst/clkin1_ibufg/O
                         net (fo=1, routed)           1.181     2.586    pll_inst/inst/clk_in1_clk_wiz_0
    PLLE2_ADV_X1Y2       PLLE2_ADV (Prop_plle2_adv_CLKIN1_CLKOUT2)
                                                     -8.206    -5.620 r  pll_inst/inst/plle2_adv_inst/CLKOUT2
                         net (fo=1, routed)           1.718    -3.902    pll_inst/inst/clk_out3_clk_wiz_0
    BUFGCTRL_X0Y2        BUFG (Prop_bufg_I_O)         0.091    -3.811 r  pll_inst/inst/clkout3_buf/O
                         net (fo=2500, routed)        2.067    -1.744    cpu/alu/multiplier_word/clk_out3
    DSP48_X1Y9           DSP48E1                                      r  cpu/alu/multiplier_word/mult_result__2/CLK

Slack:                    inf
  Source:                 cpu/alu/multiplier_word/mult_result__1/ACOUT[12]
                            (internal pin)
  Destination:            cpu/alu/multiplier_word/mult_result__2/ACIN[12]
                            (rising edge-triggered cell DSP48E1 clocked by clk_out3_clk_wiz_0_1  {rise@0.000ns fall@5.000ns period=10.000ns})
  Path Group:             (none)
  Path Type:              Setup (Max at Slow Process Corner)
  Data Path Delay:        0.002ns  (logic 0.000ns (0.000%)  route 0.002ns (100.000%))
  Logic Levels:           0  
  Clock Uncertainty:      0.168ns  ((TSJ^2 + DJ^2)^1/2) / 2 + PE
    Total System Jitter     (TSJ):    0.050ns
    Discrete Jitter          (DJ):    0.129ns
    Phase Error              (PE):    0.099ns

    Location             Delay type                Incr(ns)  Path(ns)    Netlist Resource(s)
  -------------------------------------------------------------------    -------------------
    DSP48_X1Y8           DSP48E1                      0.000     0.000 r  cpu/alu/multiplier_word/mult_result__1/ACOUT[12]
                         net (fo=1, routed)           0.002     0.002    cpu/alu/multiplier_word/mult_result__1_n_41
    DSP48_X1Y9           DSP48E1                                      r  cpu/alu/multiplier_word/mult_result__2/ACIN[12]
  -------------------------------------------------------------------    -------------------

                         (clock clk_out3_clk_wiz_0_1 rise edge)
                                                      0.000     0.000 r  
    R4                                                0.000     0.000 r  CLK100MHZ (IN)
                         net (fo=0)                   0.000     0.000    pll_inst/inst/clk_in1
    R4                   IBUF (Prop_ibuf_I_O)         1.405     1.405 r  pll_inst/inst/clkin1_ibufg/O
                         net (fo=1, routed)           1.181     2.586    pll_inst/inst/clk_in1_clk_wiz_0
    PLLE2_ADV_X1Y2       PLLE2_ADV (Prop_plle2_adv_CLKIN1_CLKOUT2)
                                                     -8.206    -5.620 r  pll_inst/inst/plle2_adv_inst/CLKOUT2
                         net (fo=1, routed)           1.718    -3.902    pll_inst/inst/clk_out3_clk_wiz_0
    BUFGCTRL_X0Y2        BUFG (Prop_bufg_I_O)         0.091    -3.811 r  pll_inst/inst/clkout3_buf/O
                         net (fo=2500, routed)        2.067    -1.744    cpu/alu/multiplier_word/clk_out3
    DSP48_X1Y9           DSP48E1                                      r  cpu/alu/multiplier_word/mult_result__2/CLK

Slack:                    inf
  Source:                 cpu/alu/multiplier_word/mult_result__1/ACOUT[13]
                            (internal pin)
  Destination:            cpu/alu/multiplier_word/mult_result__2/ACIN[13]
                            (rising edge-triggered cell DSP48E1 clocked by clk_out3_clk_wiz_0_1  {rise@0.000ns fall@5.000ns period=10.000ns})
  Path Group:             (none)
  Path Type:              Setup (Max at Slow Process Corner)
  Data Path Delay:        0.002ns  (logic 0.000ns (0.000%)  route 0.002ns (100.000%))
  Logic Levels:           0  
  Clock Uncertainty:      0.168ns  ((TSJ^2 + DJ^2)^1/2) / 2 + PE
    Total System Jitter     (TSJ):    0.050ns
    Discrete Jitter          (DJ):    0.129ns
    Phase Error              (PE):    0.099ns

    Location             Delay type                Incr(ns)  Path(ns)    Netlist Resource(s)
  -------------------------------------------------------------------    -------------------
    DSP48_X1Y8           DSP48E1                      0.000     0.000 r  cpu/alu/multiplier_word/mult_result__1/ACOUT[13]
                         net (fo=1, routed)           0.002     0.002    cpu/alu/multiplier_word/mult_result__1_n_40
    DSP48_X1Y9           DSP48E1                                      r  cpu/alu/multiplier_word/mult_result__2/ACIN[13]
  -------------------------------------------------------------------    -------------------

                         (clock clk_out3_clk_wiz_0_1 rise edge)
                                                      0.000     0.000 r  
    R4                                                0.000     0.000 r  CLK100MHZ (IN)
                         net (fo=0)                   0.000     0.000    pll_inst/inst/clk_in1
    R4                   IBUF (Prop_ibuf_I_O)         1.405     1.405 r  pll_inst/inst/clkin1_ibufg/O
                         net (fo=1, routed)           1.181     2.586    pll_inst/inst/clk_in1_clk_wiz_0
    PLLE2_ADV_X1Y2       PLLE2_ADV (Prop_plle2_adv_CLKIN1_CLKOUT2)
                                                     -8.206    -5.620 r  pll_inst/inst/plle2_adv_inst/CLKOUT2
                         net (fo=1, routed)           1.718    -3.902    pll_inst/inst/clk_out3_clk_wiz_0
    BUFGCTRL_X0Y2        BUFG (Prop_bufg_I_O)         0.091    -3.811 r  pll_inst/inst/clkout3_buf/O
                         net (fo=2500, routed)        2.067    -1.744    cpu/alu/multiplier_word/clk_out3
    DSP48_X1Y9           DSP48E1                                      r  cpu/alu/multiplier_word/mult_result__2/CLK

Slack:                    inf
  Source:                 cpu/alu/multiplier_word/mult_result__1/ACOUT[14]
                            (internal pin)
  Destination:            cpu/alu/multiplier_word/mult_result__2/ACIN[14]
                            (rising edge-triggered cell DSP48E1 clocked by clk_out3_clk_wiz_0_1  {rise@0.000ns fall@5.000ns period=10.000ns})
  Path Group:             (none)
  Path Type:              Setup (Max at Slow Process Corner)
  Data Path Delay:        0.002ns  (logic 0.000ns (0.000%)  route 0.002ns (100.000%))
  Logic Levels:           0  
  Clock Uncertainty:      0.168ns  ((TSJ^2 + DJ^2)^1/2) / 2 + PE
    Total System Jitter     (TSJ):    0.050ns
    Discrete Jitter          (DJ):    0.129ns
    Phase Error              (PE):    0.099ns

    Location             Delay type                Incr(ns)  Path(ns)    Netlist Resource(s)
  -------------------------------------------------------------------    -------------------
    DSP48_X1Y8           DSP48E1                      0.000     0.000 r  cpu/alu/multiplier_word/mult_result__1/ACOUT[14]
                         net (fo=1, routed)           0.002     0.002    cpu/alu/multiplier_word/mult_result__1_n_39
    DSP48_X1Y9           DSP48E1                                      r  cpu/alu/multiplier_word/mult_result__2/ACIN[14]
  -------------------------------------------------------------------    -------------------

                         (clock clk_out3_clk_wiz_0_1 rise edge)
                                                      0.000     0.000 r  
    R4                                                0.000     0.000 r  CLK100MHZ (IN)
                         net (fo=0)                   0.000     0.000    pll_inst/inst/clk_in1
    R4                   IBUF (Prop_ibuf_I_O)         1.405     1.405 r  pll_inst/inst/clkin1_ibufg/O
                         net (fo=1, routed)           1.181     2.586    pll_inst/inst/clk_in1_clk_wiz_0
    PLLE2_ADV_X1Y2       PLLE2_ADV (Prop_plle2_adv_CLKIN1_CLKOUT2)
                                                     -8.206    -5.620 r  pll_inst/inst/plle2_adv_inst/CLKOUT2
                         net (fo=1, routed)           1.718    -3.902    pll_inst/inst/clk_out3_clk_wiz_0
    BUFGCTRL_X0Y2        BUFG (Prop_bufg_I_O)         0.091    -3.811 r  pll_inst/inst/clkout3_buf/O
                         net (fo=2500, routed)        2.067    -1.744    cpu/alu/multiplier_word/clk_out3
    DSP48_X1Y9           DSP48E1                                      r  cpu/alu/multiplier_word/mult_result__2/CLK

Slack:                    inf
  Source:                 cpu/alu/multiplier_word/mult_result__1/ACOUT[15]
                            (internal pin)
  Destination:            cpu/alu/multiplier_word/mult_result__2/ACIN[15]
                            (rising edge-triggered cell DSP48E1 clocked by clk_out3_clk_wiz_0_1  {rise@0.000ns fall@5.000ns period=10.000ns})
  Path Group:             (none)
  Path Type:              Setup (Max at Slow Process Corner)
  Data Path Delay:        0.002ns  (logic 0.000ns (0.000%)  route 0.002ns (100.000%))
  Logic Levels:           0  
  Clock Uncertainty:      0.168ns  ((TSJ^2 + DJ^2)^1/2) / 2 + PE
    Total System Jitter     (TSJ):    0.050ns
    Discrete Jitter          (DJ):    0.129ns
    Phase Error              (PE):    0.099ns

    Location             Delay type                Incr(ns)  Path(ns)    Netlist Resource(s)
  -------------------------------------------------------------------    -------------------
    DSP48_X1Y8           DSP48E1                      0.000     0.000 r  cpu/alu/multiplier_word/mult_result__1/ACOUT[15]
                         net (fo=1, routed)           0.002     0.002    cpu/alu/multiplier_word/mult_result__1_n_38
    DSP48_X1Y9           DSP48E1                                      r  cpu/alu/multiplier_word/mult_result__2/ACIN[15]
  -------------------------------------------------------------------    -------------------

                         (clock clk_out3_clk_wiz_0_1 rise edge)
                                                      0.000     0.000 r  
    R4                                                0.000     0.000 r  CLK100MHZ (IN)
                         net (fo=0)                   0.000     0.000    pll_inst/inst/clk_in1
    R4                   IBUF (Prop_ibuf_I_O)         1.405     1.405 r  pll_inst/inst/clkin1_ibufg/O
                         net (fo=1, routed)           1.181     2.586    pll_inst/inst/clk_in1_clk_wiz_0
    PLLE2_ADV_X1Y2       PLLE2_ADV (Prop_plle2_adv_CLKIN1_CLKOUT2)
                                                     -8.206    -5.620 r  pll_inst/inst/plle2_adv_inst/CLKOUT2
                         net (fo=1, routed)           1.718    -3.902    pll_inst/inst/clk_out3_clk_wiz_0
    BUFGCTRL_X0Y2        BUFG (Prop_bufg_I_O)         0.091    -3.811 r  pll_inst/inst/clkout3_buf/O
                         net (fo=2500, routed)        2.067    -1.744    cpu/alu/multiplier_word/clk_out3
    DSP48_X1Y9           DSP48E1                                      r  cpu/alu/multiplier_word/mult_result__2/CLK





Min Delay Paths
--------------------------------------------------------------------------------------
Slack:                    inf
  Source:                 cpu/alu/multiplier_word/mult_result__1/ACOUT[0]
                            (internal pin)
  Destination:            cpu/alu/multiplier_word/mult_result__2/ACIN[0]
                            (rising edge-triggered cell DSP48E1 clocked by clk_out3_clk_wiz_0_1  {rise@0.000ns fall@5.000ns period=10.000ns})
  Path Group:             (none)
  Path Type:              Hold (Min at Slow Process Corner)
  Data Path Delay:        0.002ns  (logic 0.000ns (0.000%)  route 0.002ns (100.000%))
  Logic Levels:           0  
  Clock Uncertainty:      0.168ns  ((TSJ^2 + DJ^2)^1/2) / 2 + PE
    Total System Jitter     (TSJ):    0.050ns
    Discrete Jitter          (DJ):    0.129ns
    Phase Error              (PE):    0.099ns

    Location             Delay type                Incr(ns)  Path(ns)    Netlist Resource(s)
  -------------------------------------------------------------------    -------------------
    DSP48_X1Y8           DSP48E1                      0.000     0.000 r  cpu/alu/multiplier_word/mult_result__1/ACOUT[0]
                         net (fo=1, routed)           0.002     0.002    cpu/alu/multiplier_word/mult_result__1_n_53
    DSP48_X1Y9           DSP48E1                                      r  cpu/alu/multiplier_word/mult_result__2/ACIN[0]
  -------------------------------------------------------------------    -------------------

                         (clock clk_out3_clk_wiz_0_1 rise edge)
                                                      0.000     0.000 r  
    R4                                                0.000     0.000 r  CLK100MHZ (IN)
                         net (fo=0)                   0.000     0.000    pll_inst/inst/clk_in1
    R4                   IBUF (Prop_ibuf_I_O)         1.475     1.475 r  pll_inst/inst/clkin1_ibufg/O
                         net (fo=1, routed)           1.253     2.728    pll_inst/inst/clk_in1_clk_wiz_0
    PLLE2_ADV_X1Y2       PLLE2_ADV (Prop_plle2_adv_CLKIN1_CLKOUT2)
                                                     -8.953    -6.225 r  pll_inst/inst/plle2_adv_inst/CLKOUT2
                         net (fo=1, routed)           1.802    -4.422    pll_inst/inst/clk_out3_clk_wiz_0
    BUFGCTRL_X0Y2        BUFG (Prop_bufg_I_O)         0.096    -4.326 r  pll_inst/inst/clkout3_buf/O
                         net (fo=2500, routed)        2.200    -2.126    cpu/alu/multiplier_word/clk_out3
    DSP48_X1Y9           DSP48E1                                      r  cpu/alu/multiplier_word/mult_result__2/CLK

Slack:                    inf
  Source:                 cpu/alu/multiplier_word/mult_result__1/ACOUT[10]
                            (internal pin)
  Destination:            cpu/alu/multiplier_word/mult_result__2/ACIN[10]
                            (rising edge-triggered cell DSP48E1 clocked by clk_out3_clk_wiz_0_1  {rise@0.000ns fall@5.000ns period=10.000ns})
  Path Group:             (none)
  Path Type:              Hold (Min at Slow Process Corner)
  Data Path Delay:        0.002ns  (logic 0.000ns (0.000%)  route 0.002ns (100.000%))
  Logic Levels:           0  
  Clock Uncertainty:      0.168ns  ((TSJ^2 + DJ^2)^1/2) / 2 + PE
    Total System Jitter     (TSJ):    0.050ns
    Discrete Jitter          (DJ):    0.129ns
    Phase Error              (PE):    0.099ns

    Location             Delay type                Incr(ns)  Path(ns)    Netlist Resource(s)
  -------------------------------------------------------------------    -------------------
    DSP48_X1Y8           DSP48E1                      0.000     0.000 r  cpu/alu/multiplier_word/mult_result__1/ACOUT[10]
                         net (fo=1, routed)           0.002     0.002    cpu/alu/multiplier_word/mult_result__1_n_43
    DSP48_X1Y9           DSP48E1                                      r  cpu/alu/multiplier_word/mult_result__2/ACIN[10]
  -------------------------------------------------------------------    -------------------

                         (clock clk_out3_clk_wiz_0_1 rise edge)
                                                      0.000     0.000 r  
    R4                                                0.000     0.000 r  CLK100MHZ (IN)
                         net (fo=0)                   0.000     0.000    pll_inst/inst/clk_in1
    R4                   IBUF (Prop_ibuf_I_O)         1.475     1.475 r  pll_inst/inst/clkin1_ibufg/O
                         net (fo=1, routed)           1.253     2.728    pll_inst/inst/clk_in1_clk_wiz_0
    PLLE2_ADV_X1Y2       PLLE2_ADV (Prop_plle2_adv_CLKIN1_CLKOUT2)
                                                     -8.953    -6.225 r  pll_inst/inst/plle2_adv_inst/CLKOUT2
                         net (fo=1, routed)           1.802    -4.422    pll_inst/inst/clk_out3_clk_wiz_0
    BUFGCTRL_X0Y2        BUFG (Prop_bufg_I_O)         0.096    -4.326 r  pll_inst/inst/clkout3_buf/O
                         net (fo=2500, routed)        2.200    -2.126    cpu/alu/multiplier_word/clk_out3
    DSP48_X1Y9           DSP48E1                                      r  cpu/alu/multiplier_word/mult_result__2/CLK

Slack:                    inf
  Source:                 cpu/alu/multiplier_word/mult_result__1/ACOUT[11]
                            (internal pin)
  Destination:            cpu/alu/multiplier_word/mult_result__2/ACIN[11]
                            (rising edge-triggered cell DSP48E1 clocked by clk_out3_clk_wiz_0_1  {rise@0.000ns fall@5.000ns period=10.000ns})
  Path Group:             (none)
  Path Type:              Hold (Min at Slow Process Corner)
  Data Path Delay:        0.002ns  (logic 0.000ns (0.000%)  route 0.002ns (100.000%))
  Logic Levels:           0  
  Clock Uncertainty:      0.168ns  ((TSJ^2 + DJ^2)^1/2) / 2 + PE
    Total System Jitter     (TSJ):    0.050ns
    Discrete Jitter          (DJ):    0.129ns
    Phase Error              (PE):    0.099ns

    Location             Delay type                Incr(ns)  Path(ns)    Netlist Resource(s)
  -------------------------------------------------------------------    -------------------
    DSP48_X1Y8           DSP48E1                      0.000     0.000 r  cpu/alu/multiplier_word/mult_result__1/ACOUT[11]
                         net (fo=1, routed)           0.002     0.002    cpu/alu/multiplier_word/mult_result__1_n_42
    DSP48_X1Y9           DSP48E1                                      r  cpu/alu/multiplier_word/mult_result__2/ACIN[11]
  -------------------------------------------------------------------    -------------------

                         (clock clk_out3_clk_wiz_0_1 rise edge)
                                                      0.000     0.000 r  
    R4                                                0.000     0.000 r  CLK100MHZ (IN)
                         net (fo=0)                   0.000     0.000    pll_inst/inst/clk_in1
    R4                   IBUF (Prop_ibuf_I_O)         1.475     1.475 r  pll_inst/inst/clkin1_ibufg/O
                         net (fo=1, routed)           1.253     2.728    pll_inst/inst/clk_in1_clk_wiz_0
    PLLE2_ADV_X1Y2       PLLE2_ADV (Prop_plle2_adv_CLKIN1_CLKOUT2)
                                                     -8.953    -6.225 r  pll_inst/inst/plle2_adv_inst/CLKOUT2
                         net (fo=1, routed)           1.802    -4.422    pll_inst/inst/clk_out3_clk_wiz_0
    BUFGCTRL_X0Y2        BUFG (Prop_bufg_I_O)         0.096    -4.326 r  pll_inst/inst/clkout3_buf/O
                         net (fo=2500, routed)        2.200    -2.126    cpu/alu/multiplier_word/clk_out3
    DSP48_X1Y9           DSP48E1                                      r  cpu/alu/multiplier_word/mult_result__2/CLK

Slack:                    inf
  Source:                 cpu/alu/multiplier_word/mult_result__1/ACOUT[12]
                            (internal pin)
  Destination:            cpu/alu/multiplier_word/mult_result__2/ACIN[12]
                            (rising edge-triggered cell DSP48E1 clocked by clk_out3_clk_wiz_0_1  {rise@0.000ns fall@5.000ns period=10.000ns})
  Path Group:             (none)
  Path Type:              Hold (Min at Slow Process Corner)
  Data Path Delay:        0.002ns  (logic 0.000ns (0.000%)  route 0.002ns (100.000%))
  Logic Levels:           0  
  Clock Uncertainty:      0.168ns  ((TSJ^2 + DJ^2)^1/2) / 2 + PE
    Total System Jitter     (TSJ):    0.050ns
    Discrete Jitter          (DJ):    0.129ns
    Phase Error              (PE):    0.099ns

    Location             Delay type                Incr(ns)  Path(ns)    Netlist Resource(s)
  -------------------------------------------------------------------    -------------------
    DSP48_X1Y8           DSP48E1                      0.000     0.000 r  cpu/alu/multiplier_word/mult_result__1/ACOUT[12]
                         net (fo=1, routed)           0.002     0.002    cpu/alu/multiplier_word/mult_result__1_n_41
    DSP48_X1Y9           DSP48E1                                      r  cpu/alu/multiplier_word/mult_result__2/ACIN[12]
  -------------------------------------------------------------------    -------------------

                         (clock clk_out3_clk_wiz_0_1 rise edge)
                                                      0.000     0.000 r  
    R4                                                0.000     0.000 r  CLK100MHZ (IN)
                         net (fo=0)                   0.000     0.000    pll_inst/inst/clk_in1
    R4                   IBUF (Prop_ibuf_I_O)         1.475     1.475 r  pll_inst/inst/clkin1_ibufg/O
                         net (fo=1, routed)           1.253     2.728    pll_inst/inst/clk_in1_clk_wiz_0
    PLLE2_ADV_X1Y2       PLLE2_ADV (Prop_plle2_adv_CLKIN1_CLKOUT2)
                                                     -8.953    -6.225 r  pll_inst/inst/plle2_adv_inst/CLKOUT2
                         net (fo=1, routed)           1.802    -4.422    pll_inst/inst/clk_out3_clk_wiz_0
    BUFGCTRL_X0Y2        BUFG (Prop_bufg_I_O)         0.096    -4.326 r  pll_inst/inst/clkout3_buf/O
                         net (fo=2500, routed)        2.200    -2.126    cpu/alu/multiplier_word/clk_out3
    DSP48_X1Y9           DSP48E1                                      r  cpu/alu/multiplier_word/mult_result__2/CLK

Slack:                    inf
  Source:                 cpu/alu/multiplier_word/mult_result__1/ACOUT[13]
                            (internal pin)
  Destination:            cpu/alu/multiplier_word/mult_result__2/ACIN[13]
                            (rising edge-triggered cell DSP48E1 clocked by clk_out3_clk_wiz_0_1  {rise@0.000ns fall@5.000ns period=10.000ns})
  Path Group:             (none)
  Path Type:              Hold (Min at Slow Process Corner)
  Data Path Delay:        0.002ns  (logic 0.000ns (0.000%)  route 0.002ns (100.000%))
  Logic Levels:           0  
  Clock Uncertainty:      0.168ns  ((TSJ^2 + DJ^2)^1/2) / 2 + PE
    Total System Jitter     (TSJ):    0.050ns
    Discrete Jitter          (DJ):    0.129ns
    Phase Error              (PE):    0.099ns

    Location             Delay type                Incr(ns)  Path(ns)    Netlist Resource(s)
  -------------------------------------------------------------------    -------------------
    DSP48_X1Y8           DSP48E1                      0.000     0.000 r  cpu/alu/multiplier_word/mult_result__1/ACOUT[13]
                         net (fo=1, routed)           0.002     0.002    cpu/alu/multiplier_word/mult_result__1_n_40
    DSP48_X1Y9           DSP48E1                                      r  cpu/alu/multiplier_word/mult_result__2/ACIN[13]
  -------------------------------------------------------------------    -------------------

                         (clock clk_out3_clk_wiz_0_1 rise edge)
                                                      0.000     0.000 r  
    R4                                                0.000     0.000 r  CLK100MHZ (IN)
                         net (fo=0)                   0.000     0.000    pll_inst/inst/clk_in1
    R4                   IBUF (Prop_ibuf_I_O)         1.475     1.475 r  pll_inst/inst/clkin1_ibufg/O
                         net (fo=1, routed)           1.253     2.728    pll_inst/inst/clk_in1_clk_wiz_0
    PLLE2_ADV_X1Y2       PLLE2_ADV (Prop_plle2_adv_CLKIN1_CLKOUT2)
                                                     -8.953    -6.225 r  pll_inst/inst/plle2_adv_inst/CLKOUT2
                         net (fo=1, routed)           1.802    -4.422    pll_inst/inst/clk_out3_clk_wiz_0
    BUFGCTRL_X0Y2        BUFG (Prop_bufg_I_O)         0.096    -4.326 r  pll_inst/inst/clkout3_buf/O
                         net (fo=2500, routed)        2.200    -2.126    cpu/alu/multiplier_word/clk_out3
    DSP48_X1Y9           DSP48E1                                      r  cpu/alu/multiplier_word/mult_result__2/CLK

Slack:                    inf
  Source:                 cpu/alu/multiplier_word/mult_result__1/ACOUT[14]
                            (internal pin)
  Destination:            cpu/alu/multiplier_word/mult_result__2/ACIN[14]
                            (rising edge-triggered cell DSP48E1 clocked by clk_out3_clk_wiz_0_1  {rise@0.000ns fall@5.000ns period=10.000ns})
  Path Group:             (none)
  Path Type:              Hold (Min at Slow Process Corner)
  Data Path Delay:        0.002ns  (logic 0.000ns (0.000%)  route 0.002ns (100.000%))
  Logic Levels:           0  
  Clock Uncertainty:      0.168ns  ((TSJ^2 + DJ^2)^1/2) / 2 + PE
    Total System Jitter     (TSJ):    0.050ns
    Discrete Jitter          (DJ):    0.129ns
    Phase Error              (PE):    0.099ns

    Location             Delay type                Incr(ns)  Path(ns)    Netlist Resource(s)
  -------------------------------------------------------------------    -------------------
    DSP48_X1Y8           DSP48E1                      0.000     0.000 r  cpu/alu/multiplier_word/mult_result__1/ACOUT[14]
                         net (fo=1, routed)           0.002     0.002    cpu/alu/multiplier_word/mult_result__1_n_39
    DSP48_X1Y9           DSP48E1                                      r  cpu/alu/multiplier_word/mult_result__2/ACIN[14]
  -------------------------------------------------------------------    -------------------

                         (clock clk_out3_clk_wiz_0_1 rise edge)
                                                      0.000     0.000 r  
    R4                                                0.000     0.000 r  CLK100MHZ (IN)
                         net (fo=0)                   0.000     0.000    pll_inst/inst/clk_in1
    R4                   IBUF (Prop_ibuf_I_O)         1.475     1.475 r  pll_inst/inst/clkin1_ibufg/O
                         net (fo=1, routed)           1.253     2.728    pll_inst/inst/clk_in1_clk_wiz_0
    PLLE2_ADV_X1Y2       PLLE2_ADV (Prop_plle2_adv_CLKIN1_CLKOUT2)
                                                     -8.953    -6.225 r  pll_inst/inst/plle2_adv_inst/CLKOUT2
                         net (fo=1, routed)           1.802    -4.422    pll_inst/inst/clk_out3_clk_wiz_0
    BUFGCTRL_X0Y2        BUFG (Prop_bufg_I_O)         0.096    -4.326 r  pll_inst/inst/clkout3_buf/O
                         net (fo=2500, routed)        2.200    -2.126    cpu/alu/multiplier_word/clk_out3
    DSP48_X1Y9           DSP48E1                                      r  cpu/alu/multiplier_word/mult_result__2/CLK

Slack:                    inf
  Source:                 cpu/alu/multiplier_word/mult_result__1/ACOUT[15]
                            (internal pin)
  Destination:            cpu/alu/multiplier_word/mult_result__2/ACIN[15]
                            (rising edge-triggered cell DSP48E1 clocked by clk_out3_clk_wiz_0_1  {rise@0.000ns fall@5.000ns period=10.000ns})
  Path Group:             (none)
  Path Type:              Hold (Min at Slow Process Corner)
  Data Path Delay:        0.002ns  (logic 0.000ns (0.000%)  route 0.002ns (100.000%))
  Logic Levels:           0  
  Clock Uncertainty:      0.168ns  ((TSJ^2 + DJ^2)^1/2) / 2 + PE
    Total System Jitter     (TSJ):    0.050ns
    Discrete Jitter          (DJ):    0.129ns
    Phase Error              (PE):    0.099ns

    Location             Delay type                Incr(ns)  Path(ns)    Netlist Resource(s)
  -------------------------------------------------------------------    -------------------
    DSP48_X1Y8           DSP48E1                      0.000     0.000 r  cpu/alu/multiplier_word/mult_result__1/ACOUT[15]
                         net (fo=1, routed)           0.002     0.002    cpu/alu/multiplier_word/mult_result__1_n_38
    DSP48_X1Y9           DSP48E1                                      r  cpu/alu/multiplier_word/mult_result__2/ACIN[15]
  -------------------------------------------------------------------    -------------------

                         (clock clk_out3_clk_wiz_0_1 rise edge)
                                                      0.000     0.000 r  
    R4                                                0.000     0.000 r  CLK100MHZ (IN)
                         net (fo=0)                   0.000     0.000    pll_inst/inst/clk_in1
    R4                   IBUF (Prop_ibuf_I_O)         1.475     1.475 r  pll_inst/inst/clkin1_ibufg/O
                         net (fo=1, routed)           1.253     2.728    pll_inst/inst/clk_in1_clk_wiz_0
    PLLE2_ADV_X1Y2       PLLE2_ADV (Prop_plle2_adv_CLKIN1_CLKOUT2)
                                                     -8.953    -6.225 r  pll_inst/inst/plle2_adv_inst/CLKOUT2
                         net (fo=1, routed)           1.802    -4.422    pll_inst/inst/clk_out3_clk_wiz_0
    BUFGCTRL_X0Y2        BUFG (Prop_bufg_I_O)         0.096    -4.326 r  pll_inst/inst/clkout3_buf/O
                         net (fo=2500, routed)        2.200    -2.126    cpu/alu/multiplier_word/clk_out3
    DSP48_X1Y9           DSP48E1                                      r  cpu/alu/multiplier_word/mult_result__2/CLK

Slack:                    inf
  Source:                 cpu/alu/multiplier_word/mult_result__1/ACOUT[16]
                            (internal pin)
  Destination:            cpu/alu/multiplier_word/mult_result__2/ACIN[16]
                            (rising edge-triggered cell DSP48E1 clocked by clk_out3_clk_wiz_0_1  {rise@0.000ns fall@5.000ns period=10.000ns})
  Path Group:             (none)
  Path Type:              Hold (Min at Slow Process Corner)
  Data Path Delay:        0.002ns  (logic 0.000ns (0.000%)  route 0.002ns (100.000%))
  Logic Levels:           0  
  Clock Uncertainty:      0.168ns  ((TSJ^2 + DJ^2)^1/2) / 2 + PE
    Total System Jitter     (TSJ):    0.050ns
    Discrete Jitter          (DJ):    0.129ns
    Phase Error              (PE):    0.099ns

    Location             Delay type                Incr(ns)  Path(ns)    Netlist Resource(s)
  -------------------------------------------------------------------    -------------------
    DSP48_X1Y8           DSP48E1                      0.000     0.000 r  cpu/alu/multiplier_word/mult_result__1/ACOUT[16]
                         net (fo=1, routed)           0.002     0.002    cpu/alu/multiplier_word/mult_result__1_n_37
    DSP48_X1Y9           DSP48E1                                      r  cpu/alu/multiplier_word/mult_result__2/ACIN[16]
  -------------------------------------------------------------------    -------------------

                         (clock clk_out3_clk_wiz_0_1 rise edge)
                                                      0.000     0.000 r  
    R4                                                0.000     0.000 r  CLK100MHZ (IN)
                         net (fo=0)                   0.000     0.000    pll_inst/inst/clk_in1
    R4                   IBUF (Prop_ibuf_I_O)         1.475     1.475 r  pll_inst/inst/clkin1_ibufg/O
                         net (fo=1, routed)           1.253     2.728    pll_inst/inst/clk_in1_clk_wiz_0
    PLLE2_ADV_X1Y2       PLLE2_ADV (Prop_plle2_adv_CLKIN1_CLKOUT2)
                                                     -8.953    -6.225 r  pll_inst/inst/plle2_adv_inst/CLKOUT2
                         net (fo=1, routed)           1.802    -4.422    pll_inst/inst/clk_out3_clk_wiz_0
    BUFGCTRL_X0Y2        BUFG (Prop_bufg_I_O)         0.096    -4.326 r  pll_inst/inst/clkout3_buf/O
                         net (fo=2500, routed)        2.200    -2.126    cpu/alu/multiplier_word/clk_out3
    DSP48_X1Y9           DSP48E1                                      r  cpu/alu/multiplier_word/mult_result__2/CLK

Slack:                    inf
  Source:                 cpu/alu/multiplier_word/mult_result__1/ACOUT[1]
                            (internal pin)
  Destination:            cpu/alu/multiplier_word/mult_result__2/ACIN[1]
                            (rising edge-triggered cell DSP48E1 clocked by clk_out3_clk_wiz_0_1  {rise@0.000ns fall@5.000ns period=10.000ns})
  Path Group:             (none)
  Path Type:              Hold (Min at Slow Process Corner)
  Data Path Delay:        0.002ns  (logic 0.000ns (0.000%)  route 0.002ns (100.000%))
  Logic Levels:           0  
  Clock Uncertainty:      0.168ns  ((TSJ^2 + DJ^2)^1/2) / 2 + PE
    Total System Jitter     (TSJ):    0.050ns
    Discrete Jitter          (DJ):    0.129ns
    Phase Error              (PE):    0.099ns

    Location             Delay type                Incr(ns)  Path(ns)    Netlist Resource(s)
  -------------------------------------------------------------------    -------------------
    DSP48_X1Y8           DSP48E1                      0.000     0.000 r  cpu/alu/multiplier_word/mult_result__1/ACOUT[1]
                         net (fo=1, routed)           0.002     0.002    cpu/alu/multiplier_word/mult_result__1_n_52
    DSP48_X1Y9           DSP48E1                                      r  cpu/alu/multiplier_word/mult_result__2/ACIN[1]
  -------------------------------------------------------------------    -------------------

                         (clock clk_out3_clk_wiz_0_1 rise edge)
                                                      0.000     0.000 r  
    R4                                                0.000     0.000 r  CLK100MHZ (IN)
                         net (fo=0)                   0.000     0.000    pll_inst/inst/clk_in1
    R4                   IBUF (Prop_ibuf_I_O)         1.475     1.475 r  pll_inst/inst/clkin1_ibufg/O
                         net (fo=1, routed)           1.253     2.728    pll_inst/inst/clk_in1_clk_wiz_0
    PLLE2_ADV_X1Y2       PLLE2_ADV (Prop_plle2_adv_CLKIN1_CLKOUT2)
                                                     -8.953    -6.225 r  pll_inst/inst/plle2_adv_inst/CLKOUT2
                         net (fo=1, routed)           1.802    -4.422    pll_inst/inst/clk_out3_clk_wiz_0
    BUFGCTRL_X0Y2        BUFG (Prop_bufg_I_O)         0.096    -4.326 r  pll_inst/inst/clkout3_buf/O
                         net (fo=2500, routed)        2.200    -2.126    cpu/alu/multiplier_word/clk_out3
    DSP48_X1Y9           DSP48E1                                      r  cpu/alu/multiplier_word/mult_result__2/CLK

Slack:                    inf
  Source:                 cpu/alu/multiplier_word/mult_result__1/ACOUT[2]
                            (internal pin)
  Destination:            cpu/alu/multiplier_word/mult_result__2/ACIN[2]
                            (rising edge-triggered cell DSP48E1 clocked by clk_out3_clk_wiz_0_1  {rise@0.000ns fall@5.000ns period=10.000ns})
  Path Group:             (none)
  Path Type:              Hold (Min at Slow Process Corner)
  Data Path Delay:        0.002ns  (logic 0.000ns (0.000%)  route 0.002ns (100.000%))
  Logic Levels:           0  
  Clock Uncertainty:      0.168ns  ((TSJ^2 + DJ^2)^1/2) / 2 + PE
    Total System Jitter     (TSJ):    0.050ns
    Discrete Jitter          (DJ):    0.129ns
    Phase Error              (PE):    0.099ns

    Location             Delay type                Incr(ns)  Path(ns)    Netlist Resource(s)
  -------------------------------------------------------------------    -------------------
    DSP48_X1Y8           DSP48E1                      0.000     0.000 r  cpu/alu/multiplier_word/mult_result__1/ACOUT[2]
                         net (fo=1, routed)           0.002     0.002    cpu/alu/multiplier_word/mult_result__1_n_51
    DSP48_X1Y9           DSP48E1                                      r  cpu/alu/multiplier_word/mult_result__2/ACIN[2]
  -------------------------------------------------------------------    -------------------

                         (clock clk_out3_clk_wiz_0_1 rise edge)
                                                      0.000     0.000 r  
    R4                                                0.000     0.000 r  CLK100MHZ (IN)
                         net (fo=0)                   0.000     0.000    pll_inst/inst/clk_in1
    R4                   IBUF (Prop_ibuf_I_O)         1.475     1.475 r  pll_inst/inst/clkin1_ibufg/O
                         net (fo=1, routed)           1.253     2.728    pll_inst/inst/clk_in1_clk_wiz_0
    PLLE2_ADV_X1Y2       PLLE2_ADV (Prop_plle2_adv_CLKIN1_CLKOUT2)
                                                     -8.953    -6.225 r  pll_inst/inst/plle2_adv_inst/CLKOUT2
                         net (fo=1, routed)           1.802    -4.422    pll_inst/inst/clk_out3_clk_wiz_0
    BUFGCTRL_X0Y2        BUFG (Prop_bufg_I_O)         0.096    -4.326 r  pll_inst/inst/clkout3_buf/O
                         net (fo=2500, routed)        2.200    -2.126    cpu/alu/multiplier_word/clk_out3
    DSP48_X1Y9           DSP48E1                                      r  cpu/alu/multiplier_word/mult_result__2/CLK





