
firmware.elf:     file format elf32-littleriscv


Disassembly of section .text:

00000000 <_start>:
       0:	30047073          	csrrci	zero,mstatus,8
       4:	10008137          	lui	sp,0x10008
       8:	00010113          	addi	sp,sp,0 # 10008000 <_stack_top>
       c:	100011b7          	lui	gp,0x10001
      10:	81018193          	addi	gp,gp,-2032 # 10000810 <__global_pointer$>
      14:	000032b7          	lui	t0,0x3
      18:	50028293          	addi	t0,t0,1280 # 3500 <freertos_risc_v_trap_handler>
      1c:	30529073          	csrrw	zero,mtvec,t0
      20:	000062b7          	lui	t0,0x6
      24:	23828293          	addi	t0,t0,568 # 6238 <_data_load>
      28:	10000337          	lui	t1,0x10000
      2c:	00030313          	addi	t1,t1,0 # 10000000 <pxCriticalNesting>
      30:	100003b7          	lui	t2,0x10000
      34:	00c38393          	addi	t2,t2,12 # 1000000c <_data_end>

00000038 <data_loop>:
      38:	00737c63          	bgeu	t1,t2,50 <data_done>
      3c:	0002ae03          	lw	t3,0(t0)
      40:	01c32023          	sw	t3,0(t1)
      44:	00428293          	addi	t0,t0,4
      48:	00430313          	addi	t1,t1,4
      4c:	fedff06f          	jal	zero,38 <data_loop>

00000050 <data_done>:
      50:	100002b7          	lui	t0,0x10000
      54:	01028293          	addi	t0,t0,16 # 10000010 <StrGlb2>
      58:	10005337          	lui	t1,0x10005
      5c:	c7830313          	addi	t1,t1,-904 # 10004c78 <_bss_end>

00000060 <bss_loop>:
      60:	0062f863          	bgeu	t0,t1,70 <bss_done>
      64:	0002a023          	sw	zero,0(t0)
      68:	00428293          	addi	t0,t0,4
      6c:	ff5ff06f          	jal	zero,60 <bss_loop>

00000070 <bss_done>:
      70:	3c4010ef          	jal	ra,1434 <main>

00000074 <halt>:
      74:	0000006f          	jal	zero,74 <halt>

00000078 <memset>:
      78:	00c50633          	add	a2,a0,a2
      7c:	00050793          	addi	a5,a0,0
      80:	00c79463          	bne	a5,a2,88 <memset+0x10>
      84:	00008067          	jalr	zero,0(ra)
      88:	00178793          	addi	a5,a5,1
      8c:	feb78fa3          	sb	a1,-1(a5)
      90:	ff1ff06f          	jal	zero,80 <memset+0x8>

00000094 <memcpy>:
      94:	00000793          	addi	a5,zero,0
      98:	00f61463          	bne	a2,a5,a0 <memcpy+0xc>
      9c:	00008067          	jalr	zero,0(ra)
      a0:	00f58733          	add	a4,a1,a5
      a4:	00074683          	lbu	a3,0(a4)
      a8:	00f50733          	add	a4,a0,a5
      ac:	00178793          	addi	a5,a5,1
      b0:	00d70023          	sb	a3,0(a4)
      b4:	fe5ff06f          	jal	zero,98 <memcpy+0x4>

000000b8 <vram_putc>:
      b8:	100055b7          	lui	a1,0x10005
      bc:	00a00713          	addi	a4,zero,10
      c0:	b645a783          	lw	a5,-1180(a1) # 10004b64 <vrow>
      c4:	10005637          	lui	a2,0x10005
      c8:	0ce50863          	beq	a0,a4,198 <vram_putc+0xe0>
      cc:	00d00713          	addi	a4,zero,13
      d0:	06e51463          	bne	a0,a4,138 <vram_putc+0x80>
      d4:	b6062023          	sw	zero,-1184(a2) # 10004b60 <vcol>
      d8:	b645a703          	lw	a4,-1180(a1)
      dc:	01d00793          	addi	a5,zero,29
      e0:	04e7da63          	bge	a5,a4,134 <vram_putc+0x7c>
      e4:	100207b7          	lui	a5,0x10020
      e8:	10021737          	lui	a4,0x10021
      ec:	05078793          	addi	a5,a5,80 # 10020050 <_stack_top+0x18050>
      f0:	96070713          	addi	a4,a4,-1696 # 10020960 <_stack_top+0x18960>
      f4:	05078613          	addi	a2,a5,80
      f8:	0007c683          	lbu	a3,0(a5)
      fc:	00178793          	addi	a5,a5,1
     100:	fad787a3          	sb	a3,-81(a5)
     104:	fec79ae3          	bne	a5,a2,f8 <vram_putc+0x40>
     108:	fee796e3          	bne	a5,a4,f4 <vram_putc+0x3c>
     10c:	100217b7          	lui	a5,0x10021
     110:	10021737          	lui	a4,0x10021
     114:	91078793          	addi	a5,a5,-1776 # 10020910 <_stack_top+0x18910>
     118:	02000693          	addi	a3,zero,32
     11c:	96070713          	addi	a4,a4,-1696 # 10020960 <_stack_top+0x18960>
     120:	00d78023          	sb	a3,0(a5)
     124:	00178793          	addi	a5,a5,1
     128:	fee79ce3          	bne	a5,a4,120 <vram_putc+0x68>
     12c:	01d00793          	addi	a5,zero,29
     130:	b6f5a223          	sw	a5,-1180(a1)
     134:	00008067          	jalr	zero,0(ra)
     138:	00800693          	addi	a3,zero,8
     13c:	b6062703          	lw	a4,-1184(a2)
     140:	02d51863          	bne	a0,a3,170 <vram_putc+0xb8>
     144:	f8e05ae3          	bge	zero,a4,d8 <vram_putc+0x20>
     148:	05000693          	addi	a3,zero,80
     14c:	02d787b3          	mul	a5,a5,a3
     150:	fff70713          	addi	a4,a4,-1
     154:	b6e62023          	sw	a4,-1184(a2)
     158:	00e787b3          	add	a5,a5,a4
     15c:	10020737          	lui	a4,0x10020
     160:	00e787b3          	add	a5,a5,a4
     164:	02000713          	addi	a4,zero,32
     168:	00e78023          	sb	a4,0(a5)
     16c:	f6dff06f          	jal	zero,d8 <vram_putc+0x20>
     170:	05000693          	addi	a3,zero,80
     174:	02d786b3          	mul	a3,a5,a3
     178:	10020837          	lui	a6,0x10020
     17c:	00e686b3          	add	a3,a3,a4
     180:	010686b3          	add	a3,a3,a6
     184:	00170713          	addi	a4,a4,1 # 10020001 <_stack_top+0x18001>
     188:	00a68023          	sb	a0,0(a3)
     18c:	b6e62023          	sw	a4,-1184(a2)
     190:	04f00693          	addi	a3,zero,79
     194:	f4e6d2e3          	bge	a3,a4,d8 <vram_putc+0x20>
     198:	00178793          	addi	a5,a5,1
     19c:	b6062023          	sw	zero,-1184(a2)
     1a0:	b6f5a223          	sw	a5,-1180(a1)
     1a4:	f35ff06f          	jal	zero,d8 <vram_putc+0x20>

000001a8 <vram_clear_all>:
     1a8:	10021737          	lui	a4,0x10021
     1ac:	100207b7          	lui	a5,0x10020
     1b0:	02000693          	addi	a3,zero,32
     1b4:	96070713          	addi	a4,a4,-1696 # 10020960 <_stack_top+0x18960>
     1b8:	00d78023          	sb	a3,0(a5) # 10020000 <_stack_top+0x18000>
     1bc:	00178793          	addi	a5,a5,1
     1c0:	fee79ce3          	bne	a5,a4,1b8 <vram_clear_all+0x10>
     1c4:	100057b7          	lui	a5,0x10005
     1c8:	b607a223          	sw	zero,-1180(a5) # 10004b64 <vrow>
     1cc:	100057b7          	lui	a5,0x10005
     1d0:	b607a023          	sw	zero,-1184(a5) # 10004b60 <vcol>
     1d4:	00008067          	jalr	zero,0(ra)

000001d8 <my_strcmp>:
     1d8:	00054783          	lbu	a5,0(a0)
     1dc:	0005c703          	lbu	a4,0(a1)
     1e0:	00078463          	beq	a5,zero,1e8 <my_strcmp+0x10>
     1e4:	00e78663          	beq	a5,a4,1f0 <my_strcmp+0x18>
     1e8:	40e78533          	sub	a0,a5,a4
     1ec:	00008067          	jalr	zero,0(ra)
     1f0:	00150513          	addi	a0,a0,1
     1f4:	00158593          	addi	a1,a1,1
     1f8:	fe1ff06f          	jal	zero,1d8 <my_strcmp>

000001fc <my_strcpy>:
     1fc:	0005c783          	lbu	a5,0(a1)
     200:	00158593          	addi	a1,a1,1
     204:	00150513          	addi	a0,a0,1
     208:	fef50fa3          	sb	a5,-1(a0)
     20c:	fe0798e3          	bne	a5,zero,1fc <my_strcpy>
     210:	00008067          	jalr	zero,0(ra)

00000214 <hex2uint>:
     214:	00054683          	lbu	a3,0(a0)
     218:	03000793          	addi	a5,zero,48
     21c:	00050713          	addi	a4,a0,0
     220:	00f69c63          	bne	a3,a5,238 <hex2uint+0x24>
     224:	00154783          	lbu	a5,1(a0)
     228:	05800693          	addi	a3,zero,88
     22c:	0df7f793          	andi	a5,a5,223
     230:	00d79463          	bne	a5,a3,238 <hex2uint+0x24>
     234:	00250713          	addi	a4,a0,2
     238:	00000513          	addi	a0,zero,0
     23c:	00900593          	addi	a1,zero,9
     240:	00500613          	addi	a2,zero,5
     244:	00074683          	lbu	a3,0(a4)
     248:	00069463          	bne	a3,zero,250 <hex2uint+0x3c>
     24c:	00008067          	jalr	zero,0(ra)
     250:	fd068793          	addi	a5,a3,-48
     254:	0ff7f793          	andi	a5,a5,255
     258:	00f5ec63          	bltu	a1,a5,270 <hex2uint+0x5c>
     25c:	ffd50793          	addi	a5,a0,-3
     260:	00479793          	slli	a5,a5,0x4
     264:	00f68533          	add	a0,a3,a5
     268:	00170713          	addi	a4,a4,1
     26c:	fd9ff06f          	jal	zero,244 <hex2uint+0x30>
     270:	f9f68793          	addi	a5,a3,-97
     274:	0ff7f793          	andi	a5,a5,255
     278:	00f66863          	bltu	a2,a5,288 <hex2uint+0x74>
     27c:	00451793          	slli	a5,a0,0x4
     280:	fa978793          	addi	a5,a5,-87
     284:	fe1ff06f          	jal	zero,264 <hex2uint+0x50>
     288:	fbf68793          	addi	a5,a3,-65
     28c:	0ff7f793          	andi	a5,a5,255
     290:	faf66ee3          	bltu	a2,a5,24c <hex2uint+0x38>
     294:	00451793          	slli	a5,a0,0x4
     298:	fc978793          	addi	a5,a5,-55
     29c:	fc9ff06f          	jal	zero,264 <hex2uint+0x50>

000002a0 <uint2hex>:
     2a0:	03000793          	addi	a5,zero,48
     2a4:	00f58023          	sb	a5,0(a1)
     2a8:	00005637          	lui	a2,0x5
     2ac:	07800793          	addi	a5,zero,120
     2b0:	00f580a3          	sb	a5,1(a1)
     2b4:	00258693          	addi	a3,a1,2
     2b8:	01c00713          	addi	a4,zero,28
     2bc:	5f460613          	addi	a2,a2,1524 # 55f4 <__umoddi3+0x41c>
     2c0:	ffc00813          	addi	a6,zero,-4
     2c4:	00e557b3          	srl	a5,a0,a4
     2c8:	00f7f793          	andi	a5,a5,15
     2cc:	00c787b3          	add	a5,a5,a2
     2d0:	0007c783          	lbu	a5,0(a5)
     2d4:	ffc70713          	addi	a4,a4,-4
     2d8:	00168693          	addi	a3,a3,1
     2dc:	fef68fa3          	sb	a5,-1(a3)
     2e0:	ff0712e3          	bne	a4,a6,2c4 <uint2hex+0x24>
     2e4:	00058523          	sb	zero,10(a1)
     2e8:	00008067          	jalr	zero,0(ra)

000002ec <cmd_clear>:
     2ec:	ebdff06f          	jal	zero,1a8 <vram_clear_all>

000002f0 <uint2str.part.0>:
     2f0:	ff010113          	addi	sp,sp,-16
     2f4:	00000793          	addi	a5,zero,0
     2f8:	00410613          	addi	a2,sp,4
     2fc:	00a00693          	addi	a3,zero,10
     300:	02051263          	bne	a0,zero,324 <uint2str.part.0+0x34>
     304:	00078713          	addi	a4,a5,0
     308:	00058693          	addi	a3,a1,0
     30c:	00410613          	addi	a2,sp,4
     310:	02071863          	bne	a4,zero,340 <uint2str.part.0+0x50>
     314:	00f585b3          	add	a1,a1,a5
     318:	00058023          	sb	zero,0(a1)
     31c:	01010113          	addi	sp,sp,16
     320:	00008067          	jalr	zero,0(ra)
     324:	02d57733          	remu	a4,a0,a3
     328:	00f60833          	add	a6,a2,a5
     32c:	00178793          	addi	a5,a5,1
     330:	03070713          	addi	a4,a4,48
     334:	02d55533          	divu	a0,a0,a3
     338:	00e80023          	sb	a4,0(a6) # 10020000 <_stack_top+0x18000>
     33c:	fc5ff06f          	jal	zero,300 <uint2str.part.0+0x10>
     340:	fff70713          	addi	a4,a4,-1
     344:	00e60533          	add	a0,a2,a4
     348:	00054503          	lbu	a0,0(a0)
     34c:	00168693          	addi	a3,a3,1
     350:	fea68fa3          	sb	a0,-1(a3)
     354:	fbdff06f          	jal	zero,310 <uint2str.part.0+0x20>

00000358 <uint2str>:
     358:	00051a63          	bne	a0,zero,36c <uint2str+0x14>
     35c:	03000793          	addi	a5,zero,48
     360:	00f58023          	sb	a5,0(a1)
     364:	000580a3          	sb	zero,1(a1)
     368:	00008067          	jalr	zero,0(ra)
     36c:	f85ff06f          	jal	zero,2f0 <uint2str.part.0>

00000370 <puts_all>:
     370:	ff010113          	addi	sp,sp,-16
     374:	01212023          	sw	s2,0(sp)
     378:	10010937          	lui	s2,0x10010
     37c:	00812423          	sw	s0,8(sp)
     380:	00912223          	sw	s1,4(sp)
     384:	00112623          	sw	ra,12(sp)
     388:	00050413          	addi	s0,a0,0
     38c:	00490493          	addi	s1,s2,4 # 10010004 <_stack_top+0x8004>
     390:	00044703          	lbu	a4,0(s0)
     394:	00071e63          	bne	a4,zero,3b0 <puts_all+0x40>
     398:	00c12083          	lw	ra,12(sp)
     39c:	00812403          	lw	s0,8(sp)
     3a0:	00412483          	lw	s1,4(sp)
     3a4:	00012903          	lw	s2,0(sp)
     3a8:	01010113          	addi	sp,sp,16
     3ac:	00008067          	jalr	zero,0(ra)
     3b0:	0004a783          	lw	a5,0(s1)
     3b4:	0017f793          	andi	a5,a5,1
     3b8:	fe079ce3          	bne	a5,zero,3b0 <puts_all+0x40>
     3bc:	00e92023          	sw	a4,0(s2)
     3c0:	00044503          	lbu	a0,0(s0)
     3c4:	00140413          	addi	s0,s0,1
     3c8:	cf1ff0ef          	jal	ra,b8 <vram_putc>
     3cc:	fc5ff06f          	jal	zero,390 <puts_all+0x20>

000003d0 <print_hex_line>:
     3d0:	fe010113          	addi	sp,sp,-32
     3d4:	00112e23          	sw	ra,28(sp)
     3d8:	00812c23          	sw	s0,24(sp)
     3dc:	00058413          	addi	s0,a1,0
     3e0:	f91ff0ef          	jal	ra,370 <puts_all>
     3e4:	00005537          	lui	a0,0x5
     3e8:	60850513          	addi	a0,a0,1544 # 5608 <__umoddi3+0x430>
     3ec:	f85ff0ef          	jal	ra,370 <puts_all>
     3f0:	00410593          	addi	a1,sp,4
     3f4:	00040513          	addi	a0,s0,0
     3f8:	ea9ff0ef          	jal	ra,2a0 <uint2hex>
     3fc:	00410513          	addi	a0,sp,4
     400:	f71ff0ef          	jal	ra,370 <puts_all>
     404:	01812403          	lw	s0,24(sp)
     408:	01c12083          	lw	ra,28(sp)
     40c:	00006537          	lui	a0,0x6
     410:	a9050513          	addi	a0,a0,-1392 # 5a90 <__umoddi3+0x8b8>
     414:	02010113          	addi	sp,sp,32
     418:	f59ff06f          	jal	zero,370 <puts_all>

0000041c <cmd_csr>:
     41c:	ff010113          	addi	sp,sp,-16
     420:	00112623          	sw	ra,12(sp)
     424:	300025f3          	csrrs	a1,mstatus,zero
     428:	00005537          	lui	a0,0x5
     42c:	61050513          	addi	a0,a0,1552 # 5610 <__umoddi3+0x438>
     430:	fa1ff0ef          	jal	ra,3d0 <print_hex_line>
     434:	304025f3          	csrrs	a1,mie,zero
     438:	00005537          	lui	a0,0x5
     43c:	61c50513          	addi	a0,a0,1564 # 561c <__umoddi3+0x444>
     440:	f91ff0ef          	jal	ra,3d0 <print_hex_line>
     444:	344025f3          	csrrs	a1,mip,zero
     448:	00005537          	lui	a0,0x5
     44c:	62850513          	addi	a0,a0,1576 # 5628 <__umoddi3+0x450>
     450:	f81ff0ef          	jal	ra,3d0 <print_hex_line>
     454:	342025f3          	csrrs	a1,mcause,zero
     458:	00005537          	lui	a0,0x5
     45c:	63450513          	addi	a0,a0,1588 # 5634 <__umoddi3+0x45c>
     460:	f71ff0ef          	jal	ra,3d0 <print_hex_line>
     464:	341025f3          	csrrs	a1,mepc,zero
     468:	00005537          	lui	a0,0x5
     46c:	64050513          	addi	a0,a0,1600 # 5640 <__umoddi3+0x468>
     470:	f61ff0ef          	jal	ra,3d0 <print_hex_line>
     474:	305025f3          	csrrs	a1,mtvec,zero
     478:	00005537          	lui	a0,0x5
     47c:	64c50513          	addi	a0,a0,1612 # 564c <__umoddi3+0x474>
     480:	f51ff0ef          	jal	ra,3d0 <print_hex_line>
     484:	b00025f3          	csrrs	a1,mcycle,zero
     488:	00005537          	lui	a0,0x5
     48c:	65850513          	addi	a0,a0,1624 # 5658 <__umoddi3+0x480>
     490:	f41ff0ef          	jal	ra,3d0 <print_hex_line>
     494:	020007b7          	lui	a5,0x2000
     498:	0007a583          	lw	a1,0(a5) # 2000000 <_data_load+0x1ff9dc8>
     49c:	00005537          	lui	a0,0x5
     4a0:	66450513          	addi	a0,a0,1636 # 5664 <__umoddi3+0x48c>
     4a4:	f2dff0ef          	jal	ra,3d0 <print_hex_line>
     4a8:	020007b7          	lui	a5,0x2000
     4ac:	00c12083          	lw	ra,12(sp)
     4b0:	0087a583          	lw	a1,8(a5) # 2000008 <_data_load+0x1ff9dd0>
     4b4:	00005537          	lui	a0,0x5
     4b8:	67050513          	addi	a0,a0,1648 # 5670 <__umoddi3+0x498>
     4bc:	01010113          	addi	sp,sp,16
     4c0:	f11ff06f          	jal	zero,3d0 <print_hex_line>

000004c4 <dhrystone_run>:
     4c4:	fa010113          	addi	sp,sp,-96
     4c8:	04812c23          	sw	s0,88(sp)
     4cc:	05412423          	sw	s4,72(sp)
     4d0:	84018413          	addi	s0,gp,-1984 # 10000050 <RecordA>
     4d4:	100057b7          	lui	a5,0x10005
     4d8:	00005a37          	lui	s4,0x5
     4dc:	04112e23          	sw	ra,92(sp)
     4e0:	04912a23          	sw	s1,84(sp)
     4e4:	05212823          	sw	s2,80(sp)
     4e8:	05312623          	sw	s3,76(sp)
     4ec:	05512223          	sw	s5,68(sp)
     4f0:	05612023          	sw	s6,64(sp)
     4f4:	03712e23          	sw	s7,60(sp)
     4f8:	03812c23          	sw	s8,56(sp)
     4fc:	b487ac23          	sw	s0,-1192(a5) # 10004b58 <PtrGlb>
     500:	67ca0593          	addi	a1,s4,1660 # 567c <__umoddi3+0x4a4>
     504:	00100793          	addi	a5,zero,1
     508:	84418513          	addi	a0,gp,-1980 # 10000054 <RecordA+0x4>
     50c:	02f42223          	sw	a5,36(s0)
     510:	00042023          	sw	zero,0(s0)
     514:	ce9ff0ef          	jal	ra,1fc <my_strcpy>
     518:	100004b7          	lui	s1,0x10000
     51c:	000055b7          	lui	a1,0x5
     520:	03048513          	addi	a0,s1,48 # 10000030 <StrGlb1>
     524:	68858593          	addi	a1,a1,1672 # 5688 <__umoddi3+0x4b0>
     528:	cd5ff0ef          	jal	ra,1fc <my_strcpy>
     52c:	10000937          	lui	s2,0x10000
     530:	000055b7          	lui	a1,0x5
     534:	69c58593          	addi	a1,a1,1692 # 569c <__umoddi3+0x4c4>
     538:	01090513          	addi	a0,s2,16 # 10000010 <StrGlb2>
     53c:	cc1ff0ef          	jal	ra,1fc <my_strcpy>
     540:	00005537          	lui	a0,0x5
     544:	6a850513          	addi	a0,a0,1704 # 56a8 <__umoddi3+0x4d0>
     548:	e29ff0ef          	jal	ra,370 <puts_all>
     54c:	b0002af3          	csrrs	s5,mcycle,zero
     550:	3e800993          	addi	s3,zero,1000
     554:	03048493          	addi	s1,s1,48
     558:	04100b93          	addi	s7,zero,65
     55c:	67ca0a13          	addi	s4,s4,1660
     560:	01090913          	addi	s2,s2,16
     564:	10005c37          	lui	s8,0x10005
     568:	00500b13          	addi	s6,zero,5
     56c:	000a0593          	addi	a1,s4,0
     570:	01010513          	addi	a0,sp,16
     574:	01748023          	sb	s7,0(s1)
     578:	c85ff0ef          	jal	ra,1fc <my_strcpy>
     57c:	0024c783          	lbu	a5,2(s1)
     580:	00394703          	lbu	a4,3(s2)
     584:	00f70063          	beq	a4,a5,584 <dhrystone_run+0xc0>
     588:	00090593          	addi	a1,s2,0
     58c:	00048513          	addi	a0,s1,0
     590:	c49ff0ef          	jal	ra,1d8 <my_strcmp>
     594:	00152513          	slti	a0,a0,1
     598:	b4ac2a23          	sw	a0,-1196(s8) # 10004b54 <BoolGlb>
     59c:	01642023          	sw	s6,0(s0)
     5a0:	02042223          	sw	zero,36(s0)
     5a4:	fff98993          	addi	s3,s3,-1
     5a8:	fc0992e3          	bne	s3,zero,56c <dhrystone_run+0xa8>
     5ac:	b0002473          	csrrs	s0,mcycle,zero
     5b0:	00005537          	lui	a0,0x5
     5b4:	6c050513          	addi	a0,a0,1728 # 56c0 <__umoddi3+0x4e8>
     5b8:	db9ff0ef          	jal	ra,370 <puts_all>
     5bc:	00010593          	addi	a1,sp,0
     5c0:	3e800513          	addi	a0,zero,1000
     5c4:	d2dff0ef          	jal	ra,2f0 <uint2str.part.0>
     5c8:	00010513          	addi	a0,sp,0
     5cc:	da5ff0ef          	jal	ra,370 <puts_all>
     5d0:	000064b7          	lui	s1,0x6
     5d4:	a9048513          	addi	a0,s1,-1392 # 5a90 <__umoddi3+0x8b8>
     5d8:	d99ff0ef          	jal	ra,370 <puts_all>
     5dc:	00005537          	lui	a0,0x5
     5e0:	6d050513          	addi	a0,a0,1744 # 56d0 <__umoddi3+0x4f8>
     5e4:	d8dff0ef          	jal	ra,370 <puts_all>
     5e8:	41540433          	sub	s0,s0,s5
     5ec:	00010593          	addi	a1,sp,0
     5f0:	00040513          	addi	a0,s0,0
     5f4:	d65ff0ef          	jal	ra,358 <uint2str>
     5f8:	00010513          	addi	a0,sp,0
     5fc:	d75ff0ef          	jal	ra,370 <puts_all>
     600:	a9048513          	addi	a0,s1,-1392
     604:	d6dff0ef          	jal	ra,370 <puts_all>
     608:	00005537          	lui	a0,0x5
     60c:	6e050513          	addi	a0,a0,1760 # 56e0 <__umoddi3+0x508>
     610:	d61ff0ef          	jal	ra,370 <puts_all>
     614:	3e800513          	addi	a0,zero,1000
     618:	02a45533          	divu	a0,s0,a0
     61c:	00010593          	addi	a1,sp,0
     620:	d39ff0ef          	jal	ra,358 <uint2str>
     624:	00010513          	addi	a0,sp,0
     628:	d49ff0ef          	jal	ra,370 <puts_all>
     62c:	05812403          	lw	s0,88(sp)
     630:	05c12083          	lw	ra,92(sp)
     634:	05012903          	lw	s2,80(sp)
     638:	04c12983          	lw	s3,76(sp)
     63c:	04812a03          	lw	s4,72(sp)
     640:	04412a83          	lw	s5,68(sp)
     644:	04012b03          	lw	s6,64(sp)
     648:	03c12b83          	lw	s7,60(sp)
     64c:	03812c03          	lw	s8,56(sp)
     650:	a9048513          	addi	a0,s1,-1392
     654:	05412483          	lw	s1,84(sp)
     658:	06010113          	addi	sp,sp,96
     65c:	d15ff06f          	jal	zero,370 <puts_all>

00000660 <cmd_bench>:
     660:	e65ff06f          	jal	zero,4c4 <dhrystone_run>

00000664 <cmd_help>:
     664:	00005537          	lui	a0,0x5
     668:	ff010113          	addi	sp,sp,-16
     66c:	6f050513          	addi	a0,a0,1776 # 56f0 <__umoddi3+0x518>
     670:	00112623          	sw	ra,12(sp)
     674:	cfdff0ef          	jal	ra,370 <puts_all>
     678:	00005537          	lui	a0,0x5
     67c:	6fc50513          	addi	a0,a0,1788 # 56fc <__umoddi3+0x524>
     680:	cf1ff0ef          	jal	ra,370 <puts_all>
     684:	00005537          	lui	a0,0x5
     688:	72450513          	addi	a0,a0,1828 # 5724 <__umoddi3+0x54c>
     68c:	ce5ff0ef          	jal	ra,370 <puts_all>
     690:	00005537          	lui	a0,0x5
     694:	74c50513          	addi	a0,a0,1868 # 574c <__umoddi3+0x574>
     698:	cd9ff0ef          	jal	ra,370 <puts_all>
     69c:	00005537          	lui	a0,0x5
     6a0:	77450513          	addi	a0,a0,1908 # 5774 <__umoddi3+0x59c>
     6a4:	ccdff0ef          	jal	ra,370 <puts_all>
     6a8:	00005537          	lui	a0,0x5
     6ac:	79c50513          	addi	a0,a0,1948 # 579c <__umoddi3+0x5c4>
     6b0:	cc1ff0ef          	jal	ra,370 <puts_all>
     6b4:	00005537          	lui	a0,0x5
     6b8:	7cc50513          	addi	a0,a0,1996 # 57cc <__umoddi3+0x5f4>
     6bc:	cb5ff0ef          	jal	ra,370 <puts_all>
     6c0:	00005537          	lui	a0,0x5
     6c4:	7fc50513          	addi	a0,a0,2044 # 57fc <__umoddi3+0x624>
     6c8:	ca9ff0ef          	jal	ra,370 <puts_all>
     6cc:	00006537          	lui	a0,0x6
     6d0:	82c50513          	addi	a0,a0,-2004 # 582c <__umoddi3+0x654>
     6d4:	c9dff0ef          	jal	ra,370 <puts_all>
     6d8:	00006537          	lui	a0,0x6
     6dc:	85c50513          	addi	a0,a0,-1956 # 585c <__umoddi3+0x684>
     6e0:	c91ff0ef          	jal	ra,370 <puts_all>
     6e4:	00006537          	lui	a0,0x6
     6e8:	88450513          	addi	a0,a0,-1916 # 5884 <__umoddi3+0x6ac>
     6ec:	c85ff0ef          	jal	ra,370 <puts_all>
     6f0:	00006537          	lui	a0,0x6
     6f4:	8c050513          	addi	a0,a0,-1856 # 58c0 <__umoddi3+0x6e8>
     6f8:	c79ff0ef          	jal	ra,370 <puts_all>
     6fc:	00006537          	lui	a0,0x6
     700:	8ec50513          	addi	a0,a0,-1812 # 58ec <__umoddi3+0x714>
     704:	c6dff0ef          	jal	ra,370 <puts_all>
     708:	00006537          	lui	a0,0x6
     70c:	91850513          	addi	a0,a0,-1768 # 5918 <__umoddi3+0x740>
     710:	c61ff0ef          	jal	ra,370 <puts_all>
     714:	00006537          	lui	a0,0x6
     718:	94050513          	addi	a0,a0,-1728 # 5940 <__umoddi3+0x768>
     71c:	c55ff0ef          	jal	ra,370 <puts_all>
     720:	00006537          	lui	a0,0x6
     724:	96c50513          	addi	a0,a0,-1684 # 596c <__umoddi3+0x794>
     728:	c49ff0ef          	jal	ra,370 <puts_all>
     72c:	00c12083          	lw	ra,12(sp)
     730:	00006537          	lui	a0,0x6
     734:	9a050513          	addi	a0,a0,-1632 # 59a0 <__umoddi3+0x7c8>
     738:	01010113          	addi	sp,sp,16
     73c:	c35ff06f          	jal	zero,370 <puts_all>

00000740 <cmd_echo>:
     740:	fe010113          	addi	sp,sp,-32
     744:	000067b7          	lui	a5,0x6
     748:	00812c23          	sw	s0,24(sp)
     74c:	00912a23          	sw	s1,20(sp)
     750:	01212823          	sw	s2,16(sp)
     754:	01312623          	sw	s3,12(sp)
     758:	01412423          	sw	s4,8(sp)
     75c:	00112e23          	sw	ra,28(sp)
     760:	00050493          	addi	s1,a0,0
     764:	00058a13          	addi	s4,a1,0
     768:	00100413          	addi	s0,zero,1
     76c:	fff50913          	addi	s2,a0,-1
     770:	9e078993          	addi	s3,a5,-1568 # 59e0 <__umoddi3+0x808>
     774:	02944663          	blt	s0,s1,7a0 <cmd_echo+0x60>
     778:	01812403          	lw	s0,24(sp)
     77c:	01c12083          	lw	ra,28(sp)
     780:	01412483          	lw	s1,20(sp)
     784:	01012903          	lw	s2,16(sp)
     788:	00c12983          	lw	s3,12(sp)
     78c:	00812a03          	lw	s4,8(sp)
     790:	00006537          	lui	a0,0x6
     794:	a9050513          	addi	a0,a0,-1392 # 5a90 <__umoddi3+0x8b8>
     798:	02010113          	addi	sp,sp,32
     79c:	bd5ff06f          	jal	zero,370 <puts_all>
     7a0:	00241793          	slli	a5,s0,0x2
     7a4:	00fa07b3          	add	a5,s4,a5
     7a8:	0007a503          	lw	a0,0(a5)
     7ac:	bc5ff0ef          	jal	ra,370 <puts_all>
     7b0:	00890663          	beq	s2,s0,7bc <cmd_echo+0x7c>
     7b4:	00098513          	addi	a0,s3,0
     7b8:	bb9ff0ef          	jal	ra,370 <puts_all>
     7bc:	00140413          	addi	s0,s0,1
     7c0:	fb5ff06f          	jal	zero,774 <cmd_echo+0x34>

000007c4 <cmd_info>:
     7c4:	00006537          	lui	a0,0x6
     7c8:	ff010113          	addi	sp,sp,-16
     7cc:	9e450513          	addi	a0,a0,-1564 # 59e4 <__umoddi3+0x80c>
     7d0:	00112623          	sw	ra,12(sp)
     7d4:	b9dff0ef          	jal	ra,370 <puts_all>
     7d8:	00006537          	lui	a0,0x6
     7dc:	a0c50513          	addi	a0,a0,-1524 # 5a0c <__umoddi3+0x834>
     7e0:	b91ff0ef          	jal	ra,370 <puts_all>
     7e4:	00006537          	lui	a0,0x6
     7e8:	a3450513          	addi	a0,a0,-1484 # 5a34 <__umoddi3+0x85c>
     7ec:	b85ff0ef          	jal	ra,370 <puts_all>
     7f0:	00006537          	lui	a0,0x6
     7f4:	a6850513          	addi	a0,a0,-1432 # 5a68 <__umoddi3+0x890>
     7f8:	b79ff0ef          	jal	ra,370 <puts_all>
     7fc:	00c12083          	lw	ra,12(sp)
     800:	00006537          	lui	a0,0x6
     804:	a9450513          	addi	a0,a0,-1388 # 5a94 <__umoddi3+0x8bc>
     808:	01010113          	addi	sp,sp,16
     80c:	b65ff06f          	jal	zero,370 <puts_all>

00000810 <cmd_memr>:
     810:	00100793          	addi	a5,zero,1
     814:	00a7c863          	blt	a5,a0,824 <cmd_memr+0x14>
     818:	00006537          	lui	a0,0x6
     81c:	abc50513          	addi	a0,a0,-1348 # 5abc <__umoddi3+0x8e4>
     820:	b51ff06f          	jal	zero,370 <puts_all>
     824:	0045a503          	lw	a0,4(a1)
     828:	fe010113          	addi	sp,sp,-32
     82c:	00812c23          	sw	s0,24(sp)
     830:	00112e23          	sw	ra,28(sp)
     834:	00912a23          	sw	s1,20(sp)
     838:	9ddff0ef          	jal	ra,214 <hex2uint>
     83c:	00357793          	andi	a5,a0,3
     840:	00050413          	addi	s0,a0,0
     844:	02078063          	beq	a5,zero,864 <cmd_memr+0x54>
     848:	00006537          	lui	a0,0x6
     84c:	ad050513          	addi	a0,a0,-1328 # 5ad0 <__umoddi3+0x8f8>
     850:	01812403          	lw	s0,24(sp)
     854:	01c12083          	lw	ra,28(sp)
     858:	01412483          	lw	s1,20(sp)
     85c:	02010113          	addi	sp,sp,32
     860:	fc1ff06f          	jal	zero,820 <cmd_memr+0x10>
     864:	00052783          	lw	a5,0(a0)
     868:	00006537          	lui	a0,0x6
     86c:	af450513          	addi	a0,a0,-1292 # 5af4 <__umoddi3+0x91c>
     870:	00078493          	addi	s1,a5,0
     874:	afdff0ef          	jal	ra,370 <puts_all>
     878:	00410593          	addi	a1,sp,4
     87c:	00040513          	addi	a0,s0,0
     880:	a21ff0ef          	jal	ra,2a0 <uint2hex>
     884:	00410513          	addi	a0,sp,4
     888:	ae9ff0ef          	jal	ra,370 <puts_all>
     88c:	00006537          	lui	a0,0x6
     890:	afc50513          	addi	a0,a0,-1284 # 5afc <__umoddi3+0x924>
     894:	addff0ef          	jal	ra,370 <puts_all>
     898:	00410593          	addi	a1,sp,4
     89c:	00048513          	addi	a0,s1,0
     8a0:	a01ff0ef          	jal	ra,2a0 <uint2hex>
     8a4:	00410513          	addi	a0,sp,4
     8a8:	ac9ff0ef          	jal	ra,370 <puts_all>
     8ac:	00006537          	lui	a0,0x6
     8b0:	a9050513          	addi	a0,a0,-1392 # 5a90 <__umoddi3+0x8b8>
     8b4:	f9dff06f          	jal	zero,850 <cmd_memr+0x40>

000008b8 <cmd_memw>:
     8b8:	00200793          	addi	a5,zero,2
     8bc:	00a7c863          	blt	a5,a0,8cc <cmd_memw+0x14>
     8c0:	00006537          	lui	a0,0x6
     8c4:	b0450513          	addi	a0,a0,-1276 # 5b04 <__umoddi3+0x92c>
     8c8:	aa9ff06f          	jal	zero,370 <puts_all>
     8cc:	0045a503          	lw	a0,4(a1)
     8d0:	fe010113          	addi	sp,sp,-32
     8d4:	00112e23          	sw	ra,28(sp)
     8d8:	00812c23          	sw	s0,24(sp)
     8dc:	00912a23          	sw	s1,20(sp)
     8e0:	00058493          	addi	s1,a1,0
     8e4:	931ff0ef          	jal	ra,214 <hex2uint>
     8e8:	00050413          	addi	s0,a0,0
     8ec:	0084a503          	lw	a0,8(s1)
     8f0:	925ff0ef          	jal	ra,214 <hex2uint>
     8f4:	00347793          	andi	a5,s0,3
     8f8:	00050493          	addi	s1,a0,0
     8fc:	02078063          	beq	a5,zero,91c <cmd_memw+0x64>
     900:	00006537          	lui	a0,0x6
     904:	ad050513          	addi	a0,a0,-1328 # 5ad0 <__umoddi3+0x8f8>
     908:	01812403          	lw	s0,24(sp)
     90c:	01c12083          	lw	ra,28(sp)
     910:	01412483          	lw	s1,20(sp)
     914:	02010113          	addi	sp,sp,32
     918:	fb1ff06f          	jal	zero,8c8 <cmd_memw+0x10>
     91c:	00a42023          	sw	a0,0(s0)
     920:	00006537          	lui	a0,0x6
     924:	af450513          	addi	a0,a0,-1292 # 5af4 <__umoddi3+0x91c>
     928:	a49ff0ef          	jal	ra,370 <puts_all>
     92c:	00410593          	addi	a1,sp,4
     930:	00040513          	addi	a0,s0,0
     934:	96dff0ef          	jal	ra,2a0 <uint2hex>
     938:	00410513          	addi	a0,sp,4
     93c:	a35ff0ef          	jal	ra,370 <puts_all>
     940:	00006537          	lui	a0,0x6
     944:	afc50513          	addi	a0,a0,-1284 # 5afc <__umoddi3+0x924>
     948:	a29ff0ef          	jal	ra,370 <puts_all>
     94c:	00410593          	addi	a1,sp,4
     950:	00048513          	addi	a0,s1,0
     954:	94dff0ef          	jal	ra,2a0 <uint2hex>
     958:	00410513          	addi	a0,sp,4
     95c:	a15ff0ef          	jal	ra,370 <puts_all>
     960:	00006537          	lui	a0,0x6
     964:	b2050513          	addi	a0,a0,-1248 # 5b20 <__umoddi3+0x948>
     968:	fa1ff06f          	jal	zero,908 <cmd_memw+0x50>

0000096c <cmd_dump>:
     96c:	00200793          	addi	a5,zero,2
     970:	00a7c863          	blt	a5,a0,980 <cmd_dump+0x14>
     974:	00006537          	lui	a0,0x6
     978:	b2850513          	addi	a0,a0,-1240 # 5b28 <__umoddi3+0x950>
     97c:	9f5ff06f          	jal	zero,370 <puts_all>
     980:	0045a503          	lw	a0,4(a1)
     984:	fc010113          	addi	sp,sp,-64
     988:	02812c23          	sw	s0,56(sp)
     98c:	03312623          	sw	s3,44(sp)
     990:	00058413          	addi	s0,a1,0
     994:	02112e23          	sw	ra,60(sp)
     998:	02912a23          	sw	s1,52(sp)
     99c:	03212823          	sw	s2,48(sp)
     9a0:	03412423          	sw	s4,40(sp)
     9a4:	03512223          	sw	s5,36(sp)
     9a8:	03612023          	sw	s6,32(sp)
     9ac:	01712e23          	sw	s7,28(sp)
     9b0:	01812c23          	sw	s8,24(sp)
     9b4:	861ff0ef          	jal	ra,214 <hex2uint>
     9b8:	00842703          	lw	a4,8(s0)
     9bc:	00050993          	addi	s3,a0,0
     9c0:	00000413          	addi	s0,zero,0
     9c4:	00900613          	addi	a2,zero,9
     9c8:	00a00593          	addi	a1,zero,10
     9cc:	00074683          	lbu	a3,0(a4)
     9d0:	fd068793          	addi	a5,a3,-48
     9d4:	0ff7f793          	andi	a5,a5,255
     9d8:	04f67263          	bgeu	a2,a5,a1c <cmd_dump+0xb0>
     9dc:	0039f793          	andi	a5,s3,3
     9e0:	04078863          	beq	a5,zero,a30 <cmd_dump+0xc4>
     9e4:	00006537          	lui	a0,0x6
     9e8:	ad050513          	addi	a0,a0,-1328 # 5ad0 <__umoddi3+0x8f8>
     9ec:	03812403          	lw	s0,56(sp)
     9f0:	03c12083          	lw	ra,60(sp)
     9f4:	03412483          	lw	s1,52(sp)
     9f8:	03012903          	lw	s2,48(sp)
     9fc:	02c12983          	lw	s3,44(sp)
     a00:	02812a03          	lw	s4,40(sp)
     a04:	02412a83          	lw	s5,36(sp)
     a08:	02012b03          	lw	s6,32(sp)
     a0c:	01c12b83          	lw	s7,28(sp)
     a10:	01812c03          	lw	s8,24(sp)
     a14:	04010113          	addi	sp,sp,64
     a18:	f65ff06f          	jal	zero,97c <cmd_dump+0x10>
     a1c:	02b40433          	mul	s0,s0,a1
     a20:	00170713          	addi	a4,a4,1
     a24:	fd040413          	addi	s0,s0,-48
     a28:	00868433          	add	s0,a3,s0
     a2c:	fa1ff06f          	jal	zero,9cc <cmd_dump+0x60>
     a30:	00347793          	andi	a5,s0,3
     a34:	00078663          	beq	a5,zero,a40 <cmd_dump+0xd4>
     a38:	00440413          	addi	s0,s0,4
     a3c:	ffc47413          	andi	s0,s0,-4
     a40:	000057b7          	lui	a5,0x5
     a44:	60878b93          	addi	s7,a5,1544 # 5608 <__umoddi3+0x430>
     a48:	00005937          	lui	s2,0x5
     a4c:	000067b7          	lui	a5,0x6
     a50:	00000493          	addi	s1,zero,0
     a54:	5f490913          	addi	s2,s2,1524 # 55f4 <__umoddi3+0x41c>
     a58:	9e078c13          	addi	s8,a5,-1568 # 59e0 <__umoddi3+0x808>
     a5c:	0084ec63          	bltu	s1,s0,a74 <cmd_dump+0x108>
     a60:	00f47413          	andi	s0,s0,15
     a64:	0a040263          	beq	s0,zero,b08 <cmd_dump+0x19c>
     a68:	00006537          	lui	a0,0x6
     a6c:	a9050513          	addi	a0,a0,-1392 # 5a90 <__umoddi3+0x8b8>
     a70:	f7dff06f          	jal	zero,9ec <cmd_dump+0x80>
     a74:	00f4f793          	andi	a5,s1,15
     a78:	01348a33          	add	s4,s1,s3
     a7c:	02079063          	bne	a5,zero,a9c <cmd_dump+0x130>
     a80:	00410593          	addi	a1,sp,4
     a84:	000a0513          	addi	a0,s4,0
     a88:	819ff0ef          	jal	ra,2a0 <uint2hex>
     a8c:	00410513          	addi	a0,sp,4
     a90:	8e1ff0ef          	jal	ra,370 <puts_all>
     a94:	000b8513          	addi	a0,s7,0
     a98:	8d9ff0ef          	jal	ra,370 <puts_all>
     a9c:	000a2b03          	lw	s6,0(s4)
     aa0:	02000a93          	addi	s5,zero,32
     aa4:	00000a13          	addi	s4,zero,0
     aa8:	014b57b3          	srl	a5,s6,s4
     aac:	0ff7f713          	andi	a4,a5,255
     ab0:	00475713          	srli	a4,a4,0x4
     ab4:	00f7f793          	andi	a5,a5,15
     ab8:	00e90733          	add	a4,s2,a4
     abc:	00f907b3          	add	a5,s2,a5
     ac0:	00074703          	lbu	a4,0(a4)
     ac4:	0007c783          	lbu	a5,0(a5)
     ac8:	00010513          	addi	a0,sp,0
     acc:	00e10023          	sb	a4,0(sp)
     ad0:	00f100a3          	sb	a5,1(sp)
     ad4:	00010123          	sb	zero,2(sp)
     ad8:	899ff0ef          	jal	ra,370 <puts_all>
     adc:	000c0513          	addi	a0,s8,0
     ae0:	008a0a13          	addi	s4,s4,8
     ae4:	88dff0ef          	jal	ra,370 <puts_all>
     ae8:	fd5a10e3          	bne	s4,s5,aa8 <cmd_dump+0x13c>
     aec:	00448493          	addi	s1,s1,4
     af0:	00f4f793          	andi	a5,s1,15
     af4:	f60794e3          	bne	a5,zero,a5c <cmd_dump+0xf0>
     af8:	00006537          	lui	a0,0x6
     afc:	a9050513          	addi	a0,a0,-1392 # 5a90 <__umoddi3+0x8b8>
     b00:	871ff0ef          	jal	ra,370 <puts_all>
     b04:	f59ff06f          	jal	zero,a5c <cmd_dump+0xf0>
     b08:	03c12083          	lw	ra,60(sp)
     b0c:	03812403          	lw	s0,56(sp)
     b10:	03412483          	lw	s1,52(sp)
     b14:	03012903          	lw	s2,48(sp)
     b18:	02c12983          	lw	s3,44(sp)
     b1c:	02812a03          	lw	s4,40(sp)
     b20:	02412a83          	lw	s5,36(sp)
     b24:	02012b03          	lw	s6,32(sp)
     b28:	01c12b83          	lw	s7,28(sp)
     b2c:	01812c03          	lw	s8,24(sp)
     b30:	04010113          	addi	sp,sp,64
     b34:	00008067          	jalr	zero,0(ra)

00000b38 <cmd_history>:
     b38:	100057b7          	lui	a5,0x10005
     b3c:	b5c7a783          	lw	a5,-1188(a5) # 10004b5c <history_count>
     b40:	08078263          	beq	a5,zero,bc4 <cmd_history+0x8c>
     b44:	fd010113          	addi	sp,sp,-48
     b48:	01312e23          	sw	s3,28(sp)
     b4c:	02112623          	sw	ra,44(sp)
     b50:	02812423          	sw	s0,40(sp)
     b54:	02912223          	sw	s1,36(sp)
     b58:	03212023          	sw	s2,32(sp)
     b5c:	01412c23          	sw	s4,24(sp)
     b60:	01512a23          	sw	s5,20(sp)
     b64:	01612823          	sw	s6,16(sp)
     b68:	00800713          	addi	a4,zero,8
     b6c:	00078993          	addi	s3,a5,0
     b70:	00f75463          	bge	a4,a5,b78 <cmd_history+0x40>
     b74:	00070993          	addi	s3,a4,0
     b78:	41378433          	sub	s0,a5,s3
     b7c:	000067b7          	lui	a5,0x6
     b80:	b5078a93          	addi	s5,a5,-1200 # 5b50 <__umoddi3+0x978>
     b84:	10000a37          	lui	s4,0x10000
     b88:	000067b7          	lui	a5,0x6
     b8c:	00000493          	addi	s1,zero,0
     b90:	078a0a13          	addi	s4,s4,120 # 10000078 <history>
     b94:	a9078b13          	addi	s6,a5,-1392 # 5a90 <__umoddi3+0x8b8>
     b98:	0334cc63          	blt	s1,s3,bd0 <cmd_history+0x98>
     b9c:	02c12083          	lw	ra,44(sp)
     ba0:	02812403          	lw	s0,40(sp)
     ba4:	02412483          	lw	s1,36(sp)
     ba8:	02012903          	lw	s2,32(sp)
     bac:	01c12983          	lw	s3,28(sp)
     bb0:	01812a03          	lw	s4,24(sp)
     bb4:	01412a83          	lw	s5,20(sp)
     bb8:	01012b03          	lw	s6,16(sp)
     bbc:	03010113          	addi	sp,sp,48
     bc0:	00008067          	jalr	zero,0(ra)
     bc4:	00006537          	lui	a0,0x6
     bc8:	b4450513          	addi	a0,a0,-1212 # 5b44 <__umoddi3+0x96c>
     bcc:	fa4ff06f          	jal	zero,370 <puts_all>
     bd0:	00800793          	addi	a5,zero,8
     bd4:	00940933          	add	s2,s0,s1
     bd8:	02f96933          	rem	s2,s2,a5
     bdc:	00148493          	addi	s1,s1,1
     be0:	00410593          	addi	a1,sp,4
     be4:	00048513          	addi	a0,s1,0
     be8:	f70ff0ef          	jal	ra,358 <uint2str>
     bec:	00410513          	addi	a0,sp,4
     bf0:	f80ff0ef          	jal	ra,370 <puts_all>
     bf4:	000a8513          	addi	a0,s5,0
     bf8:	f78ff0ef          	jal	ra,370 <puts_all>
     bfc:	00691513          	slli	a0,s2,0x6
     c00:	00aa0533          	add	a0,s4,a0
     c04:	f6cff0ef          	jal	ra,370 <puts_all>
     c08:	000b0513          	addi	a0,s6,0
     c0c:	f64ff0ef          	jal	ra,370 <puts_all>
     c10:	f89ff06f          	jal	zero,b98 <cmd_history+0x60>

00000c14 <cmd_fill>:
     c14:	00100793          	addi	a5,zero,1
     c18:	00a7c863          	blt	a5,a0,c28 <cmd_fill+0x14>
     c1c:	00006537          	lui	a0,0x6
     c20:	b5450513          	addi	a0,a0,-1196 # 5b54 <__umoddi3+0x97c>
     c24:	f4cff06f          	jal	zero,370 <puts_all>
     c28:	0045a783          	lw	a5,4(a1)
     c2c:	10021737          	lui	a4,0x10021
     c30:	96070713          	addi	a4,a4,-1696 # 10020960 <_stack_top+0x18960>
     c34:	0007c683          	lbu	a3,0(a5)
     c38:	100207b7          	lui	a5,0x10020
     c3c:	00d78023          	sb	a3,0(a5) # 10020000 <_stack_top+0x18000>
     c40:	00178793          	addi	a5,a5,1
     c44:	fee79ce3          	bne	a5,a4,c3c <cmd_fill+0x28>
     c48:	100057b7          	lui	a5,0x10005
     c4c:	b607a223          	sw	zero,-1180(a5) # 10004b64 <vrow>
     c50:	00006537          	lui	a0,0x6
     c54:	100057b7          	lui	a5,0x10005
     c58:	b607a023          	sw	zero,-1184(a5) # 10004b60 <vcol>
     c5c:	b6850513          	addi	a0,a0,-1176 # 5b68 <__umoddi3+0x990>
     c60:	fc5ff06f          	jal	zero,c24 <cmd_fill+0x10>

00000c64 <run_command>:
     c64:	fd010113          	addi	sp,sp,-48
     c68:	02912223          	sw	s1,36(sp)
     c6c:	02112623          	sw	ra,44(sp)
     c70:	02812423          	sw	s0,40(sp)
     c74:	03212023          	sw	s2,32(sp)
     c78:	00010793          	addi	a5,sp,0
     c7c:	00000493          	addi	s1,zero,0
     c80:	02000713          	addi	a4,zero,32
     c84:	00800613          	addi	a2,zero,8
     c88:	00054683          	lbu	a3,0(a0)
     c8c:	02069263          	bne	a3,zero,cb0 <run_command+0x4c>
     c90:	04049863          	bne	s1,zero,ce0 <run_command+0x7c>
     c94:	02c12083          	lw	ra,44(sp)
     c98:	02812403          	lw	s0,40(sp)
     c9c:	02412483          	lw	s1,36(sp)
     ca0:	02012903          	lw	s2,32(sp)
     ca4:	03010113          	addi	sp,sp,48
     ca8:	00008067          	jalr	zero,0(ra)
     cac:	00150513          	addi	a0,a0,1
     cb0:	00054683          	lbu	a3,0(a0)
     cb4:	fee68ce3          	beq	a3,a4,cac <run_command+0x48>
     cb8:	fc068ce3          	beq	a3,zero,c90 <run_command+0x2c>
     cbc:	00148493          	addi	s1,s1,1
     cc0:	00a7a023          	sw	a0,0(a5)
     cc4:	00054683          	lbu	a3,0(a0)
     cc8:	00068863          	beq	a3,zero,cd8 <run_command+0x74>
     ccc:	04e69663          	bne	a3,a4,d18 <run_command+0xb4>
     cd0:	00050023          	sb	zero,0(a0)
     cd4:	00150513          	addi	a0,a0,1
     cd8:	00478793          	addi	a5,a5,4
     cdc:	fac496e3          	bne	s1,a2,c88 <run_command+0x24>
     ce0:	00012903          	lw	s2,0(sp)
     ce4:	00006437          	lui	s0,0x6
     ce8:	0ac40413          	addi	s0,s0,172 # 60ac <cmds>
     cec:	00042583          	lw	a1,0(s0)
     cf0:	02059863          	bne	a1,zero,d20 <run_command+0xbc>
     cf4:	00006537          	lui	a0,0x6
     cf8:	b7050513          	addi	a0,a0,-1168 # 5b70 <__umoddi3+0x998>
     cfc:	e74ff0ef          	jal	ra,370 <puts_all>
     d00:	00012503          	lw	a0,0(sp)
     d04:	e6cff0ef          	jal	ra,370 <puts_all>
     d08:	00006537          	lui	a0,0x6
     d0c:	a9050513          	addi	a0,a0,-1392 # 5a90 <__umoddi3+0x8b8>
     d10:	e60ff0ef          	jal	ra,370 <puts_all>
     d14:	f81ff06f          	jal	zero,c94 <run_command+0x30>
     d18:	00150513          	addi	a0,a0,1
     d1c:	fa9ff06f          	jal	zero,cc4 <run_command+0x60>
     d20:	00090513          	addi	a0,s2,0
     d24:	cb4ff0ef          	jal	ra,1d8 <my_strcmp>
     d28:	00051c63          	bne	a0,zero,d40 <run_command+0xdc>
     d2c:	00442783          	lw	a5,4(s0)
     d30:	00010593          	addi	a1,sp,0
     d34:	00048513          	addi	a0,s1,0
     d38:	000780e7          	jalr	ra,0(a5)
     d3c:	f59ff06f          	jal	zero,c94 <run_command+0x30>
     d40:	00840413          	addi	s0,s0,8
     d44:	fa9ff06f          	jal	zero,cec <run_command+0x88>

00000d48 <Shell_Task>:
     d48:	f9010113          	addi	sp,sp,-112
     d4c:	06112623          	sw	ra,108(sp)
     d50:	06812423          	sw	s0,104(sp)
     d54:	07212023          	sw	s2,96(sp)
     d58:	05312e23          	sw	s3,92(sp)
     d5c:	05412c23          	sw	s4,88(sp)
     d60:	05512a23          	sw	s5,84(sp)
     d64:	05712623          	sw	s7,76(sp)
     d68:	06912223          	sw	s1,100(sp)
     d6c:	05612823          	sw	s6,80(sp)
     d70:	c38ff0ef          	jal	ra,1a8 <vram_clear_all>
     d74:	00006537          	lui	a0,0x6
     d78:	b7c50513          	addi	a0,a0,-1156 # 5b7c <__umoddi3+0x9a4>
     d7c:	df4ff0ef          	jal	ra,370 <puts_all>
     d80:	00006537          	lui	a0,0x6
     d84:	b9450513          	addi	a0,a0,-1132 # 5b94 <__umoddi3+0x9bc>
     d88:	de8ff0ef          	jal	ra,370 <puts_all>
     d8c:	00006ab7          	lui	s5,0x6
     d90:	bbca8513          	addi	a0,s5,-1092 # 5bbc <__umoddi3+0x9e4>
     d94:	ddcff0ef          	jal	ra,370 <puts_all>
     d98:	00006a37          	lui	s4,0x6
     d9c:	000067b7          	lui	a5,0x6
     da0:	00000413          	addi	s0,zero,0
     da4:	00100913          	addi	s2,zero,1
     da8:	100059b7          	lui	s3,0x10005
     dac:	058a0a13          	addi	s4,s4,88 # 6058 <CSWTCH.95>
     db0:	bc478b93          	addi	s7,a5,-1084 # 5bc4 <__umoddi3+0x9ec>
     db4:	10030737          	lui	a4,0x10030
     db8:	00472783          	lw	a5,4(a4) # 10030004 <_stack_top+0x28004>
     dbc:	00470713          	addi	a4,a4,4
     dc0:	0017f793          	andi	a5,a5,1
     dc4:	02078263          	beq	a5,zero,de8 <Shell_Task+0xa0>
     dc8:	100307b7          	lui	a5,0x10030
     dcc:	0007a783          	lw	a5,0(a5) # 10030000 <_stack_top+0x28000>
     dd0:	01272023          	sw	s2,0(a4)
     dd4:	0e000713          	addi	a4,zero,224
     dd8:	0ff7f793          	andi	a5,a5,255
     ddc:	00e79a63          	bne	a5,a4,df0 <Shell_Task+0xa8>
     de0:	100057b7          	lui	a5,0x10005
     de4:	b52788a3          	sb	s2,-1199(a5) # 10004b51 <extended_flag.1>
     de8:	00040493          	addi	s1,s0,0
     dec:	0d00006f          	jal	zero,ebc <Shell_Task+0x174>
     df0:	0f000713          	addi	a4,zero,240
     df4:	00e79663          	bne	a5,a4,e00 <Shell_Task+0xb8>
     df8:	b5298823          	sb	s2,-1200(s3) # 10004b50 <break_flag.0>
     dfc:	fedff06f          	jal	zero,de8 <Shell_Task+0xa0>
     e00:	b509c683          	lbu	a3,-1200(s3)
     e04:	10005737          	lui	a4,0x10005
     e08:	00068863          	beq	a3,zero,e18 <Shell_Task+0xd0>
     e0c:	b4098823          	sb	zero,-1200(s3)
     e10:	b40708a3          	sb	zero,-1199(a4) # 10004b51 <extended_flag.1>
     e14:	fd5ff06f          	jal	zero,de8 <Shell_Task+0xa0>
     e18:	b5174483          	lbu	s1,-1199(a4)
     e1c:	fe049ae3          	bne	s1,zero,e10 <Shell_Task+0xc8>
     e20:	feb78793          	addi	a5,a5,-21
     e24:	0ff7f793          	andi	a5,a5,255
     e28:	05100713          	addi	a4,zero,81
     e2c:	faf76ee3          	bltu	a4,a5,de8 <Shell_Task+0xa0>
     e30:	00fa07b3          	add	a5,s4,a5
     e34:	0007c503          	lbu	a0,0(a5)
     e38:	00a00793          	addi	a5,zero,10
     e3c:	08f51863          	bne	a0,a5,ecc <Shell_Task+0x184>
     e40:	04040793          	addi	a5,s0,64
     e44:	00006537          	lui	a0,0x6
     e48:	002787b3          	add	a5,a5,sp
     e4c:	a9050513          	addi	a0,a0,-1392 # 5a90 <__umoddi3+0x8b8>
     e50:	fc078023          	sb	zero,-64(a5)
     e54:	d1cff0ef          	jal	ra,370 <puts_all>
     e58:	04040e63          	beq	s0,zero,eb4 <Shell_Task+0x16c>
     e5c:	00000793          	addi	a5,zero,0
     e60:	00010593          	addi	a1,sp,0
     e64:	0080006f          	jal	zero,e6c <Shell_Task+0x124>
     e68:	00178793          	addi	a5,a5,1
     e6c:	00f58733          	add	a4,a1,a5
     e70:	00074703          	lbu	a4,0(a4)
     e74:	fe071ae3          	bne	a4,zero,e68 <Shell_Task+0x120>
     e78:	02078a63          	beq	a5,zero,eac <Shell_Task+0x164>
     e7c:	10005b37          	lui	s6,0x10005
     e80:	b5cb2403          	lw	s0,-1188(s6) # 10004b5c <history_count>
     e84:	00800793          	addi	a5,zero,8
     e88:	10000537          	lui	a0,0x10000
     e8c:	02f467b3          	rem	a5,s0,a5
     e90:	07850513          	addi	a0,a0,120 # 10000078 <history>
     e94:	00140413          	addi	s0,s0,1
     e98:	00679793          	slli	a5,a5,0x6
     e9c:	00f50533          	add	a0,a0,a5
     ea0:	b5cff0ef          	jal	ra,1fc <my_strcpy>
     ea4:	00010593          	addi	a1,sp,0
     ea8:	b48b2e23          	sw	s0,-1188(s6)
     eac:	00058513          	addi	a0,a1,0
     eb0:	db5ff0ef          	jal	ra,c64 <run_command>
     eb4:	bbca8513          	addi	a0,s5,-1092
     eb8:	cb8ff0ef          	jal	ra,370 <puts_all>
     ebc:	00100513          	addi	a0,zero,1
     ec0:	210010ef          	jal	ra,20d0 <vTaskDelay>
     ec4:	00048413          	addi	s0,s1,0
     ec8:	eedff06f          	jal	zero,db4 <Shell_Task+0x6c>
     ecc:	00800793          	addi	a5,zero,8
     ed0:	00f51c63          	bne	a0,a5,ee8 <Shell_Task+0x1a0>
     ed4:	fe0404e3          	beq	s0,zero,ebc <Shell_Task+0x174>
     ed8:	fff40413          	addi	s0,s0,-1
     edc:	0ff47493          	andi	s1,s0,255
     ee0:	000b8513          	addi	a0,s7,0
     ee4:	fd5ff06f          	jal	zero,eb8 <Shell_Task+0x170>
     ee8:	03f43793          	sltiu	a5,s0,63
     eec:	ee078ee3          	beq	a5,zero,de8 <Shell_Task+0xa0>
     ef0:	ee050ce3          	beq	a0,zero,de8 <Shell_Task+0xa0>
     ef4:	04040793          	addi	a5,s0,64
     ef8:	00140493          	addi	s1,s0,1
     efc:	10010737          	lui	a4,0x10010
     f00:	00278433          	add	s0,a5,sp
     f04:	0ff4f493          	andi	s1,s1,255
     f08:	fca40023          	sb	a0,-64(s0)
     f0c:	00470713          	addi	a4,a4,4 # 10010004 <_stack_top+0x8004>
     f10:	00072783          	lw	a5,0(a4)
     f14:	0017f793          	andi	a5,a5,1
     f18:	fe079ce3          	bne	a5,zero,f10 <Shell_Task+0x1c8>
     f1c:	100107b7          	lui	a5,0x10010
     f20:	00a7a023          	sw	a0,0(a5) # 10010000 <_stack_top+0x8000>
     f24:	994ff0ef          	jal	ra,b8 <vram_putc>
     f28:	f95ff06f          	jal	zero,ebc <Shell_Task+0x174>

00000f2c <cmd_rheal>:
     f2c:	00100793          	addi	a5,zero,1
     f30:	00a7c863          	blt	a5,a0,f40 <cmd_rheal+0x14>
     f34:	00006537          	lui	a0,0x6
     f38:	bc850513          	addi	a0,a0,-1080 # 5bc8 <__umoddi3+0x9f0>
     f3c:	c34ff06f          	jal	zero,370 <puts_all>
     f40:	0045a783          	lw	a5,4(a1)
     f44:	ff010113          	addi	sp,sp,-16
     f48:	00812423          	sw	s0,8(sp)
     f4c:	00058413          	addi	s0,a1,0
     f50:	000065b7          	lui	a1,0x6
     f54:	c0058593          	addi	a1,a1,-1024 # 5c00 <__umoddi3+0xa28>
     f58:	00078513          	addi	a0,a5,0
     f5c:	00912223          	sw	s1,4(sp)
     f60:	00112623          	sw	ra,12(sp)
     f64:	00078493          	addi	s1,a5,0
     f68:	a70ff0ef          	jal	ra,1d8 <my_strcmp>
     f6c:	00051c63          	bne	a0,zero,f84 <cmd_rheal+0x58>
     f70:	00812403          	lw	s0,8(sp)
     f74:	00c12083          	lw	ra,12(sp)
     f78:	00412483          	lw	s1,4(sp)
     f7c:	01010113          	addi	sp,sp,16
     f80:	4550206f          	jal	zero,3bd4 <rhealstone_task_switch_start>
     f84:	000065b7          	lui	a1,0x6
     f88:	c0858593          	addi	a1,a1,-1016 # 5c08 <__umoddi3+0xa30>
     f8c:	00048513          	addi	a0,s1,0
     f90:	a48ff0ef          	jal	ra,1d8 <my_strcmp>
     f94:	00051c63          	bne	a0,zero,fac <cmd_rheal+0x80>
     f98:	00812403          	lw	s0,8(sp)
     f9c:	00c12083          	lw	ra,12(sp)
     fa0:	00412483          	lw	s1,4(sp)
     fa4:	01010113          	addi	sp,sp,16
     fa8:	71d0206f          	jal	zero,3ec4 <rhealstone_task_preempt_start>
     fac:	000065b7          	lui	a1,0x6
     fb0:	c1058593          	addi	a1,a1,-1008 # 5c10 <__umoddi3+0xa38>
     fb4:	00048513          	addi	a0,s1,0
     fb8:	a20ff0ef          	jal	ra,1d8 <my_strcmp>
     fbc:	00050c63          	beq	a0,zero,fd4 <cmd_rheal+0xa8>
     fc0:	000065b7          	lui	a1,0x6
     fc4:	c1458593          	addi	a1,a1,-1004 # 5c14 <__umoddi3+0xa3c>
     fc8:	00048513          	addi	a0,s1,0
     fcc:	a0cff0ef          	jal	ra,1d8 <my_strcmp>
     fd0:	00051c63          	bne	a0,zero,fe8 <cmd_rheal+0xbc>
     fd4:	00812403          	lw	s0,8(sp)
     fd8:	00c12083          	lw	ra,12(sp)
     fdc:	00412483          	lw	s1,4(sp)
     fe0:	01010113          	addi	sp,sp,16
     fe4:	2880306f          	jal	zero,426c <rhealstone_message_latency_start>
     fe8:	000065b7          	lui	a1,0x6
     fec:	c1c58593          	addi	a1,a1,-996 # 5c1c <__umoddi3+0xa44>
     ff0:	00048513          	addi	a0,s1,0
     ff4:	9e4ff0ef          	jal	ra,1d8 <my_strcmp>
     ff8:	00050c63          	beq	a0,zero,1010 <cmd_rheal+0xe4>
     ffc:	000065b7          	lui	a1,0x6
    1000:	c2058593          	addi	a1,a1,-992 # 5c20 <__umoddi3+0xa48>
    1004:	00048513          	addi	a0,s1,0
    1008:	9d0ff0ef          	jal	ra,1d8 <my_strcmp>
    100c:	00051c63          	bne	a0,zero,1024 <cmd_rheal+0xf8>
    1010:	00812403          	lw	s0,8(sp)
    1014:	00c12083          	lw	ra,12(sp)
    1018:	00412483          	lw	s1,4(sp)
    101c:	01010113          	addi	sp,sp,16
    1020:	6100306f          	jal	zero,4630 <rhealstone_semaphore_shuffle_start>
    1024:	000065b7          	lui	a1,0x6
    1028:	c2c58593          	addi	a1,a1,-980 # 5c2c <__umoddi3+0xa54>
    102c:	00048513          	addi	a0,s1,0
    1030:	9a8ff0ef          	jal	ra,1d8 <my_strcmp>
    1034:	00051c63          	bne	a0,zero,104c <cmd_rheal+0x120>
    1038:	00812403          	lw	s0,8(sp)
    103c:	00c12083          	lw	ra,12(sp)
    1040:	00412483          	lw	s1,4(sp)
    1044:	01010113          	addi	sp,sp,16
    1048:	26d0306f          	jal	zero,4ab4 <rhealstone_deadlock_break_start>
    104c:	000065b7          	lui	a1,0x6
    1050:	c3858593          	addi	a1,a1,-968 # 5c38 <__umoddi3+0xa60>
    1054:	00048513          	addi	a0,s1,0
    1058:	980ff0ef          	jal	ra,1d8 <my_strcmp>
    105c:	00050c63          	beq	a0,zero,1074 <cmd_rheal+0x148>
    1060:	000065b7          	lui	a1,0x6
    1064:	c4058593          	addi	a1,a1,-960 # 5c40 <__umoddi3+0xa68>
    1068:	00048513          	addi	a0,s1,0
    106c:	96cff0ef          	jal	ra,1d8 <my_strcmp>
    1070:	00051c63          	bne	a0,zero,1088 <cmd_rheal+0x15c>
    1074:	00812403          	lw	s0,8(sp)
    1078:	00c12083          	lw	ra,12(sp)
    107c:	00412483          	lw	s1,4(sp)
    1080:	01010113          	addi	sp,sp,16
    1084:	47d0306f          	jal	zero,4d00 <rhealstone_interrupt_latency_start>
    1088:	00006537          	lui	a0,0x6
    108c:	c4c50513          	addi	a0,a0,-948 # 5c4c <__umoddi3+0xa74>
    1090:	ae0ff0ef          	jal	ra,370 <puts_all>
    1094:	00442503          	lw	a0,4(s0)
    1098:	ad8ff0ef          	jal	ra,370 <puts_all>
    109c:	00812403          	lw	s0,8(sp)
    10a0:	00006537          	lui	a0,0x6
    10a4:	00c12083          	lw	ra,12(sp)
    10a8:	00412483          	lw	s1,4(sp)
    10ac:	a9050513          	addi	a0,a0,-1392 # 5a90 <__umoddi3+0x8b8>
    10b0:	01010113          	addi	sp,sp,16
    10b4:	e89ff06f          	jal	zero,f3c <cmd_rheal+0x10>

000010b8 <cmd_free>:
    10b8:	fe010113          	addi	sp,sp,-32
    10bc:	00112e23          	sw	ra,28(sp)
    10c0:	00812c23          	sw	s0,24(sp)
    10c4:	08d020ef          	jal	ra,3950 <xPortGetFreeHeapSize>
    10c8:	00050413          	addi	s0,a0,0
    10cc:	00006537          	lui	a0,0x6
    10d0:	c6850513          	addi	a0,a0,-920 # 5c68 <__umoddi3+0xa90>
    10d4:	a9cff0ef          	jal	ra,370 <puts_all>
    10d8:	00410593          	addi	a1,sp,4
    10dc:	00040513          	addi	a0,s0,0
    10e0:	a78ff0ef          	jal	ra,358 <uint2str>
    10e4:	00410513          	addi	a0,sp,4
    10e8:	a88ff0ef          	jal	ra,370 <puts_all>
    10ec:	01812403          	lw	s0,24(sp)
    10f0:	01c12083          	lw	ra,28(sp)
    10f4:	00006537          	lui	a0,0x6
    10f8:	c7450513          	addi	a0,a0,-908 # 5c74 <__umoddi3+0xa9c>
    10fc:	02010113          	addi	sp,sp,32
    1100:	a70ff06f          	jal	zero,370 <puts_all>

00001104 <cmd_uptime>:
    1104:	fe010113          	addi	sp,sp,-32
    1108:	020007b7          	lui	a5,0x2000
    110c:	00112e23          	sw	ra,28(sp)
    1110:	00812c23          	sw	s0,24(sp)
    1114:	00912a23          	sw	s1,20(sp)
    1118:	0007a403          	lw	s0,0(a5) # 2000000 <_data_load+0x1ff9dc8>
    111c:	3cd000ef          	jal	ra,1ce8 <xTaskGetTickCount>
    1120:	00050493          	addi	s1,a0,0
    1124:	00006537          	lui	a0,0x6
    1128:	c7c50513          	addi	a0,a0,-900 # 5c7c <__umoddi3+0xaa4>
    112c:	a44ff0ef          	jal	ra,370 <puts_all>
    1130:	00410593          	addi	a1,sp,4
    1134:	00040513          	addi	a0,s0,0
    1138:	a20ff0ef          	jal	ra,358 <uint2str>
    113c:	00410513          	addi	a0,sp,4
    1140:	a30ff0ef          	jal	ra,370 <puts_all>
    1144:	00006437          	lui	s0,0x6
    1148:	a9040513          	addi	a0,s0,-1392 # 5a90 <__umoddi3+0x8b8>
    114c:	a24ff0ef          	jal	ra,370 <puts_all>
    1150:	00006537          	lui	a0,0x6
    1154:	c8850513          	addi	a0,a0,-888 # 5c88 <__umoddi3+0xab0>
    1158:	a18ff0ef          	jal	ra,370 <puts_all>
    115c:	00410593          	addi	a1,sp,4
    1160:	00048513          	addi	a0,s1,0
    1164:	9f4ff0ef          	jal	ra,358 <uint2str>
    1168:	00410513          	addi	a0,sp,4
    116c:	a04ff0ef          	jal	ra,370 <puts_all>
    1170:	a9040513          	addi	a0,s0,-1392
    1174:	9fcff0ef          	jal	ra,370 <puts_all>
    1178:	01c12083          	lw	ra,28(sp)
    117c:	01812403          	lw	s0,24(sp)
    1180:	01412483          	lw	s1,20(sp)
    1184:	02010113          	addi	sp,sp,32
    1188:	00008067          	jalr	zero,0(ra)

0000118c <cmd_repeat>:
    118c:	00200793          	addi	a5,zero,2
    1190:	00a7c863          	blt	a5,a0,11a0 <cmd_repeat+0x14>
    1194:	00006537          	lui	a0,0x6
    1198:	c9450513          	addi	a0,a0,-876 # 5c94 <__umoddi3+0xabc>
    119c:	9d4ff06f          	jal	zero,370 <puts_all>
    11a0:	0045a703          	lw	a4,4(a1)
    11a4:	f5010113          	addi	sp,sp,-176
    11a8:	0a812423          	sw	s0,168(sp)
    11ac:	0a112623          	sw	ra,172(sp)
    11b0:	0a912223          	sw	s1,164(sp)
    11b4:	0b212023          	sw	s2,160(sp)
    11b8:	09312e23          	sw	s3,156(sp)
    11bc:	09412c23          	sw	s4,152(sp)
    11c0:	09512a23          	sw	s5,148(sp)
    11c4:	00000413          	addi	s0,zero,0
    11c8:	00900613          	addi	a2,zero,9
    11cc:	00a00813          	addi	a6,zero,10
    11d0:	00074683          	lbu	a3,0(a4)
    11d4:	fd068793          	addi	a5,a3,-48
    11d8:	0ff7f793          	andi	a5,a5,255
    11dc:	0af67a63          	bgeu	a2,a5,1290 <cmd_repeat+0x104>
    11e0:	00000493          	addi	s1,zero,0
    11e4:	00200713          	addi	a4,zero,2
    11e8:	03e00813          	addi	a6,zero,62
    11ec:	01010893          	addi	a7,sp,16
    11f0:	fff50613          	addi	a2,a0,-1
    11f4:	02000313          	addi	t1,zero,32
    11f8:	00271793          	slli	a5,a4,0x2
    11fc:	00f587b3          	add	a5,a1,a5
    1200:	0007ae03          	lw	t3,0(a5)
    1204:	00048793          	addi	a5,s1,0
    1208:	409786b3          	sub	a3,a5,s1
    120c:	00de06b3          	add	a3,t3,a3
    1210:	0006c683          	lbu	a3,0(a3)
    1214:	08069863          	bne	a3,zero,12a4 <cmd_repeat+0x118>
    1218:	00078493          	addi	s1,a5,0
    121c:	00c75a63          	bge	a4,a2,1230 <cmd_repeat+0xa4>
    1220:	09078693          	addi	a3,a5,144
    1224:	002686b3          	add	a3,a3,sp
    1228:	f8668023          	sb	t1,-128(a3)
    122c:	00178493          	addi	s1,a5,1
    1230:	00170713          	addi	a4,a4,1
    1234:	00a75663          	bge	a4,a0,1240 <cmd_repeat+0xb4>
    1238:	03e4a793          	slti	a5,s1,62
    123c:	fa079ee3          	bne	a5,zero,11f8 <cmd_repeat+0x6c>
    1240:	09048793          	addi	a5,s1,144
    1244:	002787b3          	add	a5,a5,sp
    1248:	f8078023          	sb	zero,-128(a5)
    124c:	000067b7          	lui	a5,0x6
    1250:	cb078993          	addi	s3,a5,-848 # 5cb0 <__umoddi3+0xad8>
    1254:	000067b7          	lui	a5,0x6
    1258:	cb478a13          	addi	s4,a5,-844 # 5cb4 <__umoddi3+0xadc>
    125c:	000067b7          	lui	a5,0x6
    1260:	00000913          	addi	s2,zero,0
    1264:	cb878a93          	addi	s5,a5,-840 # 5cb8 <__umoddi3+0xae0>
    1268:	04891863          	bne	s2,s0,12b8 <cmd_repeat+0x12c>
    126c:	0ac12083          	lw	ra,172(sp)
    1270:	0a812403          	lw	s0,168(sp)
    1274:	0a412483          	lw	s1,164(sp)
    1278:	0a012903          	lw	s2,160(sp)
    127c:	09c12983          	lw	s3,156(sp)
    1280:	09812a03          	lw	s4,152(sp)
    1284:	09412a83          	lw	s5,148(sp)
    1288:	0b010113          	addi	sp,sp,176
    128c:	00008067          	jalr	zero,0(ra)
    1290:	03040433          	mul	s0,s0,a6
    1294:	00170713          	addi	a4,a4,1
    1298:	fd040413          	addi	s0,s0,-48
    129c:	00868433          	add	s0,a3,s0
    12a0:	f31ff06f          	jal	zero,11d0 <cmd_repeat+0x44>
    12a4:	f7078ae3          	beq	a5,a6,1218 <cmd_repeat+0x8c>
    12a8:	00f88eb3          	add	t4,a7,a5
    12ac:	00de8023          	sb	a3,0(t4)
    12b0:	00178793          	addi	a5,a5,1
    12b4:	f55ff06f          	jal	zero,1208 <cmd_repeat+0x7c>
    12b8:	00098513          	addi	a0,s3,0
    12bc:	8b4ff0ef          	jal	ra,370 <puts_all>
    12c0:	00190913          	addi	s2,s2,1
    12c4:	00410593          	addi	a1,sp,4
    12c8:	00090513          	addi	a0,s2,0
    12cc:	88cff0ef          	jal	ra,358 <uint2str>
    12d0:	00410513          	addi	a0,sp,4
    12d4:	89cff0ef          	jal	ra,370 <puts_all>
    12d8:	000a0513          	addi	a0,s4,0
    12dc:	894ff0ef          	jal	ra,370 <puts_all>
    12e0:	00410593          	addi	a1,sp,4
    12e4:	00040513          	addi	a0,s0,0
    12e8:	870ff0ef          	jal	ra,358 <uint2str>
    12ec:	00410513          	addi	a0,sp,4
    12f0:	880ff0ef          	jal	ra,370 <puts_all>
    12f4:	000a8513          	addi	a0,s5,0
    12f8:	878ff0ef          	jal	ra,370 <puts_all>
    12fc:	00000793          	addi	a5,zero,0
    1300:	05010513          	addi	a0,sp,80
    1304:	01010713          	addi	a4,sp,16
    1308:	00f4d663          	bge	s1,a5,1314 <cmd_repeat+0x188>
    130c:	959ff0ef          	jal	ra,c64 <run_command>
    1310:	f59ff06f          	jal	zero,1268 <cmd_repeat+0xdc>
    1314:	00f70633          	add	a2,a4,a5
    1318:	00064603          	lbu	a2,0(a2)
    131c:	00f506b3          	add	a3,a0,a5
    1320:	00178793          	addi	a5,a5,1
    1324:	00c68023          	sb	a2,0(a3)
    1328:	fe1ff06f          	jal	zero,1308 <cmd_repeat+0x17c>

0000132c <shell_puts>:
    132c:	844ff06f          	jal	zero,370 <puts_all>

00001330 <shell_put_u64>:
    1330:	fa010113          	addi	sp,sp,-96
    1334:	04112e23          	sw	ra,92(sp)
    1338:	04812c23          	sw	s0,88(sp)
    133c:	04912a23          	sw	s1,84(sp)
    1340:	05212823          	sw	s2,80(sp)
    1344:	05312623          	sw	s3,76(sp)
    1348:	05412423          	sw	s4,72(sp)
    134c:	05512223          	sw	s5,68(sp)
    1350:	05612023          	sw	s6,64(sp)
    1354:	03712e23          	sw	s7,60(sp)
    1358:	00b567b3          	or	a5,a0,a1
    135c:	04079063          	bne	a5,zero,139c <shell_put_u64+0x6c>
    1360:	03000793          	addi	a5,zero,48
    1364:	00f11c23          	sh	a5,24(sp)
    1368:	01810513          	addi	a0,sp,24
    136c:	804ff0ef          	jal	ra,370 <puts_all>
    1370:	05c12083          	lw	ra,92(sp)
    1374:	05812403          	lw	s0,88(sp)
    1378:	05412483          	lw	s1,84(sp)
    137c:	05012903          	lw	s2,80(sp)
    1380:	04c12983          	lw	s3,76(sp)
    1384:	04812a03          	lw	s4,72(sp)
    1388:	04412a83          	lw	s5,68(sp)
    138c:	04012b03          	lw	s6,64(sp)
    1390:	03c12b83          	lw	s7,60(sp)
    1394:	06010113          	addi	sp,sp,96
    1398:	00008067          	jalr	zero,0(ra)
    139c:	00050413          	addi	s0,a0,0
    13a0:	00058493          	addi	s1,a1,0
    13a4:	00010993          	addi	s3,sp,0
    13a8:	00000913          	addi	s2,zero,0
    13ac:	00010b13          	addi	s6,sp,0
    13b0:	00900b93          	addi	s7,zero,9
    13b4:	00a00613          	addi	a2,zero,10
    13b8:	00000693          	addi	a3,zero,0
    13bc:	00040513          	addi	a0,s0,0
    13c0:	00048593          	addi	a1,s1,0
    13c4:	615030ef          	jal	ra,51d8 <__umoddi3>
    13c8:	03050513          	addi	a0,a0,48
    13cc:	00a98023          	sb	a0,0(s3)
    13d0:	00048593          	addi	a1,s1,0
    13d4:	00040513          	addi	a0,s0,0
    13d8:	00a00613          	addi	a2,zero,10
    13dc:	00000693          	addi	a3,zero,0
    13e0:	20d030ef          	jal	ra,4dec <__udivdi3>
    13e4:	00048a93          	addi	s5,s1,0
    13e8:	00040a13          	addi	s4,s0,0
    13ec:	00190913          	addi	s2,s2,1
    13f0:	00050413          	addi	s0,a0,0
    13f4:	00058493          	addi	s1,a1,0
    13f8:	00198993          	addi	s3,s3,1
    13fc:	fa0a9ce3          	bne	s5,zero,13b4 <shell_put_u64+0x84>
    1400:	fb4beae3          	bltu	s7,s4,13b4 <shell_put_u64+0x84>
    1404:	01810713          	addi	a4,sp,24
    1408:	00090793          	addi	a5,s2,0
    140c:	fff78793          	addi	a5,a5,-1
    1410:	00fb06b3          	add	a3,s6,a5
    1414:	0006c683          	lbu	a3,0(a3)
    1418:	00170713          	addi	a4,a4,1
    141c:	fed70fa3          	sb	a3,-1(a4)
    1420:	fe0796e3          	bne	a5,zero,140c <shell_put_u64+0xdc>
    1424:	03090793          	addi	a5,s2,48
    1428:	00278933          	add	s2,a5,sp
    142c:	fe090423          	sb	zero,-24(s2)
    1430:	f39ff06f          	jal	zero,1368 <shell_put_u64+0x38>

00001434 <main>:
    1434:	ff010113          	addi	sp,sp,-16
    1438:	00112623          	sw	ra,12(sp)
    143c:	00812423          	sw	s0,8(sp)
    1440:	d69fe0ef          	jal	ra,1a8 <vram_clear_all>
    1444:	100007b7          	lui	a5,0x10000
    1448:	0087a703          	lw	a4,8(a5) # 10000008 <pullNextTime>
    144c:	100057b7          	lui	a5,0x10005
    1450:	bb078793          	addi	a5,a5,-1104 # 10004bb0 <ullNextTime>
    1454:	00f70863          	beq	a4,a5,1464 <main+0x30>
    1458:	00006537          	lui	a0,0x6
    145c:	cbc50513          	addi	a0,a0,-836 # 5cbc <__umoddi3+0xae4>
    1460:	f11fe0ef          	jal	ra,370 <puts_all>
    1464:	100007b7          	lui	a5,0x10000
    1468:	0007a703          	lw	a4,0(a5) # 10000000 <pxCriticalNesting>
    146c:	10000437          	lui	s0,0x10000
    1470:	00440793          	addi	a5,s0,4 # 10000004 <xCriticalNesting>
    1474:	00f70863          	beq	a4,a5,1484 <main+0x50>
    1478:	00006537          	lui	a0,0x6
    147c:	cdc50513          	addi	a0,a0,-804 # 5cdc <__umoddi3+0xb04>
    1480:	ef1fe0ef          	jal	ra,370 <puts_all>
    1484:	00442703          	lw	a4,4(s0)
    1488:	aaaab7b7          	lui	a5,0xaaaab
    148c:	aaa78793          	addi	a5,a5,-1366 # aaaaaaaa <_stack_top+0x9aaa2aaa>
    1490:	00f70863          	beq	a4,a5,14a0 <main+0x6c>
    1494:	00006537          	lui	a0,0x6
    1498:	d0050513          	addi	a0,a0,-768 # 5d00 <__umoddi3+0xb28>
    149c:	ed5fe0ef          	jal	ra,370 <puts_all>
    14a0:	000065b7          	lui	a1,0x6
    14a4:	00001537          	lui	a0,0x1
    14a8:	00000793          	addi	a5,zero,0
    14ac:	00100713          	addi	a4,zero,1
    14b0:	00000693          	addi	a3,zero,0
    14b4:	40000613          	addi	a2,zero,1024
    14b8:	d2458593          	addi	a1,a1,-732 # 5d24 <__umoddi3+0xb4c>
    14bc:	d4850513          	addi	a0,a0,-696 # d48 <Shell_Task>
    14c0:	29c000ef          	jal	ra,175c <xTaskCreate>
    14c4:	778000ef          	jal	ra,1c3c <vTaskStartScheduler>
    14c8:	0000006f          	jal	zero,14c8 <main+0x94>

000014cc <prvAddCurrentTaskToDelayedList>:
    14cc:	fd010113          	addi	sp,sp,-48
    14d0:	100057b7          	lui	a5,0x10005
    14d4:	03212023          	sw	s2,32(sp)
    14d8:	b8c7a903          	lw	s2,-1140(a5) # 10004b8c <xTickCount>
    14dc:	100057b7          	lui	a5,0x10005
    14e0:	b9c7a783          	lw	a5,-1124(a5) # 10004b9c <pxDelayedTaskList>
    14e4:	02812423          	sw	s0,40(sp)
    14e8:	01312e23          	sw	s3,28(sp)
    14ec:	10005437          	lui	s0,0x10005
    14f0:	00078993          	addi	s3,a5,0
    14f4:	100057b7          	lui	a5,0x10005
    14f8:	b987a783          	lw	a5,-1128(a5) # 10004b98 <pxOverflowDelayedTaskList>
    14fc:	02912223          	sw	s1,36(sp)
    1500:	00050493          	addi	s1,a0,0
    1504:	ba042503          	lw	a0,-1120(s0) # 10004ba0 <pxCurrentTCB>
    1508:	01412c23          	sw	s4,24(sp)
    150c:	00b12623          	sw	a1,12(sp)
    1510:	00450513          	addi	a0,a0,4
    1514:	02112623          	sw	ra,44(sp)
    1518:	00078a13          	addi	s4,a5,0
    151c:	52d010ef          	jal	ra,3248 <uxListRemove>
    1520:	00c12583          	lw	a1,12(sp)
    1524:	02051463          	bne	a0,zero,154c <prvAddCurrentTaskToDelayedList+0x80>
    1528:	ba042783          	lw	a5,-1120(s0)
    152c:	10005737          	lui	a4,0x10005
    1530:	b8872683          	lw	a3,-1144(a4) # 10004b88 <uxTopReadyPriority>
    1534:	02c7a603          	lw	a2,44(a5)
    1538:	00100793          	addi	a5,zero,1
    153c:	00c797b3          	sll	a5,a5,a2
    1540:	fff7c793          	xori	a5,a5,-1
    1544:	00d7f7b3          	and	a5,a5,a3
    1548:	b8f72423          	sw	a5,-1144(a4)
    154c:	00148793          	addi	a5,s1,1
    1550:	06079a63          	bne	a5,zero,15c4 <prvAddCurrentTaskToDelayedList+0xf8>
    1554:	0015f593          	andi	a1,a1,1
    1558:	06058663          	beq	a1,zero,15c4 <prvAddCurrentTaskToDelayedList+0xf8>
    155c:	a6818793          	addi	a5,gp,-1432 # 10000278 <xSuspendedTaskList>
    1560:	0047a703          	lw	a4,4(a5)
    1564:	ba042683          	lw	a3,-1120(s0)
    1568:	00e6a423          	sw	a4,8(a3)
    156c:	00872603          	lw	a2,8(a4)
    1570:	ba042683          	lw	a3,-1120(s0)
    1574:	00c6a623          	sw	a2,12(a3)
    1578:	ba042683          	lw	a3,-1120(s0)
    157c:	00468693          	addi	a3,a3,4
    1580:	00d62223          	sw	a3,4(a2)
    1584:	ba042683          	lw	a3,-1120(s0)
    1588:	00468693          	addi	a3,a3,4
    158c:	00d72423          	sw	a3,8(a4)
    1590:	ba042703          	lw	a4,-1120(s0)
    1594:	00f72a23          	sw	a5,20(a4)
    1598:	0007a703          	lw	a4,0(a5)
    159c:	00170713          	addi	a4,a4,1
    15a0:	00e7a023          	sw	a4,0(a5)
    15a4:	02c12083          	lw	ra,44(sp)
    15a8:	02812403          	lw	s0,40(sp)
    15ac:	02412483          	lw	s1,36(sp)
    15b0:	02012903          	lw	s2,32(sp)
    15b4:	01c12983          	lw	s3,28(sp)
    15b8:	01812a03          	lw	s4,24(sp)
    15bc:	03010113          	addi	sp,sp,48
    15c0:	00008067          	jalr	zero,0(ra)
    15c4:	ba042783          	lw	a5,-1120(s0)
    15c8:	ba042583          	lw	a1,-1120(s0)
    15cc:	009904b3          	add	s1,s2,s1
    15d0:	0097a223          	sw	s1,4(a5)
    15d4:	00458593          	addi	a1,a1,4
    15d8:	0324f463          	bgeu	s1,s2,1600 <prvAddCurrentTaskToDelayedList+0x134>
    15dc:	02812403          	lw	s0,40(sp)
    15e0:	02c12083          	lw	ra,44(sp)
    15e4:	02412483          	lw	s1,36(sp)
    15e8:	02012903          	lw	s2,32(sp)
    15ec:	01c12983          	lw	s3,28(sp)
    15f0:	000a0513          	addi	a0,s4,0
    15f4:	01812a03          	lw	s4,24(sp)
    15f8:	03010113          	addi	sp,sp,48
    15fc:	3fd0106f          	jal	zero,31f8 <vListInsert>
    1600:	00098513          	addi	a0,s3,0
    1604:	3f5010ef          	jal	ra,31f8 <vListInsert>
    1608:	100057b7          	lui	a5,0x10005
    160c:	b707a703          	lw	a4,-1168(a5) # 10004b70 <xNextTaskUnblockTime>
    1610:	f8e4fae3          	bgeu	s1,a4,15a4 <prvAddCurrentTaskToDelayedList+0xd8>
    1614:	b697a823          	sw	s1,-1168(a5)
    1618:	f8dff06f          	jal	zero,15a4 <prvAddCurrentTaskToDelayedList+0xd8>

0000161c <prvTaskIsTaskSuspended>:
    161c:	01452703          	lw	a4,20(a0)
    1620:	a6818793          	addi	a5,gp,-1432 # 10000278 <xSuspendedTaskList>
    1624:	02f71263          	bne	a4,a5,1648 <prvTaskIsTaskSuspended+0x2c>
    1628:	02852703          	lw	a4,40(a0)
    162c:	00071e63          	bne	a4,zero,1648 <prvTaskIsTaskSuspended+0x2c>
    1630:	a9018793          	addi	a5,gp,-1392 # 100002a0 <xPendingReadyList>
    1634:	00f70a63          	beq	a4,a5,1648 <prvTaskIsTaskSuspended+0x2c>
    1638:	05054503          	lbu	a0,80(a0)
    163c:	fff50513          	addi	a0,a0,-1
    1640:	00a03533          	sltu	a0,zero,a0
    1644:	00008067          	jalr	zero,0(ra)
    1648:	00000513          	addi	a0,zero,0
    164c:	00008067          	jalr	zero,0(ra)

00001650 <prvResetNextTaskUnblockTime>:
    1650:	10005737          	lui	a4,0x10005
    1654:	b9c72783          	lw	a5,-1124(a4) # 10004b9c <pxDelayedTaskList>
    1658:	0007a683          	lw	a3,0(a5)
    165c:	100057b7          	lui	a5,0x10005
    1660:	00069863          	bne	a3,zero,1670 <prvResetNextTaskUnblockTime+0x20>
    1664:	fff00713          	addi	a4,zero,-1
    1668:	b6e7a823          	sw	a4,-1168(a5) # 10004b70 <xNextTaskUnblockTime>
    166c:	00008067          	jalr	zero,0(ra)
    1670:	b9c72703          	lw	a4,-1124(a4)
    1674:	00c72703          	lw	a4,12(a4)
    1678:	00072703          	lw	a4,0(a4)
    167c:	fedff06f          	jal	zero,1668 <prvResetNextTaskUnblockTime+0x18>

00001680 <prvCheckTasksWaitingTermination>:
    1680:	fe010113          	addi	sp,sp,-32
    1684:	01212823          	sw	s2,16(sp)
    1688:	00812c23          	sw	s0,24(sp)
    168c:	00912a23          	sw	s1,20(sp)
    1690:	01412423          	sw	s4,8(sp)
    1694:	00112e23          	sw	ra,28(sp)
    1698:	01312623          	sw	s3,12(sp)
    169c:	100054b7          	lui	s1,0x10005
    16a0:	10000437          	lui	s0,0x10000
    16a4:	a7c18913          	addi	s2,gp,-1412 # 1000028c <xTasksWaitingTermination>
    16a8:	10005a37          	lui	s4,0x10005
    16ac:	b944a783          	lw	a5,-1132(s1) # 10004b94 <uxDeletedTasksWaitingCleanUp>
    16b0:	02079263          	bne	a5,zero,16d4 <prvCheckTasksWaitingTermination+0x54>
    16b4:	01c12083          	lw	ra,28(sp)
    16b8:	01812403          	lw	s0,24(sp)
    16bc:	01412483          	lw	s1,20(sp)
    16c0:	01012903          	lw	s2,16(sp)
    16c4:	00c12983          	lw	s3,12(sp)
    16c8:	00812a03          	lw	s4,8(sp)
    16cc:	02010113          	addi	sp,sp,32
    16d0:	00008067          	jalr	zero,0(ra)
    16d4:	30047073          	csrrci	zero,mstatus,8
    16d8:	00442783          	lw	a5,4(s0) # 10000004 <xCriticalNesting>
    16dc:	00178793          	addi	a5,a5,1
    16e0:	00f42223          	sw	a5,4(s0)
    16e4:	00c92783          	lw	a5,12(s2)
    16e8:	00c7a983          	lw	s3,12(a5)
    16ec:	00498513          	addi	a0,s3,4
    16f0:	359010ef          	jal	ra,3248 <uxListRemove>
    16f4:	b90a2783          	lw	a5,-1136(s4) # 10004b90 <uxCurrentNumberOfTasks>
    16f8:	fff78793          	addi	a5,a5,-1
    16fc:	b8fa2823          	sw	a5,-1136(s4)
    1700:	b944a783          	lw	a5,-1132(s1)
    1704:	fff78793          	addi	a5,a5,-1
    1708:	b8f4aa23          	sw	a5,-1132(s1)
    170c:	00442783          	lw	a5,4(s0)
    1710:	fff78793          	addi	a5,a5,-1
    1714:	00f42223          	sw	a5,4(s0)
    1718:	00079463          	bne	a5,zero,1720 <prvCheckTasksWaitingTermination+0xa0>
    171c:	30046073          	csrrsi	zero,mstatus,8
    1720:	0309a503          	lw	a0,48(s3)
    1724:	154020ef          	jal	ra,3878 <vPortFree>
    1728:	00098513          	addi	a0,s3,0
    172c:	14c020ef          	jal	ra,3878 <vPortFree>
    1730:	f7dff06f          	jal	zero,16ac <prvCheckTasksWaitingTermination+0x2c>

00001734 <prvIdleTask>:
    1734:	ff010113          	addi	sp,sp,-16
    1738:	00812423          	sw	s0,8(sp)
    173c:	00912223          	sw	s1,4(sp)
    1740:	00112623          	sw	ra,12(sp)
    1744:	00100493          	addi	s1,zero,1
    1748:	f39ff0ef          	jal	ra,1680 <prvCheckTasksWaitingTermination>
    174c:	acc1a783          	lw	a5,-1332(gp) # 100002dc <pxReadyTasksLists>
    1750:	fef4fce3          	bgeu	s1,a5,1748 <prvIdleTask+0x14>
    1754:	00000073          	ecall
    1758:	ff1ff06f          	jal	zero,1748 <prvIdleTask+0x14>

0000175c <xTaskCreate>:
    175c:	fd010113          	addi	sp,sp,-48
    1760:	03212023          	sw	s2,32(sp)
    1764:	00261913          	slli	s2,a2,0x2
    1768:	01612823          	sw	s6,16(sp)
    176c:	00050b13          	addi	s6,a0,0
    1770:	00090513          	addi	a0,s2,0
    1774:	01312e23          	sw	s3,28(sp)
    1778:	01412c23          	sw	s4,24(sp)
    177c:	01512a23          	sw	s5,20(sp)
    1780:	01712623          	sw	s7,12(sp)
    1784:	02112623          	sw	ra,44(sp)
    1788:	02812423          	sw	s0,40(sp)
    178c:	02912223          	sw	s1,36(sp)
    1790:	00058a13          	addi	s4,a1,0
    1794:	00068b93          	addi	s7,a3,0
    1798:	00070a93          	addi	s5,a4,0
    179c:	00078993          	addi	s3,a5,0
    17a0:	751010ef          	jal	ra,36f0 <pvPortMalloc>
    17a4:	02051a63          	bne	a0,zero,17d8 <xTaskCreate+0x7c>
    17a8:	fff00513          	addi	a0,zero,-1
    17ac:	02c12083          	lw	ra,44(sp)
    17b0:	02812403          	lw	s0,40(sp)
    17b4:	02412483          	lw	s1,36(sp)
    17b8:	02012903          	lw	s2,32(sp)
    17bc:	01c12983          	lw	s3,28(sp)
    17c0:	01812a03          	lw	s4,24(sp)
    17c4:	01412a83          	lw	s5,20(sp)
    17c8:	01012b03          	lw	s6,16(sp)
    17cc:	00c12b83          	lw	s7,12(sp)
    17d0:	03010113          	addi	sp,sp,48
    17d4:	00008067          	jalr	zero,0(ra)
    17d8:	00050493          	addi	s1,a0,0
    17dc:	05400513          	addi	a0,zero,84
    17e0:	711010ef          	jal	ra,36f0 <pvPortMalloc>
    17e4:	00050413          	addi	s0,a0,0
    17e8:	1c050e63          	beq	a0,zero,19c4 <xTaskCreate+0x268>
    17ec:	05400613          	addi	a2,zero,84
    17f0:	00000593          	addi	a1,zero,0
    17f4:	885fe0ef          	jal	ra,78 <memset>
    17f8:	ffc90913          	addi	s2,s2,-4
    17fc:	012487b3          	add	a5,s1,s2
    1800:	02942823          	sw	s1,48(s0)
    1804:	ff07f913          	andi	s2,a5,-16
    1808:	020a0663          	beq	s4,zero,1834 <xTaskCreate+0xd8>
    180c:	00000793          	addi	a5,zero,0
    1810:	01000693          	addi	a3,zero,16
    1814:	00fa0733          	add	a4,s4,a5
    1818:	00074703          	lbu	a4,0(a4)
    181c:	00f40633          	add	a2,s0,a5
    1820:	02e60a23          	sb	a4,52(a2)
    1824:	00070663          	beq	a4,zero,1830 <xTaskCreate+0xd4>
    1828:	00178793          	addi	a5,a5,1
    182c:	fed794e3          	bne	a5,a3,1814 <xTaskCreate+0xb8>
    1830:	040401a3          	sb	zero,67(s0)
    1834:	00400793          	addi	a5,zero,4
    1838:	000a8493          	addi	s1,s5,0
    183c:	0157f463          	bgeu	a5,s5,1844 <xTaskCreate+0xe8>
    1840:	00078493          	addi	s1,a5,0
    1844:	00440a13          	addi	s4,s0,4
    1848:	000a0513          	addi	a0,s4,0
    184c:	02942623          	sw	s1,44(s0)
    1850:	04942223          	sw	s1,68(s0)
    1854:	171010ef          	jal	ra,31c4 <vListInitialiseItem>
    1858:	01840513          	addi	a0,s0,24
    185c:	169010ef          	jal	ra,31c4 <vListInitialiseItem>
    1860:	00500793          	addi	a5,zero,5
    1864:	409787b3          	sub	a5,a5,s1
    1868:	00842823          	sw	s0,16(s0)
    186c:	00f42c23          	sw	a5,24(s0)
    1870:	02842223          	sw	s0,36(s0)
    1874:	000b8613          	addi	a2,s7,0
    1878:	000b0593          	addi	a1,s6,0
    187c:	00090513          	addi	a0,s2,0
    1880:	2ad010ef          	jal	ra,332c <pxPortInitialiseStack>
    1884:	00a42023          	sw	a0,0(s0)
    1888:	00098463          	beq	s3,zero,1890 <xTaskCreate+0x134>
    188c:	0089a023          	sw	s0,0(s3)
    1890:	30047073          	csrrci	zero,mstatus,8
    1894:	100009b7          	lui	s3,0x10000
    1898:	0049a783          	lw	a5,4(s3) # 10000004 <xCriticalNesting>
    189c:	10005737          	lui	a4,0x10005
    18a0:	10005937          	lui	s2,0x10005
    18a4:	00178793          	addi	a5,a5,1
    18a8:	00f9a223          	sw	a5,4(s3)
    18ac:	b9072783          	lw	a5,-1136(a4) # 10004b90 <uxCurrentNumberOfTasks>
    18b0:	00178793          	addi	a5,a5,1
    18b4:	b8f72823          	sw	a5,-1136(a4)
    18b8:	ba092683          	lw	a3,-1120(s2) # 10004ba0 <pxCurrentTCB>
    18bc:	acc18493          	addi	s1,gp,-1332 # 100002dc <pxReadyTasksLists>
    18c0:	10069863          	bne	a3,zero,19d0 <xTaskCreate+0x274>
    18c4:	ba892023          	sw	s0,-1120(s2)
    18c8:	b9072703          	lw	a4,-1136(a4)
    18cc:	00100793          	addi	a5,zero,1
    18d0:	04f71e63          	bne	a4,a5,192c <xTaskCreate+0x1d0>
    18d4:	00048a93          	addi	s5,s1,0
    18d8:	06448b13          	addi	s6,s1,100
    18dc:	000a8513          	addi	a0,s5,0
    18e0:	014a8a93          	addi	s5,s5,20
    18e4:	0c1010ef          	jal	ra,31a4 <vListInitialise>
    18e8:	ff5b1ae3          	bne	s6,s5,18dc <xTaskCreate+0x180>
    18ec:	ab818513          	addi	a0,gp,-1352 # 100002c8 <xDelayedTaskList1>
    18f0:	0b5010ef          	jal	ra,31a4 <vListInitialise>
    18f4:	aa418513          	addi	a0,gp,-1372 # 100002b4 <xDelayedTaskList2>
    18f8:	0ad010ef          	jal	ra,31a4 <vListInitialise>
    18fc:	a9018513          	addi	a0,gp,-1392 # 100002a0 <xPendingReadyList>
    1900:	0a5010ef          	jal	ra,31a4 <vListInitialise>
    1904:	a7c18513          	addi	a0,gp,-1412 # 1000028c <xTasksWaitingTermination>
    1908:	09d010ef          	jal	ra,31a4 <vListInitialise>
    190c:	a6818513          	addi	a0,gp,-1432 # 10000278 <xSuspendedTaskList>
    1910:	095010ef          	jal	ra,31a4 <vListInitialise>
    1914:	100057b7          	lui	a5,0x10005
    1918:	ab818b13          	addi	s6,gp,-1352 # 100002c8 <xDelayedTaskList1>
    191c:	b967ae23          	sw	s6,-1124(a5) # 10004b9c <pxDelayedTaskList>
    1920:	aa418a93          	addi	s5,gp,-1372 # 100002b4 <xDelayedTaskList2>
    1924:	100057b7          	lui	a5,0x10005
    1928:	b957ac23          	sw	s5,-1128(a5) # 10004b98 <pxOverflowDelayedTaskList>
    192c:	10005737          	lui	a4,0x10005
    1930:	b7472783          	lw	a5,-1164(a4) # 10004b74 <uxTaskNumber>
    1934:	100056b7          	lui	a3,0x10005
    1938:	b886a603          	lw	a2,-1144(a3) # 10004b88 <uxTopReadyPriority>
    193c:	00178793          	addi	a5,a5,1
    1940:	b6f72a23          	sw	a5,-1164(a4)
    1944:	02c42703          	lw	a4,44(s0)
    1948:	00100793          	addi	a5,zero,1
    194c:	00e797b3          	sll	a5,a5,a4
    1950:	00c7e7b3          	or	a5,a5,a2
    1954:	b8f6a423          	sw	a5,-1144(a3)
    1958:	01400793          	addi	a5,zero,20
    195c:	02f70733          	mul	a4,a4,a5
    1960:	00e487b3          	add	a5,s1,a4
    1964:	0047a703          	lw	a4,4(a5)
    1968:	00e42423          	sw	a4,8(s0)
    196c:	00872683          	lw	a3,8(a4)
    1970:	00d42623          	sw	a3,12(s0)
    1974:	0146a223          	sw	s4,4(a3)
    1978:	01472423          	sw	s4,8(a4)
    197c:	0007a703          	lw	a4,0(a5)
    1980:	00f42a23          	sw	a5,20(s0)
    1984:	00170713          	addi	a4,a4,1
    1988:	00e7a023          	sw	a4,0(a5)
    198c:	0049a783          	lw	a5,4(s3)
    1990:	fff78793          	addi	a5,a5,-1
    1994:	00f9a223          	sw	a5,4(s3)
    1998:	00079463          	bne	a5,zero,19a0 <xTaskCreate+0x244>
    199c:	30046073          	csrrsi	zero,mstatus,8
    19a0:	100057b7          	lui	a5,0x10005
    19a4:	b847a783          	lw	a5,-1148(a5) # 10004b84 <xSchedulerRunning>
    19a8:	00078a63          	beq	a5,zero,19bc <xTaskCreate+0x260>
    19ac:	ba092783          	lw	a5,-1120(s2)
    19b0:	02c7a703          	lw	a4,44(a5)
    19b4:	02c42783          	lw	a5,44(s0)
    19b8:	02f76e63          	bltu	a4,a5,19f4 <xTaskCreate+0x298>
    19bc:	00100513          	addi	a0,zero,1
    19c0:	dedff06f          	jal	zero,17ac <xTaskCreate+0x50>
    19c4:	00048513          	addi	a0,s1,0
    19c8:	6b1010ef          	jal	ra,3878 <vPortFree>
    19cc:	dddff06f          	jal	zero,17a8 <xTaskCreate+0x4c>
    19d0:	100057b7          	lui	a5,0x10005
    19d4:	b847a783          	lw	a5,-1148(a5) # 10004b84 <xSchedulerRunning>
    19d8:	f4079ae3          	bne	a5,zero,192c <xTaskCreate+0x1d0>
    19dc:	ba092783          	lw	a5,-1120(s2)
    19e0:	02c7a703          	lw	a4,44(a5)
    19e4:	02c42783          	lw	a5,44(s0)
    19e8:	f4e7e2e3          	bltu	a5,a4,192c <xTaskCreate+0x1d0>
    19ec:	ba892023          	sw	s0,-1120(s2)
    19f0:	f3dff06f          	jal	zero,192c <xTaskCreate+0x1d0>
    19f4:	00000073          	ecall
    19f8:	fc5ff06f          	jal	zero,19bc <xTaskCreate+0x260>

000019fc <vTaskDelete>:
    19fc:	fe010113          	addi	sp,sp,-32
    1a00:	00112e23          	sw	ra,28(sp)
    1a04:	00812c23          	sw	s0,24(sp)
    1a08:	00912a23          	sw	s1,20(sp)
    1a0c:	01212823          	sw	s2,16(sp)
    1a10:	01312623          	sw	s3,12(sp)
    1a14:	01412423          	sw	s4,8(sp)
    1a18:	30047073          	csrrci	zero,mstatus,8
    1a1c:	100004b7          	lui	s1,0x10000
    1a20:	0044a783          	lw	a5,4(s1) # 10000004 <xCriticalNesting>
    1a24:	10005937          	lui	s2,0x10005
    1a28:	00050413          	addi	s0,a0,0
    1a2c:	00178793          	addi	a5,a5,1
    1a30:	00f4a223          	sw	a5,4(s1)
    1a34:	00051463          	bne	a0,zero,1a3c <vTaskDelete+0x40>
    1a38:	ba092403          	lw	s0,-1120(s2) # 10004ba0 <pxCurrentTCB>
    1a3c:	00440a13          	addi	s4,s0,4
    1a40:	000a0513          	addi	a0,s4,0
    1a44:	005010ef          	jal	ra,3248 <uxListRemove>
    1a48:	02051e63          	bne	a0,zero,1a84 <vTaskDelete+0x88>
    1a4c:	02c42683          	lw	a3,44(s0)
    1a50:	01400713          	addi	a4,zero,20
    1a54:	02e68733          	mul	a4,a3,a4
    1a58:	acc18793          	addi	a5,gp,-1332 # 100002dc <pxReadyTasksLists>
    1a5c:	00e787b3          	add	a5,a5,a4
    1a60:	0007a783          	lw	a5,0(a5)
    1a64:	02079063          	bne	a5,zero,1a84 <vTaskDelete+0x88>
    1a68:	10005737          	lui	a4,0x10005
    1a6c:	b8872603          	lw	a2,-1144(a4) # 10004b88 <uxTopReadyPriority>
    1a70:	00100793          	addi	a5,zero,1
    1a74:	00d797b3          	sll	a5,a5,a3
    1a78:	fff7c793          	xori	a5,a5,-1
    1a7c:	00c7f7b3          	and	a5,a5,a2
    1a80:	b8f72423          	sw	a5,-1144(a4)
    1a84:	02842783          	lw	a5,40(s0)
    1a88:	00078663          	beq	a5,zero,1a94 <vTaskDelete+0x98>
    1a8c:	01840513          	addi	a0,s0,24
    1a90:	7b8010ef          	jal	ra,3248 <uxListRemove>
    1a94:	10005737          	lui	a4,0x10005
    1a98:	b7472783          	lw	a5,-1164(a4) # 10004b74 <uxTaskNumber>
    1a9c:	100059b7          	lui	s3,0x10005
    1aa0:	00178793          	addi	a5,a5,1
    1aa4:	b6f72a23          	sw	a5,-1164(a4)
    1aa8:	ba092703          	lw	a4,-1120(s2)
    1aac:	b849a783          	lw	a5,-1148(s3) # 10004b84 <xSchedulerRunning>
    1ab0:	08871263          	bne	a4,s0,1b34 <vTaskDelete+0x138>
    1ab4:	08078063          	beq	a5,zero,1b34 <vTaskDelete+0x138>
    1ab8:	000a0593          	addi	a1,s4,0
    1abc:	a7c18513          	addi	a0,gp,-1412 # 1000028c <xTasksWaitingTermination>
    1ac0:	70c010ef          	jal	ra,31cc <vListInsertEnd>
    1ac4:	10005737          	lui	a4,0x10005
    1ac8:	b9472783          	lw	a5,-1132(a4) # 10004b94 <uxDeletedTasksWaitingCleanUp>
    1acc:	00178793          	addi	a5,a5,1
    1ad0:	b8f72a23          	sw	a5,-1132(a4)
    1ad4:	00100713          	addi	a4,zero,1
    1ad8:	0044a783          	lw	a5,4(s1)
    1adc:	fff78793          	addi	a5,a5,-1
    1ae0:	00f4a223          	sw	a5,4(s1)
    1ae4:	00079463          	bne	a5,zero,1aec <vTaskDelete+0xf0>
    1ae8:	30046073          	csrrsi	zero,mstatus,8
    1aec:	00071a63          	bne	a4,zero,1b00 <vTaskDelete+0x104>
    1af0:	03042503          	lw	a0,48(s0)
    1af4:	585010ef          	jal	ra,3878 <vPortFree>
    1af8:	00040513          	addi	a0,s0,0
    1afc:	57d010ef          	jal	ra,3878 <vPortFree>
    1b00:	b849a783          	lw	a5,-1148(s3)
    1b04:	00078863          	beq	a5,zero,1b14 <vTaskDelete+0x118>
    1b08:	ba092783          	lw	a5,-1120(s2)
    1b0c:	00879463          	bne	a5,s0,1b14 <vTaskDelete+0x118>
    1b10:	00000073          	ecall
    1b14:	01c12083          	lw	ra,28(sp)
    1b18:	01812403          	lw	s0,24(sp)
    1b1c:	01412483          	lw	s1,20(sp)
    1b20:	01012903          	lw	s2,16(sp)
    1b24:	00c12983          	lw	s3,12(sp)
    1b28:	00812a03          	lw	s4,8(sp)
    1b2c:	02010113          	addi	sp,sp,32
    1b30:	00008067          	jalr	zero,0(ra)
    1b34:	10005737          	lui	a4,0x10005
    1b38:	b9072783          	lw	a5,-1136(a4) # 10004b90 <uxCurrentNumberOfTasks>
    1b3c:	fff78793          	addi	a5,a5,-1
    1b40:	b8f72823          	sw	a5,-1136(a4)
    1b44:	b0dff0ef          	jal	ra,1650 <prvResetNextTaskUnblockTime>
    1b48:	00000713          	addi	a4,zero,0
    1b4c:	f8dff06f          	jal	zero,1ad8 <vTaskDelete+0xdc>

00001b50 <vTaskResume>:
    1b50:	fe010113          	addi	sp,sp,-32
    1b54:	01212823          	sw	s2,16(sp)
    1b58:	10005937          	lui	s2,0x10005
    1b5c:	ba092783          	lw	a5,-1120(s2) # 10004ba0 <pxCurrentTCB>
    1b60:	00112e23          	sw	ra,28(sp)
    1b64:	00812c23          	sw	s0,24(sp)
    1b68:	00912a23          	sw	s1,20(sp)
    1b6c:	01312623          	sw	s3,12(sp)
    1b70:	0a050863          	beq	a0,zero,1c20 <vTaskResume+0xd0>
    1b74:	00050413          	addi	s0,a0,0
    1b78:	0aa78463          	beq	a5,a0,1c20 <vTaskResume+0xd0>
    1b7c:	30047073          	csrrci	zero,mstatus,8
    1b80:	100004b7          	lui	s1,0x10000
    1b84:	0044a783          	lw	a5,4(s1) # 10000004 <xCriticalNesting>
    1b88:	00178793          	addi	a5,a5,1
    1b8c:	00f4a223          	sw	a5,4(s1)
    1b90:	a8dff0ef          	jal	ra,161c <prvTaskIsTaskSuspended>
    1b94:	06050c63          	beq	a0,zero,1c0c <vTaskResume+0xbc>
    1b98:	00440993          	addi	s3,s0,4
    1b9c:	00098513          	addi	a0,s3,0
    1ba0:	6a8010ef          	jal	ra,3248 <uxListRemove>
    1ba4:	02c42703          	lw	a4,44(s0)
    1ba8:	100056b7          	lui	a3,0x10005
    1bac:	b886a603          	lw	a2,-1144(a3) # 10004b88 <uxTopReadyPriority>
    1bb0:	00100793          	addi	a5,zero,1
    1bb4:	00e797b3          	sll	a5,a5,a4
    1bb8:	00c7e7b3          	or	a5,a5,a2
    1bbc:	b8f6a423          	sw	a5,-1144(a3)
    1bc0:	01400693          	addi	a3,zero,20
    1bc4:	02d70733          	mul	a4,a4,a3
    1bc8:	acc18793          	addi	a5,gp,-1332 # 100002dc <pxReadyTasksLists>
    1bcc:	00e787b3          	add	a5,a5,a4
    1bd0:	0047a703          	lw	a4,4(a5)
    1bd4:	00e42423          	sw	a4,8(s0)
    1bd8:	00872683          	lw	a3,8(a4)
    1bdc:	00d42623          	sw	a3,12(s0)
    1be0:	0136a223          	sw	s3,4(a3)
    1be4:	01372423          	sw	s3,8(a4)
    1be8:	0007a703          	lw	a4,0(a5)
    1bec:	00f42a23          	sw	a5,20(s0)
    1bf0:	00170713          	addi	a4,a4,1
    1bf4:	00e7a023          	sw	a4,0(a5)
    1bf8:	ba092783          	lw	a5,-1120(s2)
    1bfc:	02c7a703          	lw	a4,44(a5)
    1c00:	02c42783          	lw	a5,44(s0)
    1c04:	00f77463          	bgeu	a4,a5,1c0c <vTaskResume+0xbc>
    1c08:	00000073          	ecall
    1c0c:	0044a783          	lw	a5,4(s1)
    1c10:	fff78793          	addi	a5,a5,-1
    1c14:	00f4a223          	sw	a5,4(s1)
    1c18:	00079463          	bne	a5,zero,1c20 <vTaskResume+0xd0>
    1c1c:	30046073          	csrrsi	zero,mstatus,8
    1c20:	01c12083          	lw	ra,28(sp)
    1c24:	01812403          	lw	s0,24(sp)
    1c28:	01412483          	lw	s1,20(sp)
    1c2c:	01012903          	lw	s2,16(sp)
    1c30:	00c12983          	lw	s3,12(sp)
    1c34:	02010113          	addi	sp,sp,32
    1c38:	00008067          	jalr	zero,0(ra)

00001c3c <vTaskStartScheduler>:
    1c3c:	fe010113          	addi	sp,sp,-32
    1c40:	000067b7          	lui	a5,0x6
    1c44:	00112e23          	sw	ra,28(sp)
    1c48:	00012023          	sw	zero,0(sp)
    1c4c:	00012223          	sw	zero,4(sp)
    1c50:	00012423          	sw	zero,8(sp)
    1c54:	00012623          	sw	zero,12(sp)
    1c58:	da078793          	addi	a5,a5,-608 # 5da0 <__umoddi3+0xbc8>
    1c5c:	00010713          	addi	a4,sp,0
    1c60:	0007c683          	lbu	a3,0(a5)
    1c64:	00170713          	addi	a4,a4,1
    1c68:	00178793          	addi	a5,a5,1
    1c6c:	fed70fa3          	sb	a3,-1(a4)
    1c70:	fe0698e3          	bne	a3,zero,1c60 <vTaskStartScheduler+0x24>
    1c74:	100057b7          	lui	a5,0x10005
    1c78:	00001537          	lui	a0,0x1
    1c7c:	b6c78793          	addi	a5,a5,-1172 # 10004b6c <xIdleTaskHandles>
    1c80:	00000713          	addi	a4,zero,0
    1c84:	10000613          	addi	a2,zero,256
    1c88:	00010593          	addi	a1,sp,0
    1c8c:	73450513          	addi	a0,a0,1844 # 1734 <prvIdleTask>
    1c90:	acdff0ef          	jal	ra,175c <xTaskCreate>
    1c94:	00100793          	addi	a5,zero,1
    1c98:	02f51463          	bne	a0,a5,1cc0 <vTaskStartScheduler+0x84>
    1c9c:	30047073          	csrrci	zero,mstatus,8
    1ca0:	100057b7          	lui	a5,0x10005
    1ca4:	fff00713          	addi	a4,zero,-1
    1ca8:	b6e7a823          	sw	a4,-1168(a5) # 10004b70 <xNextTaskUnblockTime>
    1cac:	100057b7          	lui	a5,0x10005
    1cb0:	b8a7a223          	sw	a0,-1148(a5) # 10004b84 <xSchedulerRunning>
    1cb4:	100057b7          	lui	a5,0x10005
    1cb8:	b807a623          	sw	zero,-1140(a5) # 10004b8c <xTickCount>
    1cbc:	644010ef          	jal	ra,3300 <xPortStartScheduler>
    1cc0:	01c12083          	lw	ra,28(sp)
    1cc4:	000067b7          	lui	a5,0x6
    1cc8:	22c7a783          	lw	a5,556(a5) # 622c <uxTopUsedPriority>
    1ccc:	02010113          	addi	sp,sp,32
    1cd0:	00008067          	jalr	zero,0(ra)

00001cd4 <vTaskSuspendAll>:
    1cd4:	10005737          	lui	a4,0x10005
    1cd8:	b6872783          	lw	a5,-1176(a4) # 10004b68 <uxSchedulerSuspended>
    1cdc:	00178793          	addi	a5,a5,1
    1ce0:	b6f72423          	sw	a5,-1176(a4)
    1ce4:	00008067          	jalr	zero,0(ra)

00001ce8 <xTaskGetTickCount>:
    1ce8:	100057b7          	lui	a5,0x10005
    1cec:	b8c7a503          	lw	a0,-1140(a5) # 10004b8c <xTickCount>
    1cf0:	00008067          	jalr	zero,0(ra)

00001cf4 <xTaskIncrementTick>:
    1cf4:	100057b7          	lui	a5,0x10005
    1cf8:	b687a783          	lw	a5,-1176(a5) # 10004b68 <uxSchedulerSuspended>
    1cfc:	ff010113          	addi	sp,sp,-16
    1d00:	00112623          	sw	ra,12(sp)
    1d04:	00812423          	sw	s0,8(sp)
    1d08:	00912223          	sw	s1,4(sp)
    1d0c:	1c079463          	bne	a5,zero,1ed4 <xTaskIncrementTick+0x1e0>
    1d10:	100057b7          	lui	a5,0x10005
    1d14:	b8c7a403          	lw	s0,-1140(a5) # 10004b8c <xTickCount>
    1d18:	00140413          	addi	s0,s0,1
    1d1c:	b887a623          	sw	s0,-1140(a5)
    1d20:	02041863          	bne	s0,zero,1d50 <xTaskIncrementTick+0x5c>
    1d24:	10005737          	lui	a4,0x10005
    1d28:	100057b7          	lui	a5,0x10005
    1d2c:	b9c72683          	lw	a3,-1124(a4) # 10004b9c <pxDelayedTaskList>
    1d30:	b987a603          	lw	a2,-1128(a5) # 10004b98 <pxOverflowDelayedTaskList>
    1d34:	b8c72e23          	sw	a2,-1124(a4)
    1d38:	b8d7ac23          	sw	a3,-1128(a5)
    1d3c:	10005737          	lui	a4,0x10005
    1d40:	b7872783          	lw	a5,-1160(a4) # 10004b78 <xNumOfOverflows>
    1d44:	00178793          	addi	a5,a5,1
    1d48:	b6f72c23          	sw	a5,-1160(a4)
    1d4c:	905ff0ef          	jal	ra,1650 <prvResetNextTaskUnblockTime>
    1d50:	10005537          	lui	a0,0x10005
    1d54:	b7052783          	lw	a5,-1168(a0) # 10004b70 <xNextTaskUnblockTime>
    1d58:	acc18693          	addi	a3,gp,-1332 # 100002dc <pxReadyTasksLists>
    1d5c:	10005837          	lui	a6,0x10005
    1d60:	00000493          	addi	s1,zero,0
    1d64:	02f46463          	bltu	s0,a5,1d8c <xTaskIncrementTick+0x98>
    1d68:	10005337          	lui	t1,0x10005
    1d6c:	100058b7          	lui	a7,0x10005
    1d70:	00100e93          	addi	t4,zero,1
    1d74:	01400e13          	addi	t3,zero,20
    1d78:	b9c32783          	lw	a5,-1124(t1) # 10004b9c <pxDelayedTaskList>
    1d7c:	0007a783          	lw	a5,0(a5)
    1d80:	06079263          	bne	a5,zero,1de4 <xTaskIncrementTick+0xf0>
    1d84:	fff00793          	addi	a5,zero,-1
    1d88:	b6f52823          	sw	a5,-1168(a0)
    1d8c:	ba082783          	lw	a5,-1120(a6) # 10004ba0 <pxCurrentTCB>
    1d90:	01400713          	addi	a4,zero,20
    1d94:	02c7a783          	lw	a5,44(a5)
    1d98:	02e787b3          	mul	a5,a5,a4
    1d9c:	00f686b3          	add	a3,a3,a5
    1da0:	0006a503          	lw	a0,0(a3)
    1da4:	100057b7          	lui	a5,0x10005
    1da8:	b807a783          	lw	a5,-1152(a5) # 10004b80 <xPendedTicks>
    1dac:	00253513          	sltiu	a0,a0,2
    1db0:	00154413          	xori	s0,a0,1
    1db4:	00079463          	bne	a5,zero,1dbc <xTaskIncrementTick+0xc8>
    1db8:	6f9020ef          	jal	ra,4cb0 <vApplicationTickHook>
    1dbc:	100057b7          	lui	a5,0x10005
    1dc0:	b7c7a783          	lw	a5,-1156(a5) # 10004b7c <xYieldPendings>
    1dc4:	00f037b3          	sltu	a5,zero,a5
    1dc8:	00f46533          	or	a0,s0,a5
    1dcc:	00956533          	or	a0,a0,s1
    1dd0:	00c12083          	lw	ra,12(sp)
    1dd4:	00812403          	lw	s0,8(sp)
    1dd8:	00412483          	lw	s1,4(sp)
    1ddc:	01010113          	addi	sp,sp,16
    1de0:	00008067          	jalr	zero,0(ra)
    1de4:	b9c32783          	lw	a5,-1124(t1)
    1de8:	00c7a783          	lw	a5,12(a5)
    1dec:	00c7a783          	lw	a5,12(a5)
    1df0:	0047a703          	lw	a4,4(a5)
    1df4:	00e47663          	bgeu	s0,a4,1e00 <xTaskIncrementTick+0x10c>
    1df8:	b6e52823          	sw	a4,-1168(a0)
    1dfc:	f91ff06f          	jal	zero,1d8c <xTaskIncrementTick+0x98>
    1e00:	0087a583          	lw	a1,8(a5)
    1e04:	00c7a603          	lw	a2,12(a5)
    1e08:	0147a703          	lw	a4,20(a5)
    1e0c:	00c5a423          	sw	a2,8(a1)
    1e10:	0087a583          	lw	a1,8(a5)
    1e14:	00b62223          	sw	a1,4(a2)
    1e18:	00472603          	lw	a2,4(a4)
    1e1c:	00478593          	addi	a1,a5,4
    1e20:	00b61663          	bne	a2,a1,1e2c <xTaskIncrementTick+0x138>
    1e24:	00c7a603          	lw	a2,12(a5)
    1e28:	00c72223          	sw	a2,4(a4)
    1e2c:	00072603          	lw	a2,0(a4)
    1e30:	fff60613          	addi	a2,a2,-1
    1e34:	00c72023          	sw	a2,0(a4)
    1e38:	0287a703          	lw	a4,40(a5)
    1e3c:	02070e63          	beq	a4,zero,1e78 <xTaskIncrementTick+0x184>
    1e40:	01c7af03          	lw	t5,28(a5)
    1e44:	0207a603          	lw	a2,32(a5)
    1e48:	00cf2423          	sw	a2,8(t5)
    1e4c:	01c7af03          	lw	t5,28(a5)
    1e50:	01e62223          	sw	t5,4(a2)
    1e54:	00472f03          	lw	t5,4(a4)
    1e58:	01878613          	addi	a2,a5,24
    1e5c:	00cf1663          	bne	t5,a2,1e68 <xTaskIncrementTick+0x174>
    1e60:	0207a603          	lw	a2,32(a5)
    1e64:	00c72223          	sw	a2,4(a4)
    1e68:	00072603          	lw	a2,0(a4)
    1e6c:	0207a423          	sw	zero,40(a5)
    1e70:	fff60613          	addi	a2,a2,-1
    1e74:	00c72023          	sw	a2,0(a4)
    1e78:	02c7a703          	lw	a4,44(a5)
    1e7c:	b888af03          	lw	t5,-1144(a7) # 10004b88 <uxTopReadyPriority>
    1e80:	00ee9633          	sll	a2,t4,a4
    1e84:	03c70733          	mul	a4,a4,t3
    1e88:	01e66633          	or	a2,a2,t5
    1e8c:	b8c8a423          	sw	a2,-1144(a7)
    1e90:	00e68733          	add	a4,a3,a4
    1e94:	00472603          	lw	a2,4(a4)
    1e98:	00c7a423          	sw	a2,8(a5)
    1e9c:	00862f03          	lw	t5,8(a2)
    1ea0:	01e7a623          	sw	t5,12(a5)
    1ea4:	00bf2223          	sw	a1,4(t5)
    1ea8:	00b62423          	sw	a1,8(a2)
    1eac:	00072603          	lw	a2,0(a4)
    1eb0:	00e7aa23          	sw	a4,20(a5)
    1eb4:	00160613          	addi	a2,a2,1
    1eb8:	00c72023          	sw	a2,0(a4)
    1ebc:	ba082703          	lw	a4,-1120(a6)
    1ec0:	02c7a783          	lw	a5,44(a5)
    1ec4:	02c72703          	lw	a4,44(a4)
    1ec8:	00f737b3          	sltu	a5,a4,a5
    1ecc:	00f4e4b3          	or	s1,s1,a5
    1ed0:	ea9ff06f          	jal	zero,1d78 <xTaskIncrementTick+0x84>
    1ed4:	10005737          	lui	a4,0x10005
    1ed8:	b8072783          	lw	a5,-1152(a4) # 10004b80 <xPendedTicks>
    1edc:	00178793          	addi	a5,a5,1
    1ee0:	b8f72023          	sw	a5,-1152(a4)
    1ee4:	5cd020ef          	jal	ra,4cb0 <vApplicationTickHook>
    1ee8:	00000513          	addi	a0,zero,0
    1eec:	ee5ff06f          	jal	zero,1dd0 <xTaskIncrementTick+0xdc>

00001ef0 <xTaskResumeAll>:
    1ef0:	fe010113          	addi	sp,sp,-32
    1ef4:	00112e23          	sw	ra,28(sp)
    1ef8:	00812c23          	sw	s0,24(sp)
    1efc:	00912a23          	sw	s1,20(sp)
    1f00:	01212823          	sw	s2,16(sp)
    1f04:	01312623          	sw	s3,12(sp)
    1f08:	01412423          	sw	s4,8(sp)
    1f0c:	30047073          	csrrci	zero,mstatus,8
    1f10:	10000437          	lui	s0,0x10000
    1f14:	00442783          	lw	a5,4(s0) # 10000004 <xCriticalNesting>
    1f18:	00178793          	addi	a5,a5,1
    1f1c:	00f42223          	sw	a5,4(s0)
    1f20:	100057b7          	lui	a5,0x10005
    1f24:	b687a703          	lw	a4,-1176(a5) # 10004b68 <uxSchedulerSuspended>
    1f28:	fff70713          	addi	a4,a4,-1
    1f2c:	b6e7a423          	sw	a4,-1176(a5)
    1f30:	b687a783          	lw	a5,-1176(a5)
    1f34:	02078e63          	beq	a5,zero,1f70 <xTaskResumeAll+0x80>
    1f38:	00000513          	addi	a0,zero,0
    1f3c:	00442783          	lw	a5,4(s0)
    1f40:	fff78793          	addi	a5,a5,-1
    1f44:	00f42223          	sw	a5,4(s0)
    1f48:	00079463          	bne	a5,zero,1f50 <xTaskResumeAll+0x60>
    1f4c:	30046073          	csrrsi	zero,mstatus,8
    1f50:	01c12083          	lw	ra,28(sp)
    1f54:	01812403          	lw	s0,24(sp)
    1f58:	01412483          	lw	s1,20(sp)
    1f5c:	01012903          	lw	s2,16(sp)
    1f60:	00c12983          	lw	s3,12(sp)
    1f64:	00812a03          	lw	s4,8(sp)
    1f68:	02010113          	addi	sp,sp,32
    1f6c:	00008067          	jalr	zero,0(ra)
    1f70:	100057b7          	lui	a5,0x10005
    1f74:	b907a783          	lw	a5,-1136(a5) # 10004b90 <uxCurrentNumberOfTasks>
    1f78:	fc0780e3          	beq	a5,zero,1f38 <xTaskResumeAll+0x48>
    1f7c:	00000793          	addi	a5,zero,0
    1f80:	a9018693          	addi	a3,gp,-1392 # 100002a0 <xPendingReadyList>
    1f84:	10005837          	lui	a6,0x10005
    1f88:	00100893          	addi	a7,zero,1
    1f8c:	acc18613          	addi	a2,gp,-1332 # 100002dc <pxReadyTasksLists>
    1f90:	01400e13          	addi	t3,zero,20
    1f94:	10005eb7          	lui	t4,0x10005
    1f98:	10005f37          	lui	t5,0x10005
    1f9c:	0d80006f          	jal	zero,2074 <xTaskResumeAll+0x184>
    1fa0:	00c6a783          	lw	a5,12(a3)
    1fa4:	00c7a783          	lw	a5,12(a5)
    1fa8:	01c7a503          	lw	a0,28(a5)
    1fac:	0207a583          	lw	a1,32(a5)
    1fb0:	0287a703          	lw	a4,40(a5)
    1fb4:	00b52423          	sw	a1,8(a0)
    1fb8:	01c7a503          	lw	a0,28(a5)
    1fbc:	00a5a223          	sw	a0,4(a1)
    1fc0:	00472503          	lw	a0,4(a4)
    1fc4:	01878593          	addi	a1,a5,24
    1fc8:	00b51663          	bne	a0,a1,1fd4 <xTaskResumeAll+0xe4>
    1fcc:	0207a583          	lw	a1,32(a5)
    1fd0:	00b72223          	sw	a1,4(a4)
    1fd4:	00072583          	lw	a1,0(a4)
    1fd8:	0207a423          	sw	zero,40(a5)
    1fdc:	fff58593          	addi	a1,a1,-1
    1fe0:	00b72023          	sw	a1,0(a4)
    1fe4:	0087a503          	lw	a0,8(a5)
    1fe8:	00c7a583          	lw	a1,12(a5)
    1fec:	0147a703          	lw	a4,20(a5)
    1ff0:	00b52423          	sw	a1,8(a0)
    1ff4:	0087a503          	lw	a0,8(a5)
    1ff8:	00a5a223          	sw	a0,4(a1)
    1ffc:	00472583          	lw	a1,4(a4)
    2000:	00478513          	addi	a0,a5,4
    2004:	00a59663          	bne	a1,a0,2010 <xTaskResumeAll+0x120>
    2008:	00c7a583          	lw	a1,12(a5)
    200c:	00b72223          	sw	a1,4(a4)
    2010:	00072583          	lw	a1,0(a4)
    2014:	b8882303          	lw	t1,-1144(a6) # 10004b88 <uxTopReadyPriority>
    2018:	fff58593          	addi	a1,a1,-1
    201c:	00b72023          	sw	a1,0(a4)
    2020:	02c7a703          	lw	a4,44(a5)
    2024:	00e895b3          	sll	a1,a7,a4
    2028:	03c70733          	mul	a4,a4,t3
    202c:	0065e5b3          	or	a1,a1,t1
    2030:	b8b82423          	sw	a1,-1144(a6)
    2034:	00e60733          	add	a4,a2,a4
    2038:	00472583          	lw	a1,4(a4)
    203c:	00b7a423          	sw	a1,8(a5)
    2040:	0085a303          	lw	t1,8(a1)
    2044:	0067a623          	sw	t1,12(a5)
    2048:	00a32223          	sw	a0,4(t1)
    204c:	00a5a423          	sw	a0,8(a1)
    2050:	00072583          	lw	a1,0(a4)
    2054:	00e7aa23          	sw	a4,20(a5)
    2058:	00158593          	addi	a1,a1,1
    205c:	00b72023          	sw	a1,0(a4)
    2060:	ba0ea703          	lw	a4,-1120(t4) # 10004ba0 <pxCurrentTCB>
    2064:	02c7a583          	lw	a1,44(a5)
    2068:	02c72703          	lw	a4,44(a4)
    206c:	00b77463          	bgeu	a4,a1,2074 <xTaskResumeAll+0x184>
    2070:	b71f2e23          	sw	a7,-1156(t5) # 10004b7c <xYieldPendings>
    2074:	0006a703          	lw	a4,0(a3)
    2078:	f20714e3          	bne	a4,zero,1fa0 <xTaskResumeAll+0xb0>
    207c:	00078463          	beq	a5,zero,2084 <xTaskResumeAll+0x194>
    2080:	dd0ff0ef          	jal	ra,1650 <prvResetNextTaskUnblockTime>
    2084:	10005937          	lui	s2,0x10005
    2088:	b8092483          	lw	s1,-1152(s2) # 10004b80 <xPendedTicks>
    208c:	02048263          	beq	s1,zero,20b0 <xTaskResumeAll+0x1c0>
    2090:	100059b7          	lui	s3,0x10005
    2094:	00100a13          	addi	s4,zero,1
    2098:	c5dff0ef          	jal	ra,1cf4 <xTaskIncrementTick>
    209c:	00050463          	beq	a0,zero,20a4 <xTaskResumeAll+0x1b4>
    20a0:	b749ae23          	sw	s4,-1156(s3) # 10004b7c <xYieldPendings>
    20a4:	fff48493          	addi	s1,s1,-1
    20a8:	fe0498e3          	bne	s1,zero,2098 <xTaskResumeAll+0x1a8>
    20ac:	b8092023          	sw	zero,-1152(s2)
    20b0:	100057b7          	lui	a5,0x10005
    20b4:	b7c7a783          	lw	a5,-1156(a5) # 10004b7c <xYieldPendings>
    20b8:	e80780e3          	beq	a5,zero,1f38 <xTaskResumeAll+0x48>
    20bc:	100057b7          	lui	a5,0x10005
    20c0:	ba07a783          	lw	a5,-1120(a5) # 10004ba0 <pxCurrentTCB>
    20c4:	00000073          	ecall
    20c8:	00100513          	addi	a0,zero,1
    20cc:	e71ff06f          	jal	zero,1f3c <xTaskResumeAll+0x4c>

000020d0 <vTaskDelay>:
    20d0:	00051663          	bne	a0,zero,20dc <vTaskDelay+0xc>
    20d4:	00000073          	ecall
    20d8:	00008067          	jalr	zero,0(ra)
    20dc:	fe010113          	addi	sp,sp,-32
    20e0:	00112e23          	sw	ra,28(sp)
    20e4:	00a12623          	sw	a0,12(sp)
    20e8:	bedff0ef          	jal	ra,1cd4 <vTaskSuspendAll>
    20ec:	00c12503          	lw	a0,12(sp)
    20f0:	00000593          	addi	a1,zero,0
    20f4:	bd8ff0ef          	jal	ra,14cc <prvAddCurrentTaskToDelayedList>
    20f8:	df9ff0ef          	jal	ra,1ef0 <xTaskResumeAll>
    20fc:	00051463          	bne	a0,zero,2104 <vTaskDelay+0x34>
    2100:	00000073          	ecall
    2104:	01c12083          	lw	ra,28(sp)
    2108:	02010113          	addi	sp,sp,32
    210c:	00008067          	jalr	zero,0(ra)

00002110 <vTaskSwitchContext>:
    2110:	100057b7          	lui	a5,0x10005
    2114:	b687a703          	lw	a4,-1176(a5) # 10004b68 <uxSchedulerSuspended>
    2118:	100057b7          	lui	a5,0x10005
    211c:	00070863          	beq	a4,zero,212c <vTaskSwitchContext+0x1c>
    2120:	00100713          	addi	a4,zero,1
    2124:	b6e7ae23          	sw	a4,-1156(a5) # 10004b7c <xYieldPendings>
    2128:	00008067          	jalr	zero,0(ra)
    212c:	ff010113          	addi	sp,sp,-16
    2130:	b607ae23          	sw	zero,-1156(a5)
    2134:	100057b7          	lui	a5,0x10005
    2138:	b887a503          	lw	a0,-1144(a5) # 10004b88 <uxTopReadyPriority>
    213c:	00112623          	sw	ra,12(sp)
    2140:	461020ef          	jal	ra,4da0 <__clzsi2>
    2144:	01f00793          	addi	a5,zero,31
    2148:	40a78533          	sub	a0,a5,a0
    214c:	01400793          	addi	a5,zero,20
    2150:	02f50533          	mul	a0,a0,a5
    2154:	acc18693          	addi	a3,gp,-1332 # 100002dc <pxReadyTasksLists>
    2158:	00a68733          	add	a4,a3,a0
    215c:	00472783          	lw	a5,4(a4)
    2160:	00850513          	addi	a0,a0,8
    2164:	00d50533          	add	a0,a0,a3
    2168:	0047a783          	lw	a5,4(a5)
    216c:	00f72223          	sw	a5,4(a4)
    2170:	00a79663          	bne	a5,a0,217c <vTaskSwitchContext+0x6c>
    2174:	00c72783          	lw	a5,12(a4)
    2178:	00f72223          	sw	a5,4(a4)
    217c:	00c7a703          	lw	a4,12(a5)
    2180:	00c12083          	lw	ra,12(sp)
    2184:	100057b7          	lui	a5,0x10005
    2188:	bae7a023          	sw	a4,-1120(a5) # 10004ba0 <pxCurrentTCB>
    218c:	ba07a783          	lw	a5,-1120(a5)
    2190:	01010113          	addi	sp,sp,16
    2194:	00008067          	jalr	zero,0(ra)

00002198 <vTaskSuspend>:
    2198:	fe010113          	addi	sp,sp,-32
    219c:	00112e23          	sw	ra,28(sp)
    21a0:	00812c23          	sw	s0,24(sp)
    21a4:	00912a23          	sw	s1,20(sp)
    21a8:	01212823          	sw	s2,16(sp)
    21ac:	01312623          	sw	s3,12(sp)
    21b0:	01412423          	sw	s4,8(sp)
    21b4:	01512223          	sw	s5,4(sp)
    21b8:	30047073          	csrrci	zero,mstatus,8
    21bc:	100004b7          	lui	s1,0x10000
    21c0:	0044a783          	lw	a5,4(s1) # 10000004 <xCriticalNesting>
    21c4:	10005937          	lui	s2,0x10005
    21c8:	00050413          	addi	s0,a0,0
    21cc:	00178793          	addi	a5,a5,1
    21d0:	00f4a223          	sw	a5,4(s1)
    21d4:	00051463          	bne	a0,zero,21dc <vTaskSuspend+0x44>
    21d8:	ba092403          	lw	s0,-1120(s2) # 10004ba0 <pxCurrentTCB>
    21dc:	00440993          	addi	s3,s0,4
    21e0:	00098513          	addi	a0,s3,0
    21e4:	064010ef          	jal	ra,3248 <uxListRemove>
    21e8:	02051e63          	bne	a0,zero,2224 <vTaskSuspend+0x8c>
    21ec:	02c42683          	lw	a3,44(s0)
    21f0:	01400713          	addi	a4,zero,20
    21f4:	02e68733          	mul	a4,a3,a4
    21f8:	acc18793          	addi	a5,gp,-1332 # 100002dc <pxReadyTasksLists>
    21fc:	00e787b3          	add	a5,a5,a4
    2200:	0007a783          	lw	a5,0(a5)
    2204:	02079063          	bne	a5,zero,2224 <vTaskSuspend+0x8c>
    2208:	10005737          	lui	a4,0x10005
    220c:	b8872603          	lw	a2,-1144(a4) # 10004b88 <uxTopReadyPriority>
    2210:	00100793          	addi	a5,zero,1
    2214:	00d797b3          	sll	a5,a5,a3
    2218:	fff7c793          	xori	a5,a5,-1
    221c:	00c7f7b3          	and	a5,a5,a2
    2220:	b8f72423          	sw	a5,-1144(a4)
    2224:	02842783          	lw	a5,40(s0)
    2228:	00078663          	beq	a5,zero,2234 <vTaskSuspend+0x9c>
    222c:	01840513          	addi	a0,s0,24
    2230:	018010ef          	jal	ra,3248 <uxListRemove>
    2234:	00098593          	addi	a1,s3,0
    2238:	a6818513          	addi	a0,gp,-1432 # 10000278 <xSuspendedTaskList>
    223c:	791000ef          	jal	ra,31cc <vListInsertEnd>
    2240:	05044703          	lbu	a4,80(s0)
    2244:	00100793          	addi	a5,zero,1
    2248:	00f71463          	bne	a4,a5,2250 <vTaskSuspend+0xb8>
    224c:	04040823          	sb	zero,80(s0)
    2250:	0044a783          	lw	a5,4(s1)
    2254:	fff78793          	addi	a5,a5,-1
    2258:	00f4a223          	sw	a5,4(s1)
    225c:	00079463          	bne	a5,zero,2264 <vTaskSuspend+0xcc>
    2260:	30046073          	csrrsi	zero,mstatus,8
    2264:	10005a37          	lui	s4,0x10005
    2268:	b84a2783          	lw	a5,-1148(s4) # 10004b84 <xSchedulerRunning>
    226c:	00078e63          	beq	a5,zero,2288 <vTaskSuspend+0xf0>
    2270:	30047073          	csrrci	zero,mstatus,8
    2274:	0044aa83          	lw	s5,4(s1)
    2278:	bd8ff0ef          	jal	ra,1650 <prvResetNextTaskUnblockTime>
    227c:	0154a223          	sw	s5,4(s1)
    2280:	000a9463          	bne	s5,zero,2288 <vTaskSuspend+0xf0>
    2284:	30046073          	csrrsi	zero,mstatus,8
    2288:	ba092783          	lw	a5,-1120(s2)
    228c:	00879863          	bne	a5,s0,229c <vTaskSuspend+0x104>
    2290:	b84a2783          	lw	a5,-1148(s4)
    2294:	02078663          	beq	a5,zero,22c0 <vTaskSuspend+0x128>
    2298:	00000073          	ecall
    229c:	01c12083          	lw	ra,28(sp)
    22a0:	01812403          	lw	s0,24(sp)
    22a4:	01412483          	lw	s1,20(sp)
    22a8:	01012903          	lw	s2,16(sp)
    22ac:	00c12983          	lw	s3,12(sp)
    22b0:	00812a03          	lw	s4,8(sp)
    22b4:	00412a83          	lw	s5,4(sp)
    22b8:	02010113          	addi	sp,sp,32
    22bc:	00008067          	jalr	zero,0(ra)
    22c0:	100057b7          	lui	a5,0x10005
    22c4:	b907a703          	lw	a4,-1136(a5) # 10004b90 <uxCurrentNumberOfTasks>
    22c8:	a681a783          	lw	a5,-1432(gp) # 10000278 <xSuspendedTaskList>
    22cc:	00f71663          	bne	a4,a5,22d8 <vTaskSuspend+0x140>
    22d0:	ba092023          	sw	zero,-1120(s2)
    22d4:	fc9ff06f          	jal	zero,229c <vTaskSuspend+0x104>
    22d8:	01812403          	lw	s0,24(sp)
    22dc:	01c12083          	lw	ra,28(sp)
    22e0:	01412483          	lw	s1,20(sp)
    22e4:	01012903          	lw	s2,16(sp)
    22e8:	00c12983          	lw	s3,12(sp)
    22ec:	00812a03          	lw	s4,8(sp)
    22f0:	00412a83          	lw	s5,4(sp)
    22f4:	02010113          	addi	sp,sp,32
    22f8:	e19ff06f          	jal	zero,2110 <vTaskSwitchContext>

000022fc <vTaskPlaceOnEventList>:
    22fc:	ff010113          	addi	sp,sp,-16
    2300:	100057b7          	lui	a5,0x10005
    2304:	00812423          	sw	s0,8(sp)
    2308:	00058413          	addi	s0,a1,0
    230c:	ba07a583          	lw	a1,-1120(a5) # 10004ba0 <pxCurrentTCB>
    2310:	00112623          	sw	ra,12(sp)
    2314:	01858593          	addi	a1,a1,24
    2318:	6e1000ef          	jal	ra,31f8 <vListInsert>
    231c:	00040513          	addi	a0,s0,0
    2320:	00812403          	lw	s0,8(sp)
    2324:	00c12083          	lw	ra,12(sp)
    2328:	00100593          	addi	a1,zero,1
    232c:	01010113          	addi	sp,sp,16
    2330:	99cff06f          	jal	zero,14cc <prvAddCurrentTaskToDelayedList>

00002334 <xTaskRemoveFromEventList>:
    2334:	00c52783          	lw	a5,12(a0)
    2338:	00c7a783          	lw	a5,12(a5)
    233c:	01c7a603          	lw	a2,28(a5)
    2340:	0207a683          	lw	a3,32(a5)
    2344:	0287a703          	lw	a4,40(a5)
    2348:	00d62423          	sw	a3,8(a2)
    234c:	01c7a603          	lw	a2,28(a5)
    2350:	00c6a223          	sw	a2,4(a3)
    2354:	00472683          	lw	a3,4(a4)
    2358:	01878613          	addi	a2,a5,24
    235c:	00c69663          	bne	a3,a2,2368 <xTaskRemoveFromEventList+0x34>
    2360:	0207a683          	lw	a3,32(a5)
    2364:	00d72223          	sw	a3,4(a4)
    2368:	00072683          	lw	a3,0(a4)
    236c:	0207a423          	sw	zero,40(a5)
    2370:	fff68693          	addi	a3,a3,-1
    2374:	00d72023          	sw	a3,0(a4)
    2378:	10005737          	lui	a4,0x10005
    237c:	b6872703          	lw	a4,-1176(a4) # 10004b68 <uxSchedulerSuspended>
    2380:	0a071c63          	bne	a4,zero,2438 <xTaskRemoveFromEventList+0x104>
    2384:	0087a603          	lw	a2,8(a5)
    2388:	00c7a683          	lw	a3,12(a5)
    238c:	0147a703          	lw	a4,20(a5)
    2390:	00d62423          	sw	a3,8(a2)
    2394:	0087a603          	lw	a2,8(a5)
    2398:	00c6a223          	sw	a2,4(a3)
    239c:	00472683          	lw	a3,4(a4)
    23a0:	00478613          	addi	a2,a5,4
    23a4:	00c69663          	bne	a3,a2,23b0 <xTaskRemoveFromEventList+0x7c>
    23a8:	00c7a683          	lw	a3,12(a5)
    23ac:	00d72223          	sw	a3,4(a4)
    23b0:	00072683          	lw	a3,0(a4)
    23b4:	100055b7          	lui	a1,0x10005
    23b8:	b885a503          	lw	a0,-1144(a1) # 10004b88 <uxTopReadyPriority>
    23bc:	fff68693          	addi	a3,a3,-1
    23c0:	00d72023          	sw	a3,0(a4)
    23c4:	02c7a683          	lw	a3,44(a5)
    23c8:	00100713          	addi	a4,zero,1
    23cc:	00d71733          	sll	a4,a4,a3
    23d0:	00a76733          	or	a4,a4,a0
    23d4:	b8e5a423          	sw	a4,-1144(a1)
    23d8:	01400593          	addi	a1,zero,20
    23dc:	02b686b3          	mul	a3,a3,a1
    23e0:	acc18713          	addi	a4,gp,-1332 # 100002dc <pxReadyTasksLists>
    23e4:	00d70733          	add	a4,a4,a3
    23e8:	00472683          	lw	a3,4(a4)
    23ec:	00d7a423          	sw	a3,8(a5)
    23f0:	0086a583          	lw	a1,8(a3)
    23f4:	00b7a623          	sw	a1,12(a5)
    23f8:	00c5a223          	sw	a2,4(a1)
    23fc:	00c6a423          	sw	a2,8(a3)
    2400:	00e7aa23          	sw	a4,20(a5)
    2404:	00072683          	lw	a3,0(a4)
    2408:	00000513          	addi	a0,zero,0
    240c:	00168693          	addi	a3,a3,1
    2410:	00d72023          	sw	a3,0(a4)
    2414:	10005737          	lui	a4,0x10005
    2418:	ba072683          	lw	a3,-1120(a4) # 10004ba0 <pxCurrentTCB>
    241c:	02c7a703          	lw	a4,44(a5)
    2420:	02c6a783          	lw	a5,44(a3)
    2424:	00e7f863          	bgeu	a5,a4,2434 <xTaskRemoveFromEventList+0x100>
    2428:	00100513          	addi	a0,zero,1
    242c:	100057b7          	lui	a5,0x10005
    2430:	b6a7ae23          	sw	a0,-1156(a5) # 10004b7c <xYieldPendings>
    2434:	00008067          	jalr	zero,0(ra)
    2438:	a9018713          	addi	a4,gp,-1392 # 100002a0 <xPendingReadyList>
    243c:	00472683          	lw	a3,4(a4)
    2440:	00d7ae23          	sw	a3,28(a5)
    2444:	0086a583          	lw	a1,8(a3)
    2448:	02b7a023          	sw	a1,32(a5)
    244c:	00c5a223          	sw	a2,4(a1)
    2450:	00c6a423          	sw	a2,8(a3)
    2454:	02e7a423          	sw	a4,40(a5)
    2458:	fadff06f          	jal	zero,2404 <xTaskRemoveFromEventList+0xd0>

0000245c <vTaskInternalSetTimeOutState>:
    245c:	100057b7          	lui	a5,0x10005
    2460:	b787a783          	lw	a5,-1160(a5) # 10004b78 <xNumOfOverflows>
    2464:	00f52023          	sw	a5,0(a0)
    2468:	100057b7          	lui	a5,0x10005
    246c:	b8c7a783          	lw	a5,-1140(a5) # 10004b8c <xTickCount>
    2470:	00f52223          	sw	a5,4(a0)
    2474:	00008067          	jalr	zero,0(ra)

00002478 <xTaskCheckForTimeOut>:
    2478:	ff010113          	addi	sp,sp,-16
    247c:	00112623          	sw	ra,12(sp)
    2480:	00812423          	sw	s0,8(sp)
    2484:	00912223          	sw	s1,4(sp)
    2488:	30047073          	csrrci	zero,mstatus,8
    248c:	100057b7          	lui	a5,0x10005
    2490:	b8c7a683          	lw	a3,-1140(a5) # 10004b8c <xTickCount>
    2494:	0005a783          	lw	a5,0(a1)
    2498:	100004b7          	lui	s1,0x10000
    249c:	fff00713          	addi	a4,zero,-1
    24a0:	0044a403          	lw	s0,4(s1) # 10000004 <xCriticalNesting>
    24a4:	04e78e63          	beq	a5,a4,2500 <xTaskCheckForTimeOut+0x88>
    24a8:	10005637          	lui	a2,0x10005
    24ac:	b7862603          	lw	a2,-1160(a2) # 10004b78 <xNumOfOverflows>
    24b0:	00052803          	lw	a6,0(a0)
    24b4:	00452703          	lw	a4,4(a0)
    24b8:	02c80863          	beq	a6,a2,24e8 <xTaskCheckForTimeOut+0x70>
    24bc:	02e6e663          	bltu	a3,a4,24e8 <xTaskCheckForTimeOut+0x70>
    24c0:	0005a023          	sw	zero,0(a1)
    24c4:	00100513          	addi	a0,zero,1
    24c8:	0084a223          	sw	s0,4(s1)
    24cc:	00041463          	bne	s0,zero,24d4 <xTaskCheckForTimeOut+0x5c>
    24d0:	30046073          	csrrsi	zero,mstatus,8
    24d4:	00c12083          	lw	ra,12(sp)
    24d8:	00812403          	lw	s0,8(sp)
    24dc:	00412483          	lw	s1,4(sp)
    24e0:	01010113          	addi	sp,sp,16
    24e4:	00008067          	jalr	zero,0(ra)
    24e8:	40e68633          	sub	a2,a3,a4
    24ec:	fcf67ae3          	bgeu	a2,a5,24c0 <xTaskCheckForTimeOut+0x48>
    24f0:	40d787b3          	sub	a5,a5,a3
    24f4:	00e787b3          	add	a5,a5,a4
    24f8:	00f5a023          	sw	a5,0(a1)
    24fc:	f61ff0ef          	jal	ra,245c <vTaskInternalSetTimeOutState>
    2500:	00000513          	addi	a0,zero,0
    2504:	fc5ff06f          	jal	zero,24c8 <xTaskCheckForTimeOut+0x50>

00002508 <vTaskMissedYield>:
    2508:	100057b7          	lui	a5,0x10005
    250c:	00100713          	addi	a4,zero,1
    2510:	b6e7ae23          	sw	a4,-1156(a5) # 10004b7c <xYieldPendings>
    2514:	00008067          	jalr	zero,0(ra)

00002518 <xTaskPriorityInherit>:
    2518:	12050863          	beq	a0,zero,2648 <xTaskPriorityInherit+0x130>
    251c:	fe010113          	addi	sp,sp,-32
    2520:	01212823          	sw	s2,16(sp)
    2524:	10005937          	lui	s2,0x10005
    2528:	ba092703          	lw	a4,-1120(s2) # 10004ba0 <pxCurrentTCB>
    252c:	02c52783          	lw	a5,44(a0)
    2530:	00112e23          	sw	ra,28(sp)
    2534:	02c72703          	lw	a4,44(a4)
    2538:	00812c23          	sw	s0,24(sp)
    253c:	00912a23          	sw	s1,20(sp)
    2540:	01312623          	sw	s3,12(sp)
    2544:	0ee7f863          	bgeu	a5,a4,2634 <xTaskPriorityInherit+0x11c>
    2548:	01852703          	lw	a4,24(a0)
    254c:	00074c63          	blt	a4,zero,2564 <xTaskPriorityInherit+0x4c>
    2550:	ba092703          	lw	a4,-1120(s2)
    2554:	02c72683          	lw	a3,44(a4)
    2558:	00500713          	addi	a4,zero,5
    255c:	40d70733          	sub	a4,a4,a3
    2560:	00e52c23          	sw	a4,24(a0)
    2564:	01400713          	addi	a4,zero,20
    2568:	02e78733          	mul	a4,a5,a4
    256c:	acc18493          	addi	s1,gp,-1332 # 100002dc <pxReadyTasksLists>
    2570:	009707b3          	add	a5,a4,s1
    2574:	01452703          	lw	a4,20(a0)
    2578:	0af71663          	bne	a4,a5,2624 <xTaskPriorityInherit+0x10c>
    257c:	00450993          	addi	s3,a0,4
    2580:	00050413          	addi	s0,a0,0
    2584:	00098513          	addi	a0,s3,0
    2588:	4c1000ef          	jal	ra,3248 <uxListRemove>
    258c:	100056b7          	lui	a3,0x10005
    2590:	02051063          	bne	a0,zero,25b0 <xTaskPriorityInherit+0x98>
    2594:	02c42603          	lw	a2,44(s0)
    2598:	b886a703          	lw	a4,-1144(a3) # 10004b88 <uxTopReadyPriority>
    259c:	00100793          	addi	a5,zero,1
    25a0:	00c797b3          	sll	a5,a5,a2
    25a4:	fff7c793          	xori	a5,a5,-1
    25a8:	00e7f7b3          	and	a5,a5,a4
    25ac:	b8f6a423          	sw	a5,-1144(a3)
    25b0:	ba092783          	lw	a5,-1120(s2)
    25b4:	b886a603          	lw	a2,-1144(a3)
    25b8:	00100713          	addi	a4,zero,1
    25bc:	02c7a783          	lw	a5,44(a5)
    25c0:	00f71733          	sll	a4,a4,a5
    25c4:	00c76733          	or	a4,a4,a2
    25c8:	b8e6a423          	sw	a4,-1144(a3)
    25cc:	01400713          	addi	a4,zero,20
    25d0:	02f42623          	sw	a5,44(s0)
    25d4:	02e787b3          	mul	a5,a5,a4
    25d8:	00f487b3          	add	a5,s1,a5
    25dc:	0047a703          	lw	a4,4(a5)
    25e0:	00e42423          	sw	a4,8(s0)
    25e4:	00872683          	lw	a3,8(a4)
    25e8:	00d42623          	sw	a3,12(s0)
    25ec:	0136a223          	sw	s3,4(a3)
    25f0:	01372423          	sw	s3,8(a4)
    25f4:	0007a703          	lw	a4,0(a5)
    25f8:	00f42a23          	sw	a5,20(s0)
    25fc:	00170713          	addi	a4,a4,1
    2600:	00e7a023          	sw	a4,0(a5)
    2604:	00100513          	addi	a0,zero,1
    2608:	01c12083          	lw	ra,28(sp)
    260c:	01812403          	lw	s0,24(sp)
    2610:	01412483          	lw	s1,20(sp)
    2614:	01012903          	lw	s2,16(sp)
    2618:	00c12983          	lw	s3,12(sp)
    261c:	02010113          	addi	sp,sp,32
    2620:	00008067          	jalr	zero,0(ra)
    2624:	ba092783          	lw	a5,-1120(s2)
    2628:	02c7a783          	lw	a5,44(a5)
    262c:	02f52623          	sw	a5,44(a0)
    2630:	fd5ff06f          	jal	zero,2604 <xTaskPriorityInherit+0xec>
    2634:	ba092783          	lw	a5,-1120(s2)
    2638:	04452503          	lw	a0,68(a0)
    263c:	02c7a783          	lw	a5,44(a5)
    2640:	00f53533          	sltu	a0,a0,a5
    2644:	fc5ff06f          	jal	zero,2608 <xTaskPriorityInherit+0xf0>
    2648:	00008067          	jalr	zero,0(ra)

0000264c <xTaskPriorityDisinherit>:
    264c:	00051663          	bne	a0,zero,2658 <xTaskPriorityDisinherit+0xc>
    2650:	00000513          	addi	a0,zero,0
    2654:	00008067          	jalr	zero,0(ra)
    2658:	04852783          	lw	a5,72(a0)
    265c:	02c52683          	lw	a3,44(a0)
    2660:	04452703          	lw	a4,68(a0)
    2664:	fff78793          	addi	a5,a5,-1
    2668:	04f52423          	sw	a5,72(a0)
    266c:	fee682e3          	beq	a3,a4,2650 <xTaskPriorityDisinherit+0x4>
    2670:	fe0790e3          	bne	a5,zero,2650 <xTaskPriorityDisinherit+0x4>
    2674:	ff010113          	addi	sp,sp,-16
    2678:	00912223          	sw	s1,4(sp)
    267c:	00450493          	addi	s1,a0,4
    2680:	00812423          	sw	s0,8(sp)
    2684:	00050413          	addi	s0,a0,0
    2688:	00048513          	addi	a0,s1,0
    268c:	00112623          	sw	ra,12(sp)
    2690:	3b9000ef          	jal	ra,3248 <uxListRemove>
    2694:	100056b7          	lui	a3,0x10005
    2698:	02051063          	bne	a0,zero,26b8 <xTaskPriorityDisinherit+0x6c>
    269c:	02c42603          	lw	a2,44(s0)
    26a0:	b886a703          	lw	a4,-1144(a3) # 10004b88 <uxTopReadyPriority>
    26a4:	00100793          	addi	a5,zero,1
    26a8:	00c797b3          	sll	a5,a5,a2
    26ac:	fff7c793          	xori	a5,a5,-1
    26b0:	00e7f7b3          	and	a5,a5,a4
    26b4:	b8f6a423          	sw	a5,-1144(a3)
    26b8:	04442703          	lw	a4,68(s0)
    26bc:	b886a603          	lw	a2,-1144(a3)
    26c0:	00500793          	addi	a5,zero,5
    26c4:	40e787b3          	sub	a5,a5,a4
    26c8:	00100513          	addi	a0,zero,1
    26cc:	00f42c23          	sw	a5,24(s0)
    26d0:	00e517b3          	sll	a5,a0,a4
    26d4:	00c7e7b3          	or	a5,a5,a2
    26d8:	b8f6a423          	sw	a5,-1144(a3)
    26dc:	01400693          	addi	a3,zero,20
    26e0:	02e42623          	sw	a4,44(s0)
    26e4:	02d70733          	mul	a4,a4,a3
    26e8:	acc18793          	addi	a5,gp,-1332 # 100002dc <pxReadyTasksLists>
    26ec:	00c12083          	lw	ra,12(sp)
    26f0:	00e787b3          	add	a5,a5,a4
    26f4:	0047a703          	lw	a4,4(a5)
    26f8:	00e42423          	sw	a4,8(s0)
    26fc:	00872683          	lw	a3,8(a4)
    2700:	00d42623          	sw	a3,12(s0)
    2704:	0096a223          	sw	s1,4(a3)
    2708:	00972423          	sw	s1,8(a4)
    270c:	0007a703          	lw	a4,0(a5)
    2710:	00f42a23          	sw	a5,20(s0)
    2714:	00812403          	lw	s0,8(sp)
    2718:	00a70733          	add	a4,a4,a0
    271c:	00e7a023          	sw	a4,0(a5)
    2720:	00412483          	lw	s1,4(sp)
    2724:	01010113          	addi	sp,sp,16
    2728:	00008067          	jalr	zero,0(ra)

0000272c <vTaskPriorityDisinheritAfterTimeout>:
    272c:	10050263          	beq	a0,zero,2830 <vTaskPriorityDisinheritAfterTimeout+0x104>
    2730:	04452783          	lw	a5,68(a0)
    2734:	fe010113          	addi	sp,sp,-32
    2738:	00112e23          	sw	ra,28(sp)
    273c:	00812c23          	sw	s0,24(sp)
    2740:	00912a23          	sw	s1,20(sp)
    2744:	01212823          	sw	s2,16(sp)
    2748:	01312623          	sw	s3,12(sp)
    274c:	00b7f463          	bgeu	a5,a1,2754 <vTaskPriorityDisinheritAfterTimeout+0x28>
    2750:	00058793          	addi	a5,a1,0
    2754:	02c52983          	lw	s3,44(a0)
    2758:	0af98e63          	beq	s3,a5,2814 <vTaskPriorityDisinheritAfterTimeout+0xe8>
    275c:	04852683          	lw	a3,72(a0)
    2760:	00100713          	addi	a4,zero,1
    2764:	0ae69863          	bne	a3,a4,2814 <vTaskPriorityDisinheritAfterTimeout+0xe8>
    2768:	01852703          	lw	a4,24(a0)
    276c:	02f52623          	sw	a5,44(a0)
    2770:	00074863          	blt	a4,zero,2780 <vTaskPriorityDisinheritAfterTimeout+0x54>
    2774:	00500713          	addi	a4,zero,5
    2778:	40f707b3          	sub	a5,a4,a5
    277c:	00f52c23          	sw	a5,24(a0)
    2780:	01400793          	addi	a5,zero,20
    2784:	02f98733          	mul	a4,s3,a5
    2788:	acc18493          	addi	s1,gp,-1332 # 100002dc <pxReadyTasksLists>
    278c:	009707b3          	add	a5,a4,s1
    2790:	01452703          	lw	a4,20(a0)
    2794:	08f71063          	bne	a4,a5,2814 <vTaskPriorityDisinheritAfterTimeout+0xe8>
    2798:	00450913          	addi	s2,a0,4
    279c:	00050413          	addi	s0,a0,0
    27a0:	00090513          	addi	a0,s2,0
    27a4:	2a5000ef          	jal	ra,3248 <uxListRemove>
    27a8:	100056b7          	lui	a3,0x10005
    27ac:	00051e63          	bne	a0,zero,27c8 <vTaskPriorityDisinheritAfterTimeout+0x9c>
    27b0:	b886a703          	lw	a4,-1144(a3) # 10004b88 <uxTopReadyPriority>
    27b4:	00100793          	addi	a5,zero,1
    27b8:	013797b3          	sll	a5,a5,s3
    27bc:	fff7c793          	xori	a5,a5,-1
    27c0:	00e7f7b3          	and	a5,a5,a4
    27c4:	b8f6a423          	sw	a5,-1144(a3)
    27c8:	02c42703          	lw	a4,44(s0)
    27cc:	b886a603          	lw	a2,-1144(a3)
    27d0:	00100793          	addi	a5,zero,1
    27d4:	00e797b3          	sll	a5,a5,a4
    27d8:	00c7e7b3          	or	a5,a5,a2
    27dc:	b8f6a423          	sw	a5,-1144(a3)
    27e0:	01400793          	addi	a5,zero,20
    27e4:	02f70733          	mul	a4,a4,a5
    27e8:	00e487b3          	add	a5,s1,a4
    27ec:	0047a703          	lw	a4,4(a5)
    27f0:	00e42423          	sw	a4,8(s0)
    27f4:	00872683          	lw	a3,8(a4)
    27f8:	00d42623          	sw	a3,12(s0)
    27fc:	0126a223          	sw	s2,4(a3)
    2800:	01272423          	sw	s2,8(a4)
    2804:	0007a703          	lw	a4,0(a5)
    2808:	00f42a23          	sw	a5,20(s0)
    280c:	00170713          	addi	a4,a4,1
    2810:	00e7a023          	sw	a4,0(a5)
    2814:	01c12083          	lw	ra,28(sp)
    2818:	01812403          	lw	s0,24(sp)
    281c:	01412483          	lw	s1,20(sp)
    2820:	01012903          	lw	s2,16(sp)
    2824:	00c12983          	lw	s3,12(sp)
    2828:	02010113          	addi	sp,sp,32
    282c:	00008067          	jalr	zero,0(ra)
    2830:	00008067          	jalr	zero,0(ra)

00002834 <pvTaskIncrementMutexHeldCount>:
    2834:	100057b7          	lui	a5,0x10005
    2838:	ba07a503          	lw	a0,-1120(a5) # 10004ba0 <pxCurrentTCB>
    283c:	00050863          	beq	a0,zero,284c <pvTaskIncrementMutexHeldCount+0x18>
    2840:	04852783          	lw	a5,72(a0)
    2844:	00178793          	addi	a5,a5,1
    2848:	04f52423          	sw	a5,72(a0)
    284c:	00008067          	jalr	zero,0(ra)

00002850 <prvIsQueueEmpty>:
    2850:	30047073          	csrrci	zero,mstatus,8
    2854:	100007b7          	lui	a5,0x10000
    2858:	03852503          	lw	a0,56(a0)
    285c:	0047a783          	lw	a5,4(a5) # 10000004 <xCriticalNesting>
    2860:	00153513          	sltiu	a0,a0,1
    2864:	00079463          	bne	a5,zero,286c <prvIsQueueEmpty+0x1c>
    2868:	30046073          	csrrsi	zero,mstatus,8
    286c:	00008067          	jalr	zero,0(ra)

00002870 <prvCopyDataToQueue>:
    2870:	ff010113          	addi	sp,sp,-16
    2874:	01212023          	sw	s2,0(sp)
    2878:	00060913          	addi	s2,a2,0
    287c:	04052603          	lw	a2,64(a0)
    2880:	00912223          	sw	s1,4(sp)
    2884:	03852483          	lw	s1,56(a0)
    2888:	00812423          	sw	s0,8(sp)
    288c:	00112623          	sw	ra,12(sp)
    2890:	00050413          	addi	s0,a0,0
    2894:	04061063          	bne	a2,zero,28d4 <prvCopyDataToQueue+0x64>
    2898:	00052783          	lw	a5,0(a0)
    289c:	02078463          	beq	a5,zero,28c4 <prvCopyDataToQueue+0x54>
    28a0:	00000513          	addi	a0,zero,0
    28a4:	00148493          	addi	s1,s1,1
    28a8:	02942c23          	sw	s1,56(s0)
    28ac:	00c12083          	lw	ra,12(sp)
    28b0:	00812403          	lw	s0,8(sp)
    28b4:	00412483          	lw	s1,4(sp)
    28b8:	00012903          	lw	s2,0(sp)
    28bc:	01010113          	addi	sp,sp,16
    28c0:	00008067          	jalr	zero,0(ra)
    28c4:	00852503          	lw	a0,8(a0)
    28c8:	d85ff0ef          	jal	ra,264c <xTaskPriorityDisinherit>
    28cc:	00042423          	sw	zero,8(s0)
    28d0:	fd5ff06f          	jal	zero,28a4 <prvCopyDataToQueue+0x34>
    28d4:	02091863          	bne	s2,zero,2904 <prvCopyDataToQueue+0x94>
    28d8:	00452503          	lw	a0,4(a0)
    28dc:	fb8fd0ef          	jal	ra,94 <memcpy>
    28e0:	00442783          	lw	a5,4(s0)
    28e4:	04042703          	lw	a4,64(s0)
    28e8:	00e787b3          	add	a5,a5,a4
    28ec:	00842703          	lw	a4,8(s0)
    28f0:	00f42223          	sw	a5,4(s0)
    28f4:	fae7e6e3          	bltu	a5,a4,28a0 <prvCopyDataToQueue+0x30>
    28f8:	00042783          	lw	a5,0(s0)
    28fc:	00f42223          	sw	a5,4(s0)
    2900:	fa1ff06f          	jal	zero,28a0 <prvCopyDataToQueue+0x30>
    2904:	00c52503          	lw	a0,12(a0)
    2908:	f8cfd0ef          	jal	ra,94 <memcpy>
    290c:	00c42783          	lw	a5,12(s0)
    2910:	04042703          	lw	a4,64(s0)
    2914:	00042683          	lw	a3,0(s0)
    2918:	40e787b3          	sub	a5,a5,a4
    291c:	00f42623          	sw	a5,12(s0)
    2920:	00d7f863          	bgeu	a5,a3,2930 <prvCopyDataToQueue+0xc0>
    2924:	00842783          	lw	a5,8(s0)
    2928:	40e787b3          	sub	a5,a5,a4
    292c:	00f42623          	sw	a5,12(s0)
    2930:	00200793          	addi	a5,zero,2
    2934:	00000513          	addi	a0,zero,0
    2938:	f6f916e3          	bne	s2,a5,28a4 <prvCopyDataToQueue+0x34>
    293c:	009037b3          	sltu	a5,zero,s1
    2940:	40f484b3          	sub	s1,s1,a5
    2944:	f61ff06f          	jal	zero,28a4 <prvCopyDataToQueue+0x34>

00002948 <prvCopyDataFromQueue>:
    2948:	00050793          	addi	a5,a0,0
    294c:	0407a603          	lw	a2,64(a5)
    2950:	00058513          	addi	a0,a1,0
    2954:	02060263          	beq	a2,zero,2978 <prvCopyDataFromQueue+0x30>
    2958:	00c7a583          	lw	a1,12(a5)
    295c:	0087a703          	lw	a4,8(a5)
    2960:	00c585b3          	add	a1,a1,a2
    2964:	00b7a623          	sw	a1,12(a5)
    2968:	00e5e663          	bltu	a1,a4,2974 <prvCopyDataFromQueue+0x2c>
    296c:	0007a583          	lw	a1,0(a5)
    2970:	00b7a623          	sw	a1,12(a5)
    2974:	f20fd06f          	jal	zero,94 <memcpy>
    2978:	00008067          	jalr	zero,0(ra)

0000297c <prvUnlockQueue>:
    297c:	fe010113          	addi	sp,sp,-32
    2980:	00812c23          	sw	s0,24(sp)
    2984:	00112e23          	sw	ra,28(sp)
    2988:	00912a23          	sw	s1,20(sp)
    298c:	01212823          	sw	s2,16(sp)
    2990:	01312623          	sw	s3,12(sp)
    2994:	00050413          	addi	s0,a0,0
    2998:	30047073          	csrrci	zero,mstatus,8
    299c:	100004b7          	lui	s1,0x10000
    29a0:	0044a783          	lw	a5,4(s1) # 10000004 <xCriticalNesting>
    29a4:	04554903          	lbu	s2,69(a0)
    29a8:	00178793          	addi	a5,a5,1
    29ac:	00f4a223          	sw	a5,4(s1)
    29b0:	01891913          	slli	s2,s2,0x18
    29b4:	41895913          	srai	s2,s2,0x18
    29b8:	01205663          	bge	zero,s2,29c4 <prvUnlockQueue+0x48>
    29bc:	02442783          	lw	a5,36(s0)
    29c0:	06079c63          	bne	a5,zero,2a38 <prvUnlockQueue+0xbc>
    29c4:	fff00793          	addi	a5,zero,-1
    29c8:	04f402a3          	sb	a5,69(s0)
    29cc:	0044a783          	lw	a5,4(s1)
    29d0:	fff78793          	addi	a5,a5,-1
    29d4:	00f4a223          	sw	a5,4(s1)
    29d8:	06078c63          	beq	a5,zero,2a50 <prvUnlockQueue+0xd4>
    29dc:	30047073          	csrrci	zero,mstatus,8
    29e0:	0044a783          	lw	a5,4(s1)
    29e4:	04444903          	lbu	s2,68(s0)
    29e8:	00178793          	addi	a5,a5,1
    29ec:	00f4a223          	sw	a5,4(s1)
    29f0:	01891913          	slli	s2,s2,0x18
    29f4:	41895913          	srai	s2,s2,0x18
    29f8:	01205663          	bge	zero,s2,2a04 <prvUnlockQueue+0x88>
    29fc:	01042783          	lw	a5,16(s0)
    2a00:	04079c63          	bne	a5,zero,2a58 <prvUnlockQueue+0xdc>
    2a04:	fff00793          	addi	a5,zero,-1
    2a08:	04f40223          	sb	a5,68(s0)
    2a0c:	0044a783          	lw	a5,4(s1)
    2a10:	fff78793          	addi	a5,a5,-1
    2a14:	00f4a223          	sw	a5,4(s1)
    2a18:	04078c63          	beq	a5,zero,2a70 <prvUnlockQueue+0xf4>
    2a1c:	01c12083          	lw	ra,28(sp)
    2a20:	01812403          	lw	s0,24(sp)
    2a24:	01412483          	lw	s1,20(sp)
    2a28:	01012903          	lw	s2,16(sp)
    2a2c:	00c12983          	lw	s3,12(sp)
    2a30:	02010113          	addi	sp,sp,32
    2a34:	00008067          	jalr	zero,0(ra)
    2a38:	02440513          	addi	a0,s0,36
    2a3c:	8f9ff0ef          	jal	ra,2334 <xTaskRemoveFromEventList>
    2a40:	00050463          	beq	a0,zero,2a48 <prvUnlockQueue+0xcc>
    2a44:	ac5ff0ef          	jal	ra,2508 <vTaskMissedYield>
    2a48:	fff90913          	addi	s2,s2,-1
    2a4c:	f65ff06f          	jal	zero,29b0 <prvUnlockQueue+0x34>
    2a50:	30046073          	csrrsi	zero,mstatus,8
    2a54:	f89ff06f          	jal	zero,29dc <prvUnlockQueue+0x60>
    2a58:	01040513          	addi	a0,s0,16
    2a5c:	8d9ff0ef          	jal	ra,2334 <xTaskRemoveFromEventList>
    2a60:	00050463          	beq	a0,zero,2a68 <prvUnlockQueue+0xec>
    2a64:	aa5ff0ef          	jal	ra,2508 <vTaskMissedYield>
    2a68:	fff90913          	addi	s2,s2,-1
    2a6c:	f85ff06f          	jal	zero,29f0 <prvUnlockQueue+0x74>
    2a70:	30046073          	csrrsi	zero,mstatus,8
    2a74:	fa9ff06f          	jal	zero,2a1c <prvUnlockQueue+0xa0>

00002a78 <xQueueGenericReset>:
    2a78:	0c050c63          	beq	a0,zero,2b50 <xQueueGenericReset+0xd8>
    2a7c:	03c52783          	lw	a5,60(a0)
    2a80:	ff010113          	addi	sp,sp,-16
    2a84:	00812423          	sw	s0,8(sp)
    2a88:	00112623          	sw	ra,12(sp)
    2a8c:	00912223          	sw	s1,4(sp)
    2a90:	00050413          	addi	s0,a0,0
    2a94:	00000513          	addi	a0,zero,0
    2a98:	08078863          	beq	a5,zero,2b28 <xQueueGenericReset+0xb0>
    2a9c:	04042703          	lw	a4,64(s0)
    2aa0:	02e7b7b3          	mulhu	a5,a5,a4
    2aa4:	08079263          	bne	a5,zero,2b28 <xQueueGenericReset+0xb0>
    2aa8:	30047073          	csrrci	zero,mstatus,8
    2aac:	100004b7          	lui	s1,0x10000
    2ab0:	0044a783          	lw	a5,4(s1) # 10000004 <xCriticalNesting>
    2ab4:	04042683          	lw	a3,64(s0)
    2ab8:	00042703          	lw	a4,0(s0)
    2abc:	00178793          	addi	a5,a5,1
    2ac0:	00f4a223          	sw	a5,4(s1)
    2ac4:	03c42783          	lw	a5,60(s0)
    2ac8:	02042c23          	sw	zero,56(s0)
    2acc:	00e42223          	sw	a4,4(s0)
    2ad0:	02f687b3          	mul	a5,a3,a5
    2ad4:	00f70633          	add	a2,a4,a5
    2ad8:	40d787b3          	sub	a5,a5,a3
    2adc:	00f70733          	add	a4,a4,a5
    2ae0:	fff00793          	addi	a5,zero,-1
    2ae4:	04f40223          	sb	a5,68(s0)
    2ae8:	00c42423          	sw	a2,8(s0)
    2aec:	00e42623          	sw	a4,12(s0)
    2af0:	04f402a3          	sb	a5,69(s0)
    2af4:	04059463          	bne	a1,zero,2b3c <xQueueGenericReset+0xc4>
    2af8:	01042783          	lw	a5,16(s0)
    2afc:	00078a63          	beq	a5,zero,2b10 <xQueueGenericReset+0x98>
    2b00:	01040513          	addi	a0,s0,16
    2b04:	831ff0ef          	jal	ra,2334 <xTaskRemoveFromEventList>
    2b08:	00050463          	beq	a0,zero,2b10 <xQueueGenericReset+0x98>
    2b0c:	00000073          	ecall
    2b10:	0044a783          	lw	a5,4(s1)
    2b14:	fff78793          	addi	a5,a5,-1
    2b18:	00f4a223          	sw	a5,4(s1)
    2b1c:	00079463          	bne	a5,zero,2b24 <xQueueGenericReset+0xac>
    2b20:	30046073          	csrrsi	zero,mstatus,8
    2b24:	00100513          	addi	a0,zero,1
    2b28:	00c12083          	lw	ra,12(sp)
    2b2c:	00812403          	lw	s0,8(sp)
    2b30:	00412483          	lw	s1,4(sp)
    2b34:	01010113          	addi	sp,sp,16
    2b38:	00008067          	jalr	zero,0(ra)
    2b3c:	01040513          	addi	a0,s0,16
    2b40:	664000ef          	jal	ra,31a4 <vListInitialise>
    2b44:	02440513          	addi	a0,s0,36
    2b48:	65c000ef          	jal	ra,31a4 <vListInitialise>
    2b4c:	fc5ff06f          	jal	zero,2b10 <xQueueGenericReset+0x98>
    2b50:	00000513          	addi	a0,zero,0
    2b54:	00008067          	jalr	zero,0(ra)

00002b58 <xQueueGenericCreate>:
    2b58:	fe010113          	addi	sp,sp,-32
    2b5c:	00112e23          	sw	ra,28(sp)
    2b60:	00812c23          	sw	s0,24(sp)
    2b64:	00912a23          	sw	s1,20(sp)
    2b68:	02051063          	bne	a0,zero,2b88 <xQueueGenericCreate+0x30>
    2b6c:	00000413          	addi	s0,zero,0
    2b70:	01c12083          	lw	ra,28(sp)
    2b74:	00040513          	addi	a0,s0,0
    2b78:	01812403          	lw	s0,24(sp)
    2b7c:	01412483          	lw	s1,20(sp)
    2b80:	02010113          	addi	sp,sp,32
    2b84:	00008067          	jalr	zero,0(ra)
    2b88:	02b537b3          	mulhu	a5,a0,a1
    2b8c:	fe0790e3          	bne	a5,zero,2b6c <xQueueGenericCreate+0x14>
    2b90:	02b507b3          	mul	a5,a0,a1
    2b94:	fb700713          	addi	a4,zero,-73
    2b98:	fcf76ae3          	bltu	a4,a5,2b6c <xQueueGenericCreate+0x14>
    2b9c:	00050493          	addi	s1,a0,0
    2ba0:	04878513          	addi	a0,a5,72
    2ba4:	00b12623          	sw	a1,12(sp)
    2ba8:	349000ef          	jal	ra,36f0 <pvPortMalloc>
    2bac:	00050413          	addi	s0,a0,0
    2bb0:	fa050ee3          	beq	a0,zero,2b6c <xQueueGenericCreate+0x14>
    2bb4:	00c12583          	lw	a1,12(sp)
    2bb8:	00050793          	addi	a5,a0,0
    2bbc:	00058463          	beq	a1,zero,2bc4 <xQueueGenericCreate+0x6c>
    2bc0:	04850793          	addi	a5,a0,72
    2bc4:	04b42023          	sw	a1,64(s0)
    2bc8:	00f42023          	sw	a5,0(s0)
    2bcc:	02942e23          	sw	s1,60(s0)
    2bd0:	00100593          	addi	a1,zero,1
    2bd4:	00040513          	addi	a0,s0,0
    2bd8:	ea1ff0ef          	jal	ra,2a78 <xQueueGenericReset>
    2bdc:	f95ff06f          	jal	zero,2b70 <xQueueGenericCreate+0x18>

00002be0 <xQueueGenericSend>:
    2be0:	fc010113          	addi	sp,sp,-64
    2be4:	02812c23          	sw	s0,56(sp)
    2be8:	02912a23          	sw	s1,52(sp)
    2bec:	03212823          	sw	s2,48(sp)
    2bf0:	03312623          	sw	s3,44(sp)
    2bf4:	03412423          	sw	s4,40(sp)
    2bf8:	03612023          	sw	s6,32(sp)
    2bfc:	02112e23          	sw	ra,60(sp)
    2c00:	03512223          	sw	s5,36(sp)
    2c04:	00050413          	addi	s0,a0,0
    2c08:	00058b13          	addi	s6,a1,0
    2c0c:	00c12623          	sw	a2,12(sp)
    2c10:	00068a13          	addi	s4,a3,0
    2c14:	ffe68993          	addi	s3,a3,-2
    2c18:	00000713          	addi	a4,zero,0
    2c1c:	100004b7          	lui	s1,0x10000
    2c20:	fff00913          	addi	s2,zero,-1
    2c24:	30047073          	csrrci	zero,mstatus,8
    2c28:	0044a783          	lw	a5,4(s1) # 10000004 <xCriticalNesting>
    2c2c:	03842603          	lw	a2,56(s0)
    2c30:	00178693          	addi	a3,a5,1
    2c34:	00d4a223          	sw	a3,4(s1)
    2c38:	03c42683          	lw	a3,60(s0)
    2c3c:	00d66463          	bltu	a2,a3,2c44 <xQueueGenericSend+0x64>
    2c40:	06099663          	bne	s3,zero,2cac <xQueueGenericSend+0xcc>
    2c44:	000a0613          	addi	a2,s4,0
    2c48:	000b0593          	addi	a1,s6,0
    2c4c:	00040513          	addi	a0,s0,0
    2c50:	c21ff0ef          	jal	ra,2870 <prvCopyDataToQueue>
    2c54:	02442783          	lw	a5,36(s0)
    2c58:	00078663          	beq	a5,zero,2c64 <xQueueGenericSend+0x84>
    2c5c:	02440513          	addi	a0,s0,36
    2c60:	ed4ff0ef          	jal	ra,2334 <xTaskRemoveFromEventList>
    2c64:	00050463          	beq	a0,zero,2c6c <xQueueGenericSend+0x8c>
    2c68:	00000073          	ecall
    2c6c:	0044a783          	lw	a5,4(s1)
    2c70:	fff78793          	addi	a5,a5,-1
    2c74:	00f4a223          	sw	a5,4(s1)
    2c78:	00079463          	bne	a5,zero,2c80 <xQueueGenericSend+0xa0>
    2c7c:	30046073          	csrrsi	zero,mstatus,8
    2c80:	00100513          	addi	a0,zero,1
    2c84:	03c12083          	lw	ra,60(sp)
    2c88:	03812403          	lw	s0,56(sp)
    2c8c:	03412483          	lw	s1,52(sp)
    2c90:	03012903          	lw	s2,48(sp)
    2c94:	02c12983          	lw	s3,44(sp)
    2c98:	02812a03          	lw	s4,40(sp)
    2c9c:	02412a83          	lw	s5,36(sp)
    2ca0:	02012b03          	lw	s6,32(sp)
    2ca4:	04010113          	addi	sp,sp,64
    2ca8:	00008067          	jalr	zero,0(ra)
    2cac:	00c12683          	lw	a3,12(sp)
    2cb0:	00069c63          	bne	a3,zero,2cc8 <xQueueGenericSend+0xe8>
    2cb4:	00f4a223          	sw	a5,4(s1)
    2cb8:	00079463          	bne	a5,zero,2cc0 <xQueueGenericSend+0xe0>
    2cbc:	30046073          	csrrsi	zero,mstatus,8
    2cc0:	00000513          	addi	a0,zero,0
    2cc4:	fc1ff06f          	jal	zero,2c84 <xQueueGenericSend+0xa4>
    2cc8:	00071663          	bne	a4,zero,2cd4 <xQueueGenericSend+0xf4>
    2ccc:	01810513          	addi	a0,sp,24
    2cd0:	f8cff0ef          	jal	ra,245c <vTaskInternalSetTimeOutState>
    2cd4:	0044a783          	lw	a5,4(s1)
    2cd8:	fff78793          	addi	a5,a5,-1
    2cdc:	00f4a223          	sw	a5,4(s1)
    2ce0:	00079463          	bne	a5,zero,2ce8 <xQueueGenericSend+0x108>
    2ce4:	30046073          	csrrsi	zero,mstatus,8
    2ce8:	fedfe0ef          	jal	ra,1cd4 <vTaskSuspendAll>
    2cec:	30047073          	csrrci	zero,mstatus,8
    2cf0:	04444783          	lbu	a5,68(s0)
    2cf4:	0044a703          	lw	a4,4(s1)
    2cf8:	01879793          	slli	a5,a5,0x18
    2cfc:	4187d793          	srai	a5,a5,0x18
    2d00:	01279463          	bne	a5,s2,2d08 <xQueueGenericSend+0x128>
    2d04:	04040223          	sb	zero,68(s0)
    2d08:	04544783          	lbu	a5,69(s0)
    2d0c:	01879793          	slli	a5,a5,0x18
    2d10:	4187d793          	srai	a5,a5,0x18
    2d14:	01279463          	bne	a5,s2,2d1c <xQueueGenericSend+0x13c>
    2d18:	040402a3          	sb	zero,69(s0)
    2d1c:	00071463          	bne	a4,zero,2d24 <xQueueGenericSend+0x144>
    2d20:	30046073          	csrrsi	zero,mstatus,8
    2d24:	00c10593          	addi	a1,sp,12
    2d28:	01810513          	addi	a0,sp,24
    2d2c:	f4cff0ef          	jal	ra,2478 <xTaskCheckForTimeOut>
    2d30:	04051c63          	bne	a0,zero,2d88 <xQueueGenericSend+0x1a8>
    2d34:	30047073          	csrrci	zero,mstatus,8
    2d38:	0044a683          	lw	a3,4(s1)
    2d3c:	03842703          	lw	a4,56(s0)
    2d40:	03c42783          	lw	a5,60(s0)
    2d44:	00069463          	bne	a3,zero,2d4c <xQueueGenericSend+0x16c>
    2d48:	30046073          	csrrsi	zero,mstatus,8
    2d4c:	02f71663          	bne	a4,a5,2d78 <xQueueGenericSend+0x198>
    2d50:	00c12583          	lw	a1,12(sp)
    2d54:	01040513          	addi	a0,s0,16
    2d58:	da4ff0ef          	jal	ra,22fc <vTaskPlaceOnEventList>
    2d5c:	00040513          	addi	a0,s0,0
    2d60:	c1dff0ef          	jal	ra,297c <prvUnlockQueue>
    2d64:	98cff0ef          	jal	ra,1ef0 <xTaskResumeAll>
    2d68:	00051463          	bne	a0,zero,2d70 <xQueueGenericSend+0x190>
    2d6c:	00000073          	ecall
    2d70:	00100713          	addi	a4,zero,1
    2d74:	eb1ff06f          	jal	zero,2c24 <xQueueGenericSend+0x44>
    2d78:	00040513          	addi	a0,s0,0
    2d7c:	c01ff0ef          	jal	ra,297c <prvUnlockQueue>
    2d80:	970ff0ef          	jal	ra,1ef0 <xTaskResumeAll>
    2d84:	fedff06f          	jal	zero,2d70 <xQueueGenericSend+0x190>
    2d88:	00040513          	addi	a0,s0,0
    2d8c:	bf1ff0ef          	jal	ra,297c <prvUnlockQueue>
    2d90:	960ff0ef          	jal	ra,1ef0 <xTaskResumeAll>
    2d94:	f2dff06f          	jal	zero,2cc0 <xQueueGenericSend+0xe0>

00002d98 <xQueueCreateMutex>:
    2d98:	ff010113          	addi	sp,sp,-16
    2d9c:	00050613          	addi	a2,a0,0
    2da0:	00000593          	addi	a1,zero,0
    2da4:	00100513          	addi	a0,zero,1
    2da8:	00812423          	sw	s0,8(sp)
    2dac:	00112623          	sw	ra,12(sp)
    2db0:	da9ff0ef          	jal	ra,2b58 <xQueueGenericCreate>
    2db4:	00050413          	addi	s0,a0,0
    2db8:	02050063          	beq	a0,zero,2dd8 <xQueueCreateMutex+0x40>
    2dbc:	00052423          	sw	zero,8(a0)
    2dc0:	00052023          	sw	zero,0(a0)
    2dc4:	00052623          	sw	zero,12(a0)
    2dc8:	00000693          	addi	a3,zero,0
    2dcc:	00000613          	addi	a2,zero,0
    2dd0:	00000593          	addi	a1,zero,0
    2dd4:	e0dff0ef          	jal	ra,2be0 <xQueueGenericSend>
    2dd8:	00c12083          	lw	ra,12(sp)
    2ddc:	00040513          	addi	a0,s0,0
    2de0:	00812403          	lw	s0,8(sp)
    2de4:	01010113          	addi	sp,sp,16
    2de8:	00008067          	jalr	zero,0(ra)

00002dec <xQueueReceive>:
    2dec:	fc010113          	addi	sp,sp,-64
    2df0:	02812c23          	sw	s0,56(sp)
    2df4:	02912a23          	sw	s1,52(sp)
    2df8:	03312623          	sw	s3,44(sp)
    2dfc:	03512223          	sw	s5,36(sp)
    2e00:	02112e23          	sw	ra,60(sp)
    2e04:	03212823          	sw	s2,48(sp)
    2e08:	03412423          	sw	s4,40(sp)
    2e0c:	00050413          	addi	s0,a0,0
    2e10:	00058a93          	addi	s5,a1,0
    2e14:	00c12623          	sw	a2,12(sp)
    2e18:	00000713          	addi	a4,zero,0
    2e1c:	100004b7          	lui	s1,0x10000
    2e20:	fff00993          	addi	s3,zero,-1
    2e24:	30047073          	csrrci	zero,mstatus,8
    2e28:	0044a783          	lw	a5,4(s1) # 10000004 <xCriticalNesting>
    2e2c:	03842903          	lw	s2,56(s0)
    2e30:	00178693          	addi	a3,a5,1
    2e34:	00d4a223          	sw	a3,4(s1)
    2e38:	06090663          	beq	s2,zero,2ea4 <xQueueReceive+0xb8>
    2e3c:	000a8593          	addi	a1,s5,0
    2e40:	00040513          	addi	a0,s0,0
    2e44:	b05ff0ef          	jal	ra,2948 <prvCopyDataFromQueue>
    2e48:	01042783          	lw	a5,16(s0)
    2e4c:	fff90913          	addi	s2,s2,-1
    2e50:	03242c23          	sw	s2,56(s0)
    2e54:	00078a63          	beq	a5,zero,2e68 <xQueueReceive+0x7c>
    2e58:	01040513          	addi	a0,s0,16
    2e5c:	cd8ff0ef          	jal	ra,2334 <xTaskRemoveFromEventList>
    2e60:	00050463          	beq	a0,zero,2e68 <xQueueReceive+0x7c>
    2e64:	00000073          	ecall
    2e68:	0044a783          	lw	a5,4(s1)
    2e6c:	fff78793          	addi	a5,a5,-1
    2e70:	00f4a223          	sw	a5,4(s1)
    2e74:	00079463          	bne	a5,zero,2e7c <xQueueReceive+0x90>
    2e78:	30046073          	csrrsi	zero,mstatus,8
    2e7c:	00100513          	addi	a0,zero,1
    2e80:	03c12083          	lw	ra,60(sp)
    2e84:	03812403          	lw	s0,56(sp)
    2e88:	03412483          	lw	s1,52(sp)
    2e8c:	03012903          	lw	s2,48(sp)
    2e90:	02c12983          	lw	s3,44(sp)
    2e94:	02812a03          	lw	s4,40(sp)
    2e98:	02412a83          	lw	s5,36(sp)
    2e9c:	04010113          	addi	sp,sp,64
    2ea0:	00008067          	jalr	zero,0(ra)
    2ea4:	00c12683          	lw	a3,12(sp)
    2ea8:	00069c63          	bne	a3,zero,2ec0 <xQueueReceive+0xd4>
    2eac:	00f4a223          	sw	a5,4(s1)
    2eb0:	00079463          	bne	a5,zero,2eb8 <xQueueReceive+0xcc>
    2eb4:	30046073          	csrrsi	zero,mstatus,8
    2eb8:	00000513          	addi	a0,zero,0
    2ebc:	fc5ff06f          	jal	zero,2e80 <xQueueReceive+0x94>
    2ec0:	00071663          	bne	a4,zero,2ecc <xQueueReceive+0xe0>
    2ec4:	01810513          	addi	a0,sp,24
    2ec8:	d94ff0ef          	jal	ra,245c <vTaskInternalSetTimeOutState>
    2ecc:	0044a783          	lw	a5,4(s1)
    2ed0:	fff78793          	addi	a5,a5,-1
    2ed4:	00f4a223          	sw	a5,4(s1)
    2ed8:	00079463          	bne	a5,zero,2ee0 <xQueueReceive+0xf4>
    2edc:	30046073          	csrrsi	zero,mstatus,8
    2ee0:	df5fe0ef          	jal	ra,1cd4 <vTaskSuspendAll>
    2ee4:	30047073          	csrrci	zero,mstatus,8
    2ee8:	04444783          	lbu	a5,68(s0)
    2eec:	0044a703          	lw	a4,4(s1)
    2ef0:	01879793          	slli	a5,a5,0x18
    2ef4:	4187d793          	srai	a5,a5,0x18
    2ef8:	01379463          	bne	a5,s3,2f00 <xQueueReceive+0x114>
    2efc:	04040223          	sb	zero,68(s0)
    2f00:	04544783          	lbu	a5,69(s0)
    2f04:	01879793          	slli	a5,a5,0x18
    2f08:	4187d793          	srai	a5,a5,0x18
    2f0c:	01379463          	bne	a5,s3,2f14 <xQueueReceive+0x128>
    2f10:	040402a3          	sb	zero,69(s0)
    2f14:	00071463          	bne	a4,zero,2f1c <xQueueReceive+0x130>
    2f18:	30046073          	csrrsi	zero,mstatus,8
    2f1c:	00c10593          	addi	a1,sp,12
    2f20:	01810513          	addi	a0,sp,24
    2f24:	d54ff0ef          	jal	ra,2478 <xTaskCheckForTimeOut>
    2f28:	04051463          	bne	a0,zero,2f70 <xQueueReceive+0x184>
    2f2c:	00040513          	addi	a0,s0,0
    2f30:	921ff0ef          	jal	ra,2850 <prvIsQueueEmpty>
    2f34:	02050663          	beq	a0,zero,2f60 <xQueueReceive+0x174>
    2f38:	00c12583          	lw	a1,12(sp)
    2f3c:	02440513          	addi	a0,s0,36
    2f40:	bbcff0ef          	jal	ra,22fc <vTaskPlaceOnEventList>
    2f44:	00040513          	addi	a0,s0,0
    2f48:	a35ff0ef          	jal	ra,297c <prvUnlockQueue>
    2f4c:	fa5fe0ef          	jal	ra,1ef0 <xTaskResumeAll>
    2f50:	00051463          	bne	a0,zero,2f58 <xQueueReceive+0x16c>
    2f54:	00000073          	ecall
    2f58:	00100713          	addi	a4,zero,1
    2f5c:	ec9ff06f          	jal	zero,2e24 <xQueueReceive+0x38>
    2f60:	00040513          	addi	a0,s0,0
    2f64:	a19ff0ef          	jal	ra,297c <prvUnlockQueue>
    2f68:	f89fe0ef          	jal	ra,1ef0 <xTaskResumeAll>
    2f6c:	fedff06f          	jal	zero,2f58 <xQueueReceive+0x16c>
    2f70:	00040513          	addi	a0,s0,0
    2f74:	a09ff0ef          	jal	ra,297c <prvUnlockQueue>
    2f78:	f79fe0ef          	jal	ra,1ef0 <xTaskResumeAll>
    2f7c:	00040513          	addi	a0,s0,0
    2f80:	8d1ff0ef          	jal	ra,2850 <prvIsQueueEmpty>
    2f84:	fc050ae3          	beq	a0,zero,2f58 <xQueueReceive+0x16c>
    2f88:	f31ff06f          	jal	zero,2eb8 <xQueueReceive+0xcc>

00002f8c <xQueueSemaphoreTake>:
    2f8c:	fc010113          	addi	sp,sp,-64
    2f90:	02812c23          	sw	s0,56(sp)
    2f94:	02912a23          	sw	s1,52(sp)
    2f98:	03212823          	sw	s2,48(sp)
    2f9c:	03312623          	sw	s3,44(sp)
    2fa0:	02112e23          	sw	ra,60(sp)
    2fa4:	03412423          	sw	s4,40(sp)
    2fa8:	00050413          	addi	s0,a0,0
    2fac:	00b12623          	sw	a1,12(sp)
    2fb0:	00000913          	addi	s2,zero,0
    2fb4:	00000693          	addi	a3,zero,0
    2fb8:	100004b7          	lui	s1,0x10000
    2fbc:	fff00993          	addi	s3,zero,-1
    2fc0:	30047073          	csrrci	zero,mstatus,8
    2fc4:	0044a703          	lw	a4,4(s1) # 10000004 <xCriticalNesting>
    2fc8:	00170793          	addi	a5,a4,1
    2fcc:	00f4a223          	sw	a5,4(s1)
    2fd0:	03842783          	lw	a5,56(s0)
    2fd4:	04078863          	beq	a5,zero,3024 <xQueueSemaphoreTake+0x98>
    2fd8:	fff78793          	addi	a5,a5,-1
    2fdc:	02f42c23          	sw	a5,56(s0)
    2fe0:	00042783          	lw	a5,0(s0)
    2fe4:	00079663          	bne	a5,zero,2ff0 <xQueueSemaphoreTake+0x64>
    2fe8:	84dff0ef          	jal	ra,2834 <pvTaskIncrementMutexHeldCount>
    2fec:	00a42423          	sw	a0,8(s0)
    2ff0:	01042783          	lw	a5,16(s0)
    2ff4:	00078a63          	beq	a5,zero,3008 <xQueueSemaphoreTake+0x7c>
    2ff8:	01040513          	addi	a0,s0,16
    2ffc:	b38ff0ef          	jal	ra,2334 <xTaskRemoveFromEventList>
    3000:	00050463          	beq	a0,zero,3008 <xQueueSemaphoreTake+0x7c>
    3004:	00000073          	ecall
    3008:	0044a783          	lw	a5,4(s1)
    300c:	fff78793          	addi	a5,a5,-1
    3010:	00f4a223          	sw	a5,4(s1)
    3014:	00079463          	bne	a5,zero,301c <xQueueSemaphoreTake+0x90>
    3018:	30046073          	csrrsi	zero,mstatus,8
    301c:	00100513          	addi	a0,zero,1
    3020:	0180006f          	jal	zero,3038 <xQueueSemaphoreTake+0xac>
    3024:	00c12783          	lw	a5,12(sp)
    3028:	02079863          	bne	a5,zero,3058 <xQueueSemaphoreTake+0xcc>
    302c:	00e4a223          	sw	a4,4(s1)
    3030:	16070663          	beq	a4,zero,319c <xQueueSemaphoreTake+0x210>
    3034:	00000513          	addi	a0,zero,0
    3038:	03c12083          	lw	ra,60(sp)
    303c:	03812403          	lw	s0,56(sp)
    3040:	03412483          	lw	s1,52(sp)
    3044:	03012903          	lw	s2,48(sp)
    3048:	02c12983          	lw	s3,44(sp)
    304c:	02812a03          	lw	s4,40(sp)
    3050:	04010113          	addi	sp,sp,64
    3054:	00008067          	jalr	zero,0(ra)
    3058:	00069663          	bne	a3,zero,3064 <xQueueSemaphoreTake+0xd8>
    305c:	01810513          	addi	a0,sp,24
    3060:	bfcff0ef          	jal	ra,245c <vTaskInternalSetTimeOutState>
    3064:	0044a783          	lw	a5,4(s1)
    3068:	fff78793          	addi	a5,a5,-1
    306c:	00f4a223          	sw	a5,4(s1)
    3070:	00079463          	bne	a5,zero,3078 <xQueueSemaphoreTake+0xec>
    3074:	30046073          	csrrsi	zero,mstatus,8
    3078:	c5dfe0ef          	jal	ra,1cd4 <vTaskSuspendAll>
    307c:	30047073          	csrrci	zero,mstatus,8
    3080:	04444783          	lbu	a5,68(s0)
    3084:	0044a703          	lw	a4,4(s1)
    3088:	01879793          	slli	a5,a5,0x18
    308c:	4187d793          	srai	a5,a5,0x18
    3090:	01379463          	bne	a5,s3,3098 <xQueueSemaphoreTake+0x10c>
    3094:	04040223          	sb	zero,68(s0)
    3098:	04544783          	lbu	a5,69(s0)
    309c:	01879793          	slli	a5,a5,0x18
    30a0:	4187d793          	srai	a5,a5,0x18
    30a4:	01379463          	bne	a5,s3,30ac <xQueueSemaphoreTake+0x120>
    30a8:	040402a3          	sb	zero,69(s0)
    30ac:	00071463          	bne	a4,zero,30b4 <xQueueSemaphoreTake+0x128>
    30b0:	30046073          	csrrsi	zero,mstatus,8
    30b4:	00c10593          	addi	a1,sp,12
    30b8:	01810513          	addi	a0,sp,24
    30bc:	bbcff0ef          	jal	ra,2478 <xTaskCheckForTimeOut>
    30c0:	08051063          	bne	a0,zero,3140 <xQueueSemaphoreTake+0x1b4>
    30c4:	00040513          	addi	a0,s0,0
    30c8:	f88ff0ef          	jal	ra,2850 <prvIsQueueEmpty>
    30cc:	06050263          	beq	a0,zero,3130 <xQueueSemaphoreTake+0x1a4>
    30d0:	00042783          	lw	a5,0(s0)
    30d4:	02079a63          	bne	a5,zero,3108 <xQueueSemaphoreTake+0x17c>
    30d8:	30047073          	csrrci	zero,mstatus,8
    30dc:	0044a783          	lw	a5,4(s1)
    30e0:	00842503          	lw	a0,8(s0)
    30e4:	00178793          	addi	a5,a5,1
    30e8:	00f4a223          	sw	a5,4(s1)
    30ec:	c2cff0ef          	jal	ra,2518 <xTaskPriorityInherit>
    30f0:	0044a783          	lw	a5,4(s1)
    30f4:	00050913          	addi	s2,a0,0
    30f8:	fff78793          	addi	a5,a5,-1
    30fc:	00f4a223          	sw	a5,4(s1)
    3100:	00079463          	bne	a5,zero,3108 <xQueueSemaphoreTake+0x17c>
    3104:	30046073          	csrrsi	zero,mstatus,8
    3108:	00c12583          	lw	a1,12(sp)
    310c:	02440513          	addi	a0,s0,36
    3110:	9ecff0ef          	jal	ra,22fc <vTaskPlaceOnEventList>
    3114:	00040513          	addi	a0,s0,0
    3118:	865ff0ef          	jal	ra,297c <prvUnlockQueue>
    311c:	dd5fe0ef          	jal	ra,1ef0 <xTaskResumeAll>
    3120:	00051463          	bne	a0,zero,3128 <xQueueSemaphoreTake+0x19c>
    3124:	00000073          	ecall
    3128:	00100693          	addi	a3,zero,1
    312c:	e95ff06f          	jal	zero,2fc0 <xQueueSemaphoreTake+0x34>
    3130:	00040513          	addi	a0,s0,0
    3134:	849ff0ef          	jal	ra,297c <prvUnlockQueue>
    3138:	db9fe0ef          	jal	ra,1ef0 <xTaskResumeAll>
    313c:	fedff06f          	jal	zero,3128 <xQueueSemaphoreTake+0x19c>
    3140:	00040513          	addi	a0,s0,0
    3144:	839ff0ef          	jal	ra,297c <prvUnlockQueue>
    3148:	da9fe0ef          	jal	ra,1ef0 <xTaskResumeAll>
    314c:	00040513          	addi	a0,s0,0
    3150:	f00ff0ef          	jal	ra,2850 <prvIsQueueEmpty>
    3154:	fc050ae3          	beq	a0,zero,3128 <xQueueSemaphoreTake+0x19c>
    3158:	ec090ee3          	beq	s2,zero,3034 <xQueueSemaphoreTake+0xa8>
    315c:	30047073          	csrrci	zero,mstatus,8
    3160:	0044a783          	lw	a5,4(s1)
    3164:	02442583          	lw	a1,36(s0)
    3168:	00178793          	addi	a5,a5,1
    316c:	00f4a223          	sw	a5,4(s1)
    3170:	00058a63          	beq	a1,zero,3184 <xQueueSemaphoreTake+0x1f8>
    3174:	03042783          	lw	a5,48(s0)
    3178:	00500593          	addi	a1,zero,5
    317c:	0007a783          	lw	a5,0(a5)
    3180:	40f585b3          	sub	a1,a1,a5
    3184:	00842503          	lw	a0,8(s0)
    3188:	da4ff0ef          	jal	ra,272c <vTaskPriorityDisinheritAfterTimeout>
    318c:	0044a783          	lw	a5,4(s1)
    3190:	fff78793          	addi	a5,a5,-1
    3194:	00f4a223          	sw	a5,4(s1)
    3198:	e8079ee3          	bne	a5,zero,3034 <xQueueSemaphoreTake+0xa8>
    319c:	30046073          	csrrsi	zero,mstatus,8
    31a0:	e95ff06f          	jal	zero,3034 <xQueueSemaphoreTake+0xa8>

000031a4 <vListInitialise>:
    31a4:	00850793          	addi	a5,a0,8
    31a8:	fff00713          	addi	a4,zero,-1
    31ac:	00f52223          	sw	a5,4(a0)
    31b0:	00e52423          	sw	a4,8(a0)
    31b4:	00f52623          	sw	a5,12(a0)
    31b8:	00f52823          	sw	a5,16(a0)
    31bc:	00052023          	sw	zero,0(a0)
    31c0:	00008067          	jalr	zero,0(ra)

000031c4 <vListInitialiseItem>:
    31c4:	00052823          	sw	zero,16(a0)
    31c8:	00008067          	jalr	zero,0(ra)

000031cc <vListInsertEnd>:
    31cc:	00452783          	lw	a5,4(a0)
    31d0:	0087a703          	lw	a4,8(a5)
    31d4:	00f5a223          	sw	a5,4(a1)
    31d8:	00e5a423          	sw	a4,8(a1)
    31dc:	00b72223          	sw	a1,4(a4)
    31e0:	00b7a423          	sw	a1,8(a5)
    31e4:	00052783          	lw	a5,0(a0)
    31e8:	00a5a823          	sw	a0,16(a1)
    31ec:	00178793          	addi	a5,a5,1
    31f0:	00f52023          	sw	a5,0(a0)
    31f4:	00008067          	jalr	zero,0(ra)

000031f8 <vListInsert>:
    31f8:	0005a683          	lw	a3,0(a1)
    31fc:	fff00793          	addi	a5,zero,-1
    3200:	00850713          	addi	a4,a0,8
    3204:	02f69863          	bne	a3,a5,3234 <vListInsert+0x3c>
    3208:	01052783          	lw	a5,16(a0)
    320c:	0047a703          	lw	a4,4(a5)
    3210:	00e5a223          	sw	a4,4(a1)
    3214:	00b72423          	sw	a1,8(a4)
    3218:	00f5a423          	sw	a5,8(a1)
    321c:	00b7a223          	sw	a1,4(a5)
    3220:	00052783          	lw	a5,0(a0)
    3224:	00a5a823          	sw	a0,16(a1)
    3228:	00178793          	addi	a5,a5,1
    322c:	00f52023          	sw	a5,0(a0)
    3230:	00008067          	jalr	zero,0(ra)
    3234:	00070793          	addi	a5,a4,0
    3238:	00472703          	lw	a4,4(a4)
    323c:	00072603          	lw	a2,0(a4)
    3240:	fec6fae3          	bgeu	a3,a2,3234 <vListInsert+0x3c>
    3244:	fc9ff06f          	jal	zero,320c <vListInsert+0x14>

00003248 <uxListRemove>:
    3248:	00452683          	lw	a3,4(a0)
    324c:	00852703          	lw	a4,8(a0)
    3250:	01052783          	lw	a5,16(a0)
    3254:	00e6a423          	sw	a4,8(a3)
    3258:	00d72223          	sw	a3,4(a4)
    325c:	0047a683          	lw	a3,4(a5)
    3260:	00a69463          	bne	a3,a0,3268 <uxListRemove+0x20>
    3264:	00e7a223          	sw	a4,4(a5)
    3268:	00052823          	sw	zero,16(a0)
    326c:	0007a503          	lw	a0,0(a5)
    3270:	fff50513          	addi	a0,a0,-1
    3274:	00a7a023          	sw	a0,0(a5)
    3278:	00008067          	jalr	zero,0(ra)

0000327c <vPortSetupTimerInterrupt>:
    327c:	ff010113          	addi	sp,sp,-16
    3280:	f14027f3          	csrrs	a5,mhartid,zero
    3284:	00f12623          	sw	a5,12(sp)
    3288:	00c12783          	lw	a5,12(sp)
    328c:	00400737          	lui	a4,0x400
    3290:	00170713          	addi	a4,a4,1 # 400001 <_data_load+0x3f9dc9>
    3294:	00e787b3          	add	a5,a5,a4
    3298:	00379793          	slli	a5,a5,0x3
    329c:	10005737          	lui	a4,0x10005
    32a0:	02000537          	lui	a0,0x2000
    32a4:	baf72423          	sw	a5,-1112(a4) # 10004ba8 <pullMachineTimerCompareRegister>
    32a8:	00450693          	addi	a3,a0,4 # 2000004 <_data_load+0x1ff9dcc>
    32ac:	0006a603          	lw	a2,0(a3)
    32b0:	00052703          	lw	a4,0(a0)
    32b4:	0006a583          	lw	a1,0(a3)
    32b8:	fec59ae3          	bne	a1,a2,32ac <vPortSetupTimerInterrupt+0x30>
    32bc:	00170513          	addi	a0,a4,1
    32c0:	00e53733          	sltu	a4,a0,a4
    32c4:	00b706b3          	add	a3,a4,a1
    32c8:	10005737          	lui	a4,0x10005
    32cc:	bad72a23          	sw	a3,-1100(a4) # 10004bb4 <ullNextTime+0x4>
    32d0:	baa72823          	sw	a0,-1104(a4)
    32d4:	00a7a023          	sw	a0,0(a5)
    32d8:	00d7a223          	sw	a3,4(a5)
    32dc:	bb072783          	lw	a5,-1104(a4)
    32e0:	bb472603          	lw	a2,-1100(a4)
    32e4:	00178693          	addi	a3,a5,1
    32e8:	00f6b7b3          	sltu	a5,a3,a5
    32ec:	00c787b3          	add	a5,a5,a2
    32f0:	bad72823          	sw	a3,-1104(a4)
    32f4:	baf72a23          	sw	a5,-1100(a4)
    32f8:	01010113          	addi	sp,sp,16
    32fc:	00008067          	jalr	zero,0(ra)

00003300 <xPortStartScheduler>:
    3300:	ff010113          	addi	sp,sp,-16
    3304:	00112623          	sw	ra,12(sp)
    3308:	f75ff0ef          	jal	ra,327c <vPortSetupTimerInterrupt>
    330c:	000017b7          	lui	a5,0x1
    3310:	88078793          	addi	a5,a5,-1920 # 880 <cmd_memr+0x70>
    3314:	3047a073          	csrrs	zero,mie,a5
    3318:	074000ef          	jal	ra,338c <xPortStartFirstTask>
    331c:	00c12083          	lw	ra,12(sp)
    3320:	00000513          	addi	a0,zero,0
    3324:	01010113          	addi	sp,sp,16
    3328:	00008067          	jalr	zero,0(ra)

0000332c <pxPortInitialiseStack>:
    332c:	ffc50513          	addi	a0,a0,-4
    3330:	00052023          	sw	zero,0(a0)
    3334:	fa850513          	addi	a0,a0,-88
    3338:	00c52023          	sw	a2,0(a0)
    333c:	fe850513          	addi	a0,a0,-24
    3340:	10002297          	auipc	t0,0x10002
    3344:	8642a283          	lw	t0,-1948(t0) # 10004ba4 <xTaskReturnAddress>
    3348:	00552023          	sw	t0,0(a0)
    334c:	300022f3          	csrrs	t0,mstatus,zero
    3350:	ff72f293          	andi	t0,t0,-9
    3354:	18800313          	addi	t1,zero,392
    3358:	00431313          	slli	t1,t1,0x4
    335c:	0062e2b3          	or	t0,t0,t1
    3360:	ffc50513          	addi	a0,a0,-4
    3364:	00552023          	sw	t0,0(a0)
    3368:	00000293          	addi	t0,zero,0

0000336c <chip_specific_stack_frame>:
    336c:	00028a63          	beq	t0,zero,3380 <chip_specific_stack_frame+0x14>
    3370:	ffc50513          	addi	a0,a0,-4
    3374:	00052023          	sw	zero,0(a0)
    3378:	fff28293          	addi	t0,t0,-1
    337c:	ff1ff06f          	jal	zero,336c <chip_specific_stack_frame>
    3380:	ffc50513          	addi	a0,a0,-4
    3384:	00b52023          	sw	a1,0(a0)
    3388:	00008067          	jalr	zero,0(ra)

0000338c <xPortStartFirstTask>:
    338c:	10002117          	auipc	sp,0x10002
    3390:	81412103          	lw	sp,-2028(sp) # 10004ba0 <pxCurrentTCB>
    3394:	00012103          	lw	sp,0(sp)
    3398:	00012083          	lw	ra,0(sp)
    339c:	00412283          	lw	t0,4(sp)
    33a0:	00828293          	addi	t0,t0,8
    33a4:	30029073          	csrrw	zero,mstatus,t0
    33a8:	01412383          	lw	t2,20(sp)
    33ac:	01812403          	lw	s0,24(sp)
    33b0:	01c12483          	lw	s1,28(sp)
    33b4:	02012503          	lw	a0,32(sp)
    33b8:	02412583          	lw	a1,36(sp)
    33bc:	02812603          	lw	a2,40(sp)
    33c0:	02c12683          	lw	a3,44(sp)
    33c4:	03012703          	lw	a4,48(sp)
    33c8:	03412783          	lw	a5,52(sp)
    33cc:	03812803          	lw	a6,56(sp)
    33d0:	03c12883          	lw	a7,60(sp)
    33d4:	04012903          	lw	s2,64(sp)
    33d8:	04412983          	lw	s3,68(sp)
    33dc:	04812a03          	lw	s4,72(sp)
    33e0:	04c12a83          	lw	s5,76(sp)
    33e4:	05012b03          	lw	s6,80(sp)
    33e8:	05412b83          	lw	s7,84(sp)
    33ec:	05812c03          	lw	s8,88(sp)
    33f0:	05c12c83          	lw	s9,92(sp)
    33f4:	06012d03          	lw	s10,96(sp)
    33f8:	06412d83          	lw	s11,100(sp)
    33fc:	06812e03          	lw	t3,104(sp)
    3400:	06c12e83          	lw	t4,108(sp)
    3404:	07012f03          	lw	t5,112(sp)
    3408:	07412f83          	lw	t6,116(sp)
    340c:	07812283          	lw	t0,120(sp)
    3410:	0fffd317          	auipc	t1,0xfffd
    3414:	bf032303          	lw	t1,-1040(t1) # 10000000 <pxCriticalNesting>
    3418:	00532023          	sw	t0,0(t1)
    341c:	00c12283          	lw	t0,12(sp)
    3420:	01012303          	lw	t1,16(sp)
    3424:	07c10113          	addi	sp,sp,124
    3428:	00008067          	jalr	zero,0(ra)

0000342c <freertos_risc_v_application_exception_handler>:
    342c:	342022f3          	csrrs	t0,mcause,zero
    3430:	34102373          	csrrs	t1,mepc,zero
    3434:	300023f3          	csrrs	t2,mstatus,zero
    3438:	0000006f          	jal	zero,3438 <freertos_risc_v_application_exception_handler+0xc>

0000343c <freertos_risc_v_application_interrupt_handler>:
    343c:	342022f3          	csrrs	t0,mcause,zero
    3440:	34102373          	csrrs	t1,mepc,zero
    3444:	300023f3          	csrrs	t2,mstatus,zero
    3448:	0000006f          	jal	zero,3448 <freertos_risc_v_application_interrupt_handler+0xc>
	...

00003500 <freertos_risc_v_trap_handler>:
    3500:	f8410113          	addi	sp,sp,-124
    3504:	00112423          	sw	ra,8(sp)
    3508:	00512623          	sw	t0,12(sp)
    350c:	00612823          	sw	t1,16(sp)
    3510:	00712a23          	sw	t2,20(sp)
    3514:	00812c23          	sw	s0,24(sp)
    3518:	00912e23          	sw	s1,28(sp)
    351c:	02a12023          	sw	a0,32(sp)
    3520:	02b12223          	sw	a1,36(sp)
    3524:	02c12423          	sw	a2,40(sp)
    3528:	02d12623          	sw	a3,44(sp)
    352c:	02e12823          	sw	a4,48(sp)
    3530:	02f12a23          	sw	a5,52(sp)
    3534:	03012c23          	sw	a6,56(sp)
    3538:	03112e23          	sw	a7,60(sp)
    353c:	05212023          	sw	s2,64(sp)
    3540:	05312223          	sw	s3,68(sp)
    3544:	05412423          	sw	s4,72(sp)
    3548:	05512623          	sw	s5,76(sp)
    354c:	05612823          	sw	s6,80(sp)
    3550:	05712a23          	sw	s7,84(sp)
    3554:	05812c23          	sw	s8,88(sp)
    3558:	05912e23          	sw	s9,92(sp)
    355c:	07a12023          	sw	s10,96(sp)
    3560:	07b12223          	sw	s11,100(sp)
    3564:	07c12423          	sw	t3,104(sp)
    3568:	07d12623          	sw	t4,108(sp)
    356c:	07e12823          	sw	t5,112(sp)
    3570:	07f12a23          	sw	t6,116(sp)
    3574:	0fffd297          	auipc	t0,0xfffd
    3578:	a902a283          	lw	t0,-1392(t0) # 10000004 <xCriticalNesting>
    357c:	06512c23          	sw	t0,120(sp)
    3580:	300022f3          	csrrs	t0,mstatus,zero
    3584:	00512223          	sw	t0,4(sp)
    3588:	10001297          	auipc	t0,0x10001
    358c:	6182a283          	lw	t0,1560(t0) # 10004ba0 <pxCurrentTCB>
    3590:	0022a023          	sw	sp,0(t0)
    3594:	34202573          	csrrs	a0,mcause,zero
    3598:	341025f3          	csrrs	a1,mepc,zero
    359c:	00055a63          	bge	a0,zero,35b0 <synchronous_exception>

000035a0 <asynchronous_interrupt>:
    35a0:	00b12023          	sw	a1,0(sp)
    35a4:	00003117          	auipc	sp,0x3
    35a8:	c9012103          	lw	sp,-880(sp) # 6234 <xISRStackTop>
    35ac:	0180006f          	jal	zero,35c4 <handle_interrupt>

000035b0 <synchronous_exception>:
    35b0:	00458593          	addi	a1,a1,4
    35b4:	00b12023          	sw	a1,0(sp)
    35b8:	00003117          	auipc	sp,0x3
    35bc:	c7c12103          	lw	sp,-900(sp) # 6234 <xISRStackTop>
    35c0:	0700006f          	jal	zero,3630 <handle_exception>

000035c4 <handle_interrupt>:
    35c4:	00100293          	addi	t0,zero,1
    35c8:	01f29293          	slli	t0,t0,0x1f
    35cc:	00728313          	addi	t1,t0,7
    35d0:	04651c63          	bne	a0,t1,3628 <application_interrupt_handler>
    35d4:	10001517          	auipc	a0,0x10001
    35d8:	5d452503          	lw	a0,1492(a0) # 10004ba8 <pullMachineTimerCompareRegister>
    35dc:	0fffd597          	auipc	a1,0xfffd
    35e0:	a2c5a583          	lw	a1,-1492(a1) # 10000008 <pullNextTime>
    35e4:	fff00713          	addi	a4,zero,-1
    35e8:	0005a603          	lw	a2,0(a1)
    35ec:	0045a683          	lw	a3,4(a1)
    35f0:	00e52023          	sw	a4,0(a0)
    35f4:	00d52223          	sw	a3,4(a0)
    35f8:	00c52023          	sw	a2,0(a0)
    35fc:	00003297          	auipc	t0,0x3
    3600:	c342a283          	lw	t0,-972(t0) # 6230 <uxTimerIncrementsForOneTick>
    3604:	00c28733          	add	a4,t0,a2
    3608:	00c73333          	sltu	t1,a4,a2
    360c:	006683b3          	add	t2,a3,t1
    3610:	00e5a023          	sw	a4,0(a1)
    3614:	0075a223          	sw	t2,4(a1)
    3618:	edcfe0ef          	jal	ra,1cf4 <xTaskIncrementTick>
    361c:	02050663          	beq	a0,zero,3648 <processed_source>
    3620:	af1fe0ef          	jal	ra,2110 <vTaskSwitchContext>
    3624:	0240006f          	jal	zero,3648 <processed_source>

00003628 <application_interrupt_handler>:
    3628:	e15ff0ef          	jal	ra,343c <freertos_risc_v_application_interrupt_handler>
    362c:	01c0006f          	jal	zero,3648 <processed_source>

00003630 <handle_exception>:
    3630:	00b00293          	addi	t0,zero,11
    3634:	00551663          	bne	a0,t0,3640 <application_exception_handler>
    3638:	ad9fe0ef          	jal	ra,2110 <vTaskSwitchContext>
    363c:	00c0006f          	jal	zero,3648 <processed_source>

00003640 <application_exception_handler>:
    3640:	dedff0ef          	jal	ra,342c <freertos_risc_v_application_exception_handler>
    3644:	0040006f          	jal	zero,3648 <processed_source>

00003648 <processed_source>:
    3648:	10001317          	auipc	t1,0x10001
    364c:	55832303          	lw	t1,1368(t1) # 10004ba0 <pxCurrentTCB>
    3650:	00032103          	lw	sp,0(t1)
    3654:	00012283          	lw	t0,0(sp)
    3658:	34129073          	csrrw	zero,mepc,t0
    365c:	00412e03          	lw	t3,4(sp)
    3660:	300e1073          	csrrw	zero,mstatus,t3
    3664:	07812283          	lw	t0,120(sp)
    3668:	0fffd317          	auipc	t1,0xfffd
    366c:	99832303          	lw	t1,-1640(t1) # 10000000 <pxCriticalNesting>
    3670:	00532023          	sw	t0,0(t1)
    3674:	00812083          	lw	ra,8(sp)
    3678:	00c12283          	lw	t0,12(sp)
    367c:	01012303          	lw	t1,16(sp)
    3680:	01412383          	lw	t2,20(sp)
    3684:	01812403          	lw	s0,24(sp)
    3688:	01c12483          	lw	s1,28(sp)
    368c:	02012503          	lw	a0,32(sp)
    3690:	02412583          	lw	a1,36(sp)
    3694:	02812603          	lw	a2,40(sp)
    3698:	02c12683          	lw	a3,44(sp)
    369c:	03012703          	lw	a4,48(sp)
    36a0:	03412783          	lw	a5,52(sp)
    36a4:	03812803          	lw	a6,56(sp)
    36a8:	03c12883          	lw	a7,60(sp)
    36ac:	04012903          	lw	s2,64(sp)
    36b0:	04412983          	lw	s3,68(sp)
    36b4:	04812a03          	lw	s4,72(sp)
    36b8:	04c12a83          	lw	s5,76(sp)
    36bc:	05012b03          	lw	s6,80(sp)
    36c0:	05412b83          	lw	s7,84(sp)
    36c4:	05812c03          	lw	s8,88(sp)
    36c8:	05c12c83          	lw	s9,92(sp)
    36cc:	06012d03          	lw	s10,96(sp)
    36d0:	06412d83          	lw	s11,100(sp)
    36d4:	06812e03          	lw	t3,104(sp)
    36d8:	06c12e83          	lw	t4,108(sp)
    36dc:	07012f03          	lw	t5,112(sp)
    36e0:	07412f83          	lw	t6,116(sp)
    36e4:	07c10113          	addi	sp,sp,124
    36e8:	30200073          	mret
    36ec:	00000013          	addi	zero,zero,0

000036f0 <pvPortMalloc>:
    36f0:	ff010113          	addi	sp,sp,-16
    36f4:	00812423          	sw	s0,8(sp)
    36f8:	00112623          	sw	ra,12(sp)
    36fc:	00912223          	sw	s1,4(sp)
    3700:	fff50713          	addi	a4,a0,-1
    3704:	fee00793          	addi	a5,zero,-18
    3708:	00000413          	addi	s0,zero,0
    370c:	02e7e063          	bltu	a5,a4,372c <pvPortMalloc+0x3c>
    3710:	00f57793          	andi	a5,a0,15
    3714:	01050413          	addi	s0,a0,16
    3718:	00078a63          	beq	a5,zero,372c <pvPortMalloc+0x3c>
    371c:	fef78713          	addi	a4,a5,-17
    3720:	14876263          	bltu	a4,s0,3864 <pvPortMalloc+0x174>
    3724:	02050513          	addi	a0,a0,32
    3728:	40f50433          	sub	s0,a0,a5
    372c:	da8fe0ef          	jal	ra,1cd4 <vTaskSuspendAll>
    3730:	100055b7          	lui	a1,0x10005
    3734:	bc85a783          	lw	a5,-1080(a1) # 10004bc8 <pxEnd>
    3738:	06079663          	bne	a5,zero,37a4 <pvPortMalloc+0xb4>
    373c:	10001737          	lui	a4,0x10001
    3740:	b4070713          	addi	a4,a4,-1216 # 10000b40 <ucHeap>
    3744:	00f77693          	andi	a3,a4,15
    3748:	000047b7          	lui	a5,0x4
    374c:	00068a63          	beq	a3,zero,3760 <pvPortMalloc+0x70>
    3750:	00f707b3          	add	a5,a4,a5
    3754:	00f70713          	addi	a4,a4,15
    3758:	ff077713          	andi	a4,a4,-16
    375c:	40e787b3          	sub	a5,a5,a4
    3760:	100056b7          	lui	a3,0x10005
    3764:	00f707b3          	add	a5,a4,a5
    3768:	bcc68693          	addi	a3,a3,-1076 # 10004bcc <xStart>
    376c:	ff078793          	addi	a5,a5,-16 # 3ff0 <vMsgBenchmarkInit+0x70>
    3770:	ff07f793          	andi	a5,a5,-16
    3774:	0006a223          	sw	zero,4(a3)
    3778:	00e6a023          	sw	a4,0(a3)
    377c:	0007a223          	sw	zero,4(a5)
    3780:	0007a023          	sw	zero,0(a5)
    3784:	40e786b3          	sub	a3,a5,a4
    3788:	bcf5a423          	sw	a5,-1080(a1)
    378c:	00f72023          	sw	a5,0(a4)
    3790:	100057b7          	lui	a5,0x10005
    3794:	bcd7a023          	sw	a3,-1088(a5) # 10004bc0 <xMinimumEverFreeBytesRemaining>
    3798:	100057b7          	lui	a5,0x10005
    379c:	00d72223          	sw	a3,4(a4)
    37a0:	bcd7a223          	sw	a3,-1084(a5) # 10004bc4 <xFreeBytesRemaining>
    37a4:	00000493          	addi	s1,zero,0
    37a8:	0a805063          	bge	zero,s0,3848 <pvPortMalloc+0x158>
    37ac:	10005537          	lui	a0,0x10005
    37b0:	bc452603          	lw	a2,-1084(a0) # 10004bc4 <xFreeBytesRemaining>
    37b4:	08866a63          	bltu	a2,s0,3848 <pvPortMalloc+0x158>
    37b8:	100056b7          	lui	a3,0x10005
    37bc:	bcc6a783          	lw	a5,-1076(a3) # 10004bcc <xStart>
    37c0:	bcc68693          	addi	a3,a3,-1076
    37c4:	0047a703          	lw	a4,4(a5)
    37c8:	00877663          	bgeu	a4,s0,37d4 <pvPortMalloc+0xe4>
    37cc:	0007a803          	lw	a6,0(a5)
    37d0:	08081e63          	bne	a6,zero,386c <pvPortMalloc+0x17c>
    37d4:	bc85a583          	lw	a1,-1080(a1)
    37d8:	00000493          	addi	s1,zero,0
    37dc:	06f58663          	beq	a1,a5,3848 <pvPortMalloc+0x158>
    37e0:	0007a583          	lw	a1,0(a5)
    37e4:	0006a483          	lw	s1,0(a3)
    37e8:	40870833          	sub	a6,a4,s0
    37ec:	00b6a023          	sw	a1,0(a3)
    37f0:	02000893          	addi	a7,zero,32
    37f4:	01048493          	addi	s1,s1,16
    37f8:	0108fc63          	bgeu	a7,a6,3810 <pvPortMalloc+0x120>
    37fc:	00878733          	add	a4,a5,s0
    3800:	01072223          	sw	a6,4(a4)
    3804:	00b72023          	sw	a1,0(a4)
    3808:	00e6a023          	sw	a4,0(a3)
    380c:	00040713          	addi	a4,s0,0
    3810:	40e606b3          	sub	a3,a2,a4
    3814:	10005637          	lui	a2,0x10005
    3818:	bc062583          	lw	a1,-1088(a2) # 10004bc0 <xMinimumEverFreeBytesRemaining>
    381c:	bcd52223          	sw	a3,-1084(a0)
    3820:	00b6f463          	bgeu	a3,a1,3828 <pvPortMalloc+0x138>
    3824:	bcd62023          	sw	a3,-1088(a2)
    3828:	800006b7          	lui	a3,0x80000
    382c:	00d76733          	or	a4,a4,a3
    3830:	00e7a223          	sw	a4,4(a5)
    3834:	10005737          	lui	a4,0x10005
    3838:	0007a023          	sw	zero,0(a5)
    383c:	bbc72783          	lw	a5,-1092(a4) # 10004bbc <xNumberOfSuccessfulAllocations>
    3840:	00178793          	addi	a5,a5,1
    3844:	baf72e23          	sw	a5,-1092(a4)
    3848:	ea8fe0ef          	jal	ra,1ef0 <xTaskResumeAll>
    384c:	00c12083          	lw	ra,12(sp)
    3850:	00812403          	lw	s0,8(sp)
    3854:	00048513          	addi	a0,s1,0
    3858:	00412483          	lw	s1,4(sp)
    385c:	01010113          	addi	sp,sp,16
    3860:	00008067          	jalr	zero,0(ra)
    3864:	00000413          	addi	s0,zero,0
    3868:	ec5ff06f          	jal	zero,372c <pvPortMalloc+0x3c>
    386c:	00078693          	addi	a3,a5,0
    3870:	00080793          	addi	a5,a6,0
    3874:	f51ff06f          	jal	zero,37c4 <pvPortMalloc+0xd4>

00003878 <vPortFree>:
    3878:	0c050a63          	beq	a0,zero,394c <vPortFree+0xd4>
    387c:	ff452783          	lw	a5,-12(a0)
    3880:	0c07d663          	bge	a5,zero,394c <vPortFree+0xd4>
    3884:	ff052703          	lw	a4,-16(a0)
    3888:	0c071263          	bne	a4,zero,394c <vPortFree+0xd4>
    388c:	fe010113          	addi	sp,sp,-32
    3890:	00179793          	slli	a5,a5,0x1
    3894:	00812c23          	sw	s0,24(sp)
    3898:	0017d793          	srli	a5,a5,0x1
    389c:	00112e23          	sw	ra,28(sp)
    38a0:	fef52a23          	sw	a5,-12(a0)
    38a4:	ff050413          	addi	s0,a0,-16
    38a8:	00a12623          	sw	a0,12(sp)
    38ac:	c28fe0ef          	jal	ra,1cd4 <vTaskSuspendAll>
    38b0:	00c12503          	lw	a0,12(sp)
    38b4:	10005737          	lui	a4,0x10005
    38b8:	bc472783          	lw	a5,-1084(a4) # 10004bc4 <xFreeBytesRemaining>
    38bc:	ff452683          	lw	a3,-12(a0)
    38c0:	00d787b3          	add	a5,a5,a3
    38c4:	bcf72223          	sw	a5,-1084(a4)
    38c8:	100057b7          	lui	a5,0x10005
    38cc:	bcc78793          	addi	a5,a5,-1076 # 10004bcc <xStart>
    38d0:	00078713          	addi	a4,a5,0
    38d4:	0007a783          	lw	a5,0(a5)
    38d8:	fe87ece3          	bltu	a5,s0,38d0 <vPortFree+0x58>
    38dc:	00472603          	lw	a2,4(a4)
    38e0:	00c705b3          	add	a1,a4,a2
    38e4:	00b41863          	bne	s0,a1,38f4 <vPortFree+0x7c>
    38e8:	00c686b3          	add	a3,a3,a2
    38ec:	00d72223          	sw	a3,4(a4)
    38f0:	00070413          	addi	s0,a4,0
    38f4:	00442603          	lw	a2,4(s0)
    38f8:	00078693          	addi	a3,a5,0
    38fc:	00c405b3          	add	a1,s0,a2
    3900:	02b79063          	bne	a5,a1,3920 <vPortFree+0xa8>
    3904:	100056b7          	lui	a3,0x10005
    3908:	bc86a683          	lw	a3,-1080(a3) # 10004bc8 <pxEnd>
    390c:	00d78a63          	beq	a5,a3,3920 <vPortFree+0xa8>
    3910:	0047a683          	lw	a3,4(a5)
    3914:	00c686b3          	add	a3,a3,a2
    3918:	00d42223          	sw	a3,4(s0)
    391c:	0007a683          	lw	a3,0(a5)
    3920:	00d42023          	sw	a3,0(s0)
    3924:	00870463          	beq	a4,s0,392c <vPortFree+0xb4>
    3928:	00872023          	sw	s0,0(a4)
    392c:	10005737          	lui	a4,0x10005
    3930:	bb872783          	lw	a5,-1096(a4) # 10004bb8 <xNumberOfSuccessfulFrees>
    3934:	01812403          	lw	s0,24(sp)
    3938:	01c12083          	lw	ra,28(sp)
    393c:	00178793          	addi	a5,a5,1
    3940:	baf72c23          	sw	a5,-1096(a4)
    3944:	02010113          	addi	sp,sp,32
    3948:	da8fe06f          	jal	zero,1ef0 <xTaskResumeAll>
    394c:	00008067          	jalr	zero,0(ra)

00003950 <xPortGetFreeHeapSize>:
    3950:	100057b7          	lui	a5,0x10005
    3954:	bc47a503          	lw	a0,-1084(a5) # 10004bc4 <xFreeBytesRemaining>
    3958:	00008067          	jalr	zero,0(ra)

0000395c <rheal_print_create_failed>:
    395c:	ff010113          	addi	sp,sp,-16
    3960:	00812423          	sw	s0,8(sp)
    3964:	00050413          	addi	s0,a0,0
    3968:	00006537          	lui	a0,0x6
    396c:	da850513          	addi	a0,a0,-600 # 5da8 <__umoddi3+0xbd0>
    3970:	00112623          	sw	ra,12(sp)
    3974:	9b9fd0ef          	jal	ra,132c <shell_puts>
    3978:	00040513          	addi	a0,s0,0
    397c:	9b1fd0ef          	jal	ra,132c <shell_puts>
    3980:	00812403          	lw	s0,8(sp)
    3984:	00c12083          	lw	ra,12(sp)
    3988:	00006537          	lui	a0,0x6
    398c:	a9050513          	addi	a0,a0,-1392 # 5a90 <__umoddi3+0x8b8>
    3990:	01010113          	addi	sp,sp,16
    3994:	999fd06f          	jal	zero,132c <shell_puts>

00003998 <vSwitchBenchmarkInit>:
    3998:	10005737          	lui	a4,0x10005
    399c:	ff010113          	addi	sp,sp,-16
    39a0:	100057b7          	lui	a5,0x10005
    39a4:	bc072c23          	sw	zero,-1064(a4) # 10004bd8 <switch_count1>
    39a8:	00112623          	sw	ra,12(sp)
    39ac:	00812423          	sw	s0,8(sp)
    39b0:	bc07aa23          	sw	zero,-1068(a5) # 10004bd4 <switch_count2>
    39b4:	c00025f3          	csrrs	a1,cycle,zero
    39b8:	0000c6b7          	lui	a3,0xc
    39bc:	bc072c23          	sw	zero,-1064(a4)
    39c0:	34e68693          	addi	a3,a3,846 # c34e <_data_load+0x6116>
    39c4:	bd872603          	lw	a2,-1064(a4)
    39c8:	08c6f663          	bgeu	a3,a2,3a54 <vSwitchBenchmarkInit+0xbc>
    39cc:	0000c737          	lui	a4,0xc
    39d0:	bc07aa23          	sw	zero,-1068(a5)
    39d4:	34f70713          	addi	a4,a4,847 # c34f <_data_load+0x6117>
    39d8:	bd47a683          	lw	a3,-1068(a5)
    39dc:	08d77463          	bgeu	a4,a3,3a64 <vSwitchBenchmarkInit+0xcc>
    39e0:	c00027f3          	csrrs	a5,cycle,zero
    39e4:	10005737          	lui	a4,0x10005
    39e8:	40b787b3          	sub	a5,a5,a1
    39ec:	bef72023          	sw	a5,-1056(a4) # 10004be0 <switch_loop_overhead>
    39f0:	c0002773          	csrrs	a4,cycle,zero
    39f4:	00000073          	ecall
    39f8:	c00027f3          	csrrs	a5,cycle,zero
    39fc:	40e787b3          	sub	a5,a5,a4
    3a00:	10005737          	lui	a4,0x10005
    3a04:	bcf72e23          	sw	a5,-1060(a4) # 10004bdc <switch_dir_overhead>
    3a08:	00006437          	lui	s0,0x6
    3a0c:	100057b7          	lui	a5,0x10005
    3a10:	00004537          	lui	a0,0x4
    3a14:	be878793          	addi	a5,a5,-1048 # 10004be8 <xSwitchTask01Handle>
    3a18:	00200713          	addi	a4,zero,2
    3a1c:	00000693          	addi	a3,zero,0
    3a20:	10000613          	addi	a2,zero,256
    3a24:	dc840593          	addi	a1,s0,-568 # 5dc8 <__umoddi3+0xbf0>
    3a28:	a7450513          	addi	a0,a0,-1420 # 3a74 <vSwitchTask01>
    3a2c:	d31fd0ef          	jal	ra,175c <xTaskCreate>
    3a30:	00100793          	addi	a5,zero,1
    3a34:	00f50663          	beq	a0,a5,3a40 <vSwitchBenchmarkInit+0xa8>
    3a38:	dc840513          	addi	a0,s0,-568
    3a3c:	f21ff0ef          	jal	ra,395c <rheal_print_create_failed>
    3a40:	00812403          	lw	s0,8(sp)
    3a44:	00c12083          	lw	ra,12(sp)
    3a48:	00000513          	addi	a0,zero,0
    3a4c:	01010113          	addi	sp,sp,16
    3a50:	fadfd06f          	jal	zero,19fc <vTaskDelete>
    3a54:	bd872603          	lw	a2,-1064(a4)
    3a58:	00160613          	addi	a2,a2,1
    3a5c:	bcc72c23          	sw	a2,-1064(a4)
    3a60:	f65ff06f          	jal	zero,39c4 <vSwitchBenchmarkInit+0x2c>
    3a64:	bd47a683          	lw	a3,-1068(a5)
    3a68:	00168693          	addi	a3,a3,1
    3a6c:	bcd7aa23          	sw	a3,-1068(a5)
    3a70:	f69ff06f          	jal	zero,39d8 <vSwitchBenchmarkInit+0x40>

00003a74 <vSwitchTask01>:
    3a74:	ff010113          	addi	sp,sp,-16
    3a78:	00812423          	sw	s0,8(sp)
    3a7c:	100057b7          	lui	a5,0x10005
    3a80:	00006437          	lui	s0,0x6
    3a84:	00004537          	lui	a0,0x4
    3a88:	be478793          	addi	a5,a5,-1052 # 10004be4 <xSwitchTask02Handle>
    3a8c:	00200713          	addi	a4,zero,2
    3a90:	00000693          	addi	a3,zero,0
    3a94:	10000613          	addi	a2,zero,256
    3a98:	dd040593          	addi	a1,s0,-560 # 5dd0 <__umoddi3+0xbf8>
    3a9c:	b1050513          	addi	a0,a0,-1264 # 3b10 <vSwitchTask02>
    3aa0:	00112623          	sw	ra,12(sp)
    3aa4:	cb9fd0ef          	jal	ra,175c <xTaskCreate>
    3aa8:	00100793          	addi	a5,zero,1
    3aac:	00f50a63          	beq	a0,a5,3ac0 <vSwitchTask01+0x4c>
    3ab0:	dd040513          	addi	a0,s0,-560
    3ab4:	ea9ff0ef          	jal	ra,395c <rheal_print_create_failed>
    3ab8:	00000513          	addi	a0,zero,0
    3abc:	f41fd0ef          	jal	ra,19fc <vTaskDelete>
    3ac0:	00000073          	ecall
    3ac4:	100057b7          	lui	a5,0x10005
    3ac8:	0000c737          	lui	a4,0xc
    3acc:	bc07aa23          	sw	zero,-1068(a5) # 10004bd4 <switch_count2>
    3ad0:	34f70713          	addi	a4,a4,847 # c34f <_data_load+0x6117>
    3ad4:	bd47a683          	lw	a3,-1068(a5)
    3ad8:	02d77263          	bgeu	a4,a3,3afc <vSwitchTask01+0x88>
    3adc:	00006537          	lui	a0,0x6
    3ae0:	dd850513          	addi	a0,a0,-552 # 5dd8 <__umoddi3+0xc00>
    3ae4:	849fd0ef          	jal	ra,132c <shell_puts>
    3ae8:	00812403          	lw	s0,8(sp)
    3aec:	00c12083          	lw	ra,12(sp)
    3af0:	00000513          	addi	a0,zero,0
    3af4:	01010113          	addi	sp,sp,16
    3af8:	f05fd06f          	jal	zero,19fc <vTaskDelete>
    3afc:	00000073          	ecall
    3b00:	bd47a683          	lw	a3,-1068(a5)
    3b04:	00168693          	addi	a3,a3,1
    3b08:	bcd7aa23          	sw	a3,-1068(a5)
    3b0c:	fc9ff06f          	jal	zero,3ad4 <vSwitchTask01+0x60>

00003b10 <vSwitchTask02>:
    3b10:	ff010113          	addi	sp,sp,-16
    3b14:	00112623          	sw	ra,12(sp)
    3b18:	00812423          	sw	s0,8(sp)
    3b1c:	c0002673          	csrrs	a2,cycle,zero
    3b20:	100057b7          	lui	a5,0x10005
    3b24:	0000c737          	lui	a4,0xc
    3b28:	bc07ac23          	sw	zero,-1064(a5) # 10004bd8 <switch_count1>
    3b2c:	34e70713          	addi	a4,a4,846 # c34e <_data_load+0x6116>
    3b30:	bd87a683          	lw	a3,-1064(a5)
    3b34:	08d77663          	bgeu	a4,a3,3bc0 <vSwitchTask02+0xb0>
    3b38:	c00027f3          	csrrs	a5,cycle,zero
    3b3c:	10005737          	lui	a4,0x10005
    3b40:	be072703          	lw	a4,-1056(a4) # 10004be0 <switch_loop_overhead>
    3b44:	100056b7          	lui	a3,0x10005
    3b48:	bdc6a683          	lw	a3,-1060(a3) # 10004bdc <switch_dir_overhead>
    3b4c:	40c787b3          	sub	a5,a5,a2
    3b50:	00000413          	addi	s0,zero,0
    3b54:	00f77e63          	bgeu	a4,a5,3b70 <vSwitchTask02+0x60>
    3b58:	40e787b3          	sub	a5,a5,a4
    3b5c:	00018737          	lui	a4,0x18
    3b60:	69f70713          	addi	a4,a4,1695 # 1869f <_data_load+0x12467>
    3b64:	02e7d7b3          	divu	a5,a5,a4
    3b68:	00f6f463          	bgeu	a3,a5,3b70 <vSwitchTask02+0x60>
    3b6c:	40d78433          	sub	s0,a5,a3
    3b70:	00006537          	lui	a0,0x6
    3b74:	e0850513          	addi	a0,a0,-504 # 5e08 <__umoddi3+0xc30>
    3b78:	fb4fd0ef          	jal	ra,132c <shell_puts>
    3b7c:	00006537          	lui	a0,0x6
    3b80:	e2050513          	addi	a0,a0,-480 # 5e20 <__umoddi3+0xc48>
    3b84:	fa8fd0ef          	jal	ra,132c <shell_puts>
    3b88:	00040513          	addi	a0,s0,0
    3b8c:	00000593          	addi	a1,zero,0
    3b90:	fa0fd0ef          	jal	ra,1330 <shell_put_u64>
    3b94:	00006537          	lui	a0,0x6
    3b98:	e2450513          	addi	a0,a0,-476 # 5e24 <__umoddi3+0xc4c>
    3b9c:	f90fd0ef          	jal	ra,132c <shell_puts>
    3ba0:	100057b7          	lui	a5,0x10005
    3ba4:	be87a503          	lw	a0,-1048(a5) # 10004be8 <xSwitchTask01Handle>
    3ba8:	e55fd0ef          	jal	ra,19fc <vTaskDelete>
    3bac:	00812403          	lw	s0,8(sp)
    3bb0:	00c12083          	lw	ra,12(sp)
    3bb4:	00000513          	addi	a0,zero,0
    3bb8:	01010113          	addi	sp,sp,16
    3bbc:	e41fd06f          	jal	zero,19fc <vTaskDelete>
    3bc0:	00000073          	ecall
    3bc4:	bd87a683          	lw	a3,-1064(a5)
    3bc8:	00168693          	addi	a3,a3,1
    3bcc:	bcd7ac23          	sw	a3,-1064(a5)
    3bd0:	f61ff06f          	jal	zero,3b30 <vSwitchTask02+0x20>

00003bd4 <rhealstone_task_switch_start>:
    3bd4:	00006537          	lui	a0,0x6
    3bd8:	ff010113          	addi	sp,sp,-16
    3bdc:	e3050513          	addi	a0,a0,-464 # 5e30 <__umoddi3+0xc58>
    3be0:	00112623          	sw	ra,12(sp)
    3be4:	00812423          	sw	s0,8(sp)
    3be8:	f44fd0ef          	jal	ra,132c <shell_puts>
    3bec:	00006537          	lui	a0,0x6
    3bf0:	e4050513          	addi	a0,a0,-448 # 5e40 <__umoddi3+0xc68>
    3bf4:	f38fd0ef          	jal	ra,132c <shell_puts>
    3bf8:	00006537          	lui	a0,0x6
    3bfc:	a9050513          	addi	a0,a0,-1392 # 5a90 <__umoddi3+0x8b8>
    3c00:	f2cfd0ef          	jal	ra,132c <shell_puts>
    3c04:	00006437          	lui	s0,0x6
    3c08:	00004537          	lui	a0,0x4
    3c0c:	00000793          	addi	a5,zero,0
    3c10:	00300713          	addi	a4,zero,3
    3c14:	00000693          	addi	a3,zero,0
    3c18:	20000613          	addi	a2,zero,512
    3c1c:	e4c40593          	addi	a1,s0,-436 # 5e4c <__umoddi3+0xc74>
    3c20:	99850513          	addi	a0,a0,-1640 # 3998 <vSwitchBenchmarkInit>
    3c24:	b39fd0ef          	jal	ra,175c <xTaskCreate>
    3c28:	00100793          	addi	a5,zero,1
    3c2c:	00f50c63          	beq	a0,a5,3c44 <rhealstone_task_switch_start+0x70>
    3c30:	e4c40513          	addi	a0,s0,-436
    3c34:	00812403          	lw	s0,8(sp)
    3c38:	00c12083          	lw	ra,12(sp)
    3c3c:	01010113          	addi	sp,sp,16
    3c40:	d1dff06f          	jal	zero,395c <rheal_print_create_failed>
    3c44:	00c12083          	lw	ra,12(sp)
    3c48:	00812403          	lw	s0,8(sp)
    3c4c:	01010113          	addi	sp,sp,16
    3c50:	00008067          	jalr	zero,0(ra)

00003c54 <rheal_print_create_failed>:
    3c54:	ff010113          	addi	sp,sp,-16
    3c58:	00812423          	sw	s0,8(sp)
    3c5c:	00050413          	addi	s0,a0,0
    3c60:	00006537          	lui	a0,0x6
    3c64:	da850513          	addi	a0,a0,-600 # 5da8 <__umoddi3+0xbd0>
    3c68:	00112623          	sw	ra,12(sp)
    3c6c:	ec0fd0ef          	jal	ra,132c <shell_puts>
    3c70:	00040513          	addi	a0,s0,0
    3c74:	eb8fd0ef          	jal	ra,132c <shell_puts>
    3c78:	00812403          	lw	s0,8(sp)
    3c7c:	00c12083          	lw	ra,12(sp)
    3c80:	00006537          	lui	a0,0x6
    3c84:	a9050513          	addi	a0,a0,-1392 # 5a90 <__umoddi3+0x8b8>
    3c88:	01010113          	addi	sp,sp,16
    3c8c:	ea0fd06f          	jal	zero,132c <shell_puts>

00003c90 <vPreemptBenchmarkInit>:
    3c90:	ff010113          	addi	sp,sp,-16
    3c94:	00112623          	sw	ra,12(sp)
    3c98:	00812423          	sw	s0,8(sp)
    3c9c:	c0002673          	csrrs	a2,cycle,zero
    3ca0:	100057b7          	lui	a5,0x10005
    3ca4:	00018737          	lui	a4,0x18
    3ca8:	be07a623          	sw	zero,-1044(a5) # 10004bec <preempt_count1>
    3cac:	69e70713          	addi	a4,a4,1694 # 1869e <_data_load+0x12466>
    3cb0:	bec7a683          	lw	a3,-1044(a5)
    3cb4:	06d77263          	bgeu	a4,a3,3d18 <vPreemptBenchmarkInit+0x88>
    3cb8:	c0002773          	csrrs	a4,cycle,zero
    3cbc:	100056b7          	lui	a3,0x10005
    3cc0:	40c70733          	sub	a4,a4,a2
    3cc4:	bee6aa23          	sw	a4,-1036(a3) # 10004bf4 <preempt_loop_overhead>
    3cc8:	be07a623          	sw	zero,-1044(a5)
    3ccc:	00006437          	lui	s0,0x6
    3cd0:	100057b7          	lui	a5,0x10005
    3cd4:	00004537          	lui	a0,0x4
    3cd8:	c0078793          	addi	a5,a5,-1024 # 10004c00 <xPreemptTask01Handle>
    3cdc:	00200713          	addi	a4,zero,2
    3ce0:	00000693          	addi	a3,zero,0
    3ce4:	10000613          	addi	a2,zero,256
    3ce8:	e5440593          	addi	a1,s0,-428 # 5e54 <__umoddi3+0xc7c>
    3cec:	d2850513          	addi	a0,a0,-728 # 3d28 <vPreemptTask01>
    3cf0:	a6dfd0ef          	jal	ra,175c <xTaskCreate>
    3cf4:	00100793          	addi	a5,zero,1
    3cf8:	00f50663          	beq	a0,a5,3d04 <vPreemptBenchmarkInit+0x74>
    3cfc:	e5440513          	addi	a0,s0,-428
    3d00:	f55ff0ef          	jal	ra,3c54 <rheal_print_create_failed>
    3d04:	00812403          	lw	s0,8(sp)
    3d08:	00c12083          	lw	ra,12(sp)
    3d0c:	00000513          	addi	a0,zero,0
    3d10:	01010113          	addi	sp,sp,16
    3d14:	ce9fd06f          	jal	zero,19fc <vTaskDelete>
    3d18:	bec7a683          	lw	a3,-1044(a5)
    3d1c:	00168693          	addi	a3,a3,1
    3d20:	bed7a623          	sw	a3,-1044(a5)
    3d24:	f8dff06f          	jal	zero,3cb0 <vPreemptBenchmarkInit+0x20>

00003d28 <vPreemptTask01>:
    3d28:	ff010113          	addi	sp,sp,-16
    3d2c:	00812423          	sw	s0,8(sp)
    3d30:	01212023          	sw	s2,0(sp)
    3d34:	00006437          	lui	s0,0x6
    3d38:	10005937          	lui	s2,0x10005
    3d3c:	00004537          	lui	a0,0x4
    3d40:	bfc90793          	addi	a5,s2,-1028 # 10004bfc <xPreemptTask02Handle>
    3d44:	00300713          	addi	a4,zero,3
    3d48:	00000693          	addi	a3,zero,0
    3d4c:	10000613          	addi	a2,zero,256
    3d50:	e5c40593          	addi	a1,s0,-420 # 5e5c <__umoddi3+0xc84>
    3d54:	de850513          	addi	a0,a0,-536 # 3de8 <vPreemptTask02>
    3d58:	00112623          	sw	ra,12(sp)
    3d5c:	00912223          	sw	s1,4(sp)
    3d60:	9fdfd0ef          	jal	ra,175c <xTaskCreate>
    3d64:	00100793          	addi	a5,zero,1
    3d68:	00f50a63          	beq	a0,a5,3d7c <vPreemptTask01+0x54>
    3d6c:	e5c40513          	addi	a0,s0,-420
    3d70:	ee5ff0ef          	jal	ra,3c54 <rheal_print_create_failed>
    3d74:	00000513          	addi	a0,zero,0
    3d78:	c85fd0ef          	jal	ra,19fc <vTaskDelete>
    3d7c:	c00027f3          	csrrs	a5,cycle,zero
    3d80:	10005737          	lui	a4,0x10005
    3d84:	bf872683          	lw	a3,-1032(a4) # 10004bf8 <preempt_t_start>
    3d88:	40d787b3          	sub	a5,a5,a3
    3d8c:	100056b7          	lui	a3,0x10005
    3d90:	bef6a823          	sw	a5,-1040(a3) # 10004bf0 <preempt_switch_overhead>
    3d94:	c00027f3          	csrrs	a5,cycle,zero
    3d98:	10005437          	lui	s0,0x10005
    3d9c:	bef72c23          	sw	a5,-1032(a4)
    3da0:	0000c4b7          	lui	s1,0xc
    3da4:	be042623          	sw	zero,-1044(s0) # 10004bec <preempt_count1>
    3da8:	34f48493          	addi	s1,s1,847 # c34f <_data_load+0x6117>
    3dac:	bec42783          	lw	a5,-1044(s0)
    3db0:	02f4f063          	bgeu	s1,a5,3dd0 <vPreemptTask01+0xa8>
    3db4:	00812403          	lw	s0,8(sp)
    3db8:	00c12083          	lw	ra,12(sp)
    3dbc:	00412483          	lw	s1,4(sp)
    3dc0:	00012903          	lw	s2,0(sp)
    3dc4:	00000513          	addi	a0,zero,0
    3dc8:	01010113          	addi	sp,sp,16
    3dcc:	c31fd06f          	jal	zero,19fc <vTaskDelete>
    3dd0:	bfc92503          	lw	a0,-1028(s2)
    3dd4:	d7dfd0ef          	jal	ra,1b50 <vTaskResume>
    3dd8:	bec42783          	lw	a5,-1044(s0)
    3ddc:	00178793          	addi	a5,a5,1
    3de0:	bef42623          	sw	a5,-1044(s0)
    3de4:	fc9ff06f          	jal	zero,3dac <vPreemptTask01+0x84>

00003de8 <vPreemptTask02>:
    3de8:	ff010113          	addi	sp,sp,-16
    3dec:	00112623          	sw	ra,12(sp)
    3df0:	00812423          	sw	s0,8(sp)
    3df4:	00912223          	sw	s1,4(sp)
    3df8:	01212023          	sw	s2,0(sp)
    3dfc:	c00027f3          	csrrs	a5,cycle,zero
    3e00:	100054b7          	lui	s1,0x10005
    3e04:	00000513          	addi	a0,zero,0
    3e08:	0000c437          	lui	s0,0xc
    3e0c:	bef4ac23          	sw	a5,-1032(s1) # 10004bf8 <preempt_t_start>
    3e10:	10005937          	lui	s2,0x10005
    3e14:	b84fe0ef          	jal	ra,2198 <vTaskSuspend>
    3e18:	34e40413          	addi	s0,s0,846 # c34e <_data_load+0x6116>
    3e1c:	bec92783          	lw	a5,-1044(s2) # 10004bec <preempt_count1>
    3e20:	08f47c63          	bgeu	s0,a5,3eb8 <vPreemptTask02+0xd0>
    3e24:	c00027f3          	csrrs	a5,cycle,zero
    3e28:	bf84a703          	lw	a4,-1032(s1)
    3e2c:	100056b7          	lui	a3,0x10005
    3e30:	00000413          	addi	s0,zero,0
    3e34:	40e787b3          	sub	a5,a5,a4
    3e38:	10005737          	lui	a4,0x10005
    3e3c:	bf472703          	lw	a4,-1036(a4) # 10004bf4 <preempt_loop_overhead>
    3e40:	bf06a683          	lw	a3,-1040(a3) # 10004bf0 <preempt_switch_overhead>
    3e44:	00f77e63          	bgeu	a4,a5,3e60 <vPreemptTask02+0x78>
    3e48:	40e787b3          	sub	a5,a5,a4
    3e4c:	0000c737          	lui	a4,0xc
    3e50:	34f70713          	addi	a4,a4,847 # c34f <_data_load+0x6117>
    3e54:	02e7d7b3          	divu	a5,a5,a4
    3e58:	00f6f463          	bgeu	a3,a5,3e60 <vPreemptTask02+0x78>
    3e5c:	40d78433          	sub	s0,a5,a3
    3e60:	00006537          	lui	a0,0x6
    3e64:	e6450513          	addi	a0,a0,-412 # 5e64 <__umoddi3+0xc8c>
    3e68:	cc4fd0ef          	jal	ra,132c <shell_puts>
    3e6c:	00006537          	lui	a0,0x6
    3e70:	e2050513          	addi	a0,a0,-480 # 5e20 <__umoddi3+0xc48>
    3e74:	cb8fd0ef          	jal	ra,132c <shell_puts>
    3e78:	00040513          	addi	a0,s0,0
    3e7c:	00000593          	addi	a1,zero,0
    3e80:	cb0fd0ef          	jal	ra,1330 <shell_put_u64>
    3e84:	00006537          	lui	a0,0x6
    3e88:	e2450513          	addi	a0,a0,-476 # 5e24 <__umoddi3+0xc4c>
    3e8c:	ca0fd0ef          	jal	ra,132c <shell_puts>
    3e90:	100057b7          	lui	a5,0x10005
    3e94:	c007a503          	lw	a0,-1024(a5) # 10004c00 <xPreemptTask01Handle>
    3e98:	b65fd0ef          	jal	ra,19fc <vTaskDelete>
    3e9c:	00812403          	lw	s0,8(sp)
    3ea0:	00c12083          	lw	ra,12(sp)
    3ea4:	00412483          	lw	s1,4(sp)
    3ea8:	00012903          	lw	s2,0(sp)
    3eac:	00000513          	addi	a0,zero,0
    3eb0:	01010113          	addi	sp,sp,16
    3eb4:	b49fd06f          	jal	zero,19fc <vTaskDelete>
    3eb8:	00000513          	addi	a0,zero,0
    3ebc:	adcfe0ef          	jal	ra,2198 <vTaskSuspend>
    3ec0:	f5dff06f          	jal	zero,3e1c <vPreemptTask02+0x34>

00003ec4 <rhealstone_task_preempt_start>:
    3ec4:	00006537          	lui	a0,0x6
    3ec8:	ff010113          	addi	sp,sp,-16
    3ecc:	e3050513          	addi	a0,a0,-464 # 5e30 <__umoddi3+0xc58>
    3ed0:	00112623          	sw	ra,12(sp)
    3ed4:	00812423          	sw	s0,8(sp)
    3ed8:	c54fd0ef          	jal	ra,132c <shell_puts>
    3edc:	00006537          	lui	a0,0x6
    3ee0:	e8050513          	addi	a0,a0,-384 # 5e80 <__umoddi3+0xca8>
    3ee4:	c48fd0ef          	jal	ra,132c <shell_puts>
    3ee8:	00006537          	lui	a0,0x6
    3eec:	a9050513          	addi	a0,a0,-1392 # 5a90 <__umoddi3+0x8b8>
    3ef0:	c3cfd0ef          	jal	ra,132c <shell_puts>
    3ef4:	00006437          	lui	s0,0x6
    3ef8:	00004537          	lui	a0,0x4
    3efc:	00000793          	addi	a5,zero,0
    3f00:	00400713          	addi	a4,zero,4
    3f04:	00000693          	addi	a3,zero,0
    3f08:	20000613          	addi	a2,zero,512
    3f0c:	e9040593          	addi	a1,s0,-368 # 5e90 <__umoddi3+0xcb8>
    3f10:	c9050513          	addi	a0,a0,-880 # 3c90 <vPreemptBenchmarkInit>
    3f14:	849fd0ef          	jal	ra,175c <xTaskCreate>
    3f18:	00100793          	addi	a5,zero,1
    3f1c:	00f50c63          	beq	a0,a5,3f34 <rhealstone_task_preempt_start+0x70>
    3f20:	e9040513          	addi	a0,s0,-368
    3f24:	00812403          	lw	s0,8(sp)
    3f28:	00c12083          	lw	ra,12(sp)
    3f2c:	01010113          	addi	sp,sp,16
    3f30:	d25ff06f          	jal	zero,3c54 <rheal_print_create_failed>
    3f34:	00c12083          	lw	ra,12(sp)
    3f38:	00812403          	lw	s0,8(sp)
    3f3c:	01010113          	addi	sp,sp,16
    3f40:	00008067          	jalr	zero,0(ra)

00003f44 <rheal_print_create_failed>:
    3f44:	ff010113          	addi	sp,sp,-16
    3f48:	00812423          	sw	s0,8(sp)
    3f4c:	00050413          	addi	s0,a0,0
    3f50:	00006537          	lui	a0,0x6
    3f54:	da850513          	addi	a0,a0,-600 # 5da8 <__umoddi3+0xbd0>
    3f58:	00112623          	sw	ra,12(sp)
    3f5c:	bd0fd0ef          	jal	ra,132c <shell_puts>
    3f60:	00040513          	addi	a0,s0,0
    3f64:	bc8fd0ef          	jal	ra,132c <shell_puts>
    3f68:	00812403          	lw	s0,8(sp)
    3f6c:	00c12083          	lw	ra,12(sp)
    3f70:	00006537          	lui	a0,0x6
    3f74:	a9050513          	addi	a0,a0,-1392 # 5a90 <__umoddi3+0x8b8>
    3f78:	01010113          	addi	sp,sp,16
    3f7c:	bb0fd06f          	jal	zero,132c <shell_puts>

00003f80 <vMsgBenchmarkInit>:
    3f80:	ff010113          	addi	sp,sp,-16
    3f84:	00000613          	addi	a2,zero,0
    3f88:	01000593          	addi	a1,zero,16
    3f8c:	00100513          	addi	a0,zero,1
    3f90:	00112623          	sw	ra,12(sp)
    3f94:	00812423          	sw	s0,8(sp)
    3f98:	00912223          	sw	s1,4(sp)
    3f9c:	bbdfe0ef          	jal	ra,2b58 <xQueueGenericCreate>
    3fa0:	100057b7          	lui	a5,0x10005
    3fa4:	c0a7aa23          	sw	a0,-1004(a5) # 10004c14 <xMsgQueue>
    3fa8:	00051c63          	bne	a0,zero,3fc0 <vMsgBenchmarkInit+0x40>
    3fac:	00006537          	lui	a0,0x6
    3fb0:	e9c50513          	addi	a0,a0,-356 # 5e9c <__umoddi3+0xcc4>
    3fb4:	f91ff0ef          	jal	ra,3f44 <rheal_print_create_failed>
    3fb8:	00000513          	addi	a0,zero,0
    3fbc:	a41fd0ef          	jal	ra,19fc <vTaskDelete>
    3fc0:	c0002673          	csrrs	a2,cycle,zero
    3fc4:	100057b7          	lui	a5,0x10005
    3fc8:	0000c737          	lui	a4,0xc
    3fcc:	c007a223          	sw	zero,-1020(a5) # 10004c04 <msg_count>
    3fd0:	34e70713          	addi	a4,a4,846 # c34e <_data_load+0x6116>
    3fd4:	c047a683          	lw	a3,-1020(a5)
    3fd8:	08d77263          	bgeu	a4,a3,405c <vMsgBenchmarkInit+0xdc>
    3fdc:	c0002773          	csrrs	a4,cycle,zero
    3fe0:	100056b7          	lui	a3,0x10005
    3fe4:	40c70733          	sub	a4,a4,a2
    3fe8:	c0e6a623          	sw	a4,-1012(a3) # 10004c0c <msg_loop_overhead>
    3fec:	c007a223          	sw	zero,-1020(a5)
    3ff0:	100057b7          	lui	a5,0x10005
    3ff4:	b4078793          	addi	a5,a5,-1216 # 10004b40 <msg_buffer>
    3ff8:	00100493          	addi	s1,zero,1
    3ffc:	00300693          	addi	a3,zero,3
    4000:	00200713          	addi	a4,zero,2
    4004:	00d7a623          	sw	a3,12(a5)
    4008:	0007a023          	sw	zero,0(a5)
    400c:	0097a223          	sw	s1,4(a5)
    4010:	00e7a423          	sw	a4,8(a5)
    4014:	00006437          	lui	s0,0x6
    4018:	100057b7          	lui	a5,0x10005
    401c:	00004537          	lui	a0,0x4
    4020:	c1c78793          	addi	a5,a5,-996 # 10004c1c <xMsgTask01Handle>
    4024:	00000693          	addi	a3,zero,0
    4028:	10000613          	addi	a2,zero,256
    402c:	ea440593          	addi	a1,s0,-348 # 5ea4 <__umoddi3+0xccc>
    4030:	06c50513          	addi	a0,a0,108 # 406c <vMsgTask01>
    4034:	f28fd0ef          	jal	ra,175c <xTaskCreate>
    4038:	00950663          	beq	a0,s1,4044 <vMsgBenchmarkInit+0xc4>
    403c:	ea440513          	addi	a0,s0,-348
    4040:	f05ff0ef          	jal	ra,3f44 <rheal_print_create_failed>
    4044:	00812403          	lw	s0,8(sp)
    4048:	00c12083          	lw	ra,12(sp)
    404c:	00412483          	lw	s1,4(sp)
    4050:	00000513          	addi	a0,zero,0
    4054:	01010113          	addi	sp,sp,16
    4058:	9a5fd06f          	jal	zero,19fc <vTaskDelete>
    405c:	c047a683          	lw	a3,-1020(a5)
    4060:	00168693          	addi	a3,a3,1
    4064:	c0d7a223          	sw	a3,-1020(a5)
    4068:	f6dff06f          	jal	zero,3fd4 <vMsgBenchmarkInit+0x54>

0000406c <vMsgTask01>:
    406c:	fe010113          	addi	sp,sp,-32
    4070:	01312623          	sw	s3,12(sp)
    4074:	100059b7          	lui	s3,0x10005
    4078:	c149a503          	lw	a0,-1004(s3) # 10004c14 <xMsgQueue>
    407c:	00812c23          	sw	s0,24(sp)
    4080:	10005437          	lui	s0,0x10005
    4084:	00000693          	addi	a3,zero,0
    4088:	fff00613          	addi	a2,zero,-1
    408c:	b4040593          	addi	a1,s0,-1216 # 10004b40 <msg_buffer>
    4090:	00112e23          	sw	ra,28(sp)
    4094:	00912a23          	sw	s1,20(sp)
    4098:	01212823          	sw	s2,16(sp)
    409c:	b45fe0ef          	jal	ra,2be0 <xQueueGenericSend>
    40a0:	100057b7          	lui	a5,0x10005
    40a4:	000064b7          	lui	s1,0x6
    40a8:	00004537          	lui	a0,0x4
    40ac:	c1878793          	addi	a5,a5,-1000 # 10004c18 <xMsgTask02Handle>
    40b0:	00300713          	addi	a4,zero,3
    40b4:	00000693          	addi	a3,zero,0
    40b8:	10000613          	addi	a2,zero,256
    40bc:	eac48593          	addi	a1,s1,-340 # 5eac <__umoddi3+0xcd4>
    40c0:	14850513          	addi	a0,a0,328 # 4148 <vMsgTask02>
    40c4:	e98fd0ef          	jal	ra,175c <xTaskCreate>
    40c8:	00100793          	addi	a5,zero,1
    40cc:	00f50a63          	beq	a0,a5,40e0 <vMsgTask01+0x74>
    40d0:	eac48513          	addi	a0,s1,-340
    40d4:	e71ff0ef          	jal	ra,3f44 <rheal_print_create_failed>
    40d8:	00000513          	addi	a0,zero,0
    40dc:	921fd0ef          	jal	ra,19fc <vTaskDelete>
    40e0:	0000c4b7          	lui	s1,0xc
    40e4:	10005937          	lui	s2,0x10005
    40e8:	34f48493          	addi	s1,s1,847 # c34f <_data_load+0x6117>
    40ec:	b4040413          	addi	s0,s0,-1216
    40f0:	c0492783          	lw	a5,-1020(s2) # 10004c04 <msg_count>
    40f4:	02f4f863          	bgeu	s1,a5,4124 <vMsgTask01+0xb8>
    40f8:	00006537          	lui	a0,0x6
    40fc:	eb450513          	addi	a0,a0,-332 # 5eb4 <__umoddi3+0xcdc>
    4100:	a2cfd0ef          	jal	ra,132c <shell_puts>
    4104:	01812403          	lw	s0,24(sp)
    4108:	01c12083          	lw	ra,28(sp)
    410c:	01412483          	lw	s1,20(sp)
    4110:	01012903          	lw	s2,16(sp)
    4114:	00c12983          	lw	s3,12(sp)
    4118:	00000513          	addi	a0,zero,0
    411c:	02010113          	addi	sp,sp,32
    4120:	8ddfd06f          	jal	zero,19fc <vTaskDelete>
    4124:	c149a503          	lw	a0,-1004(s3)
    4128:	00000693          	addi	a3,zero,0
    412c:	fff00613          	addi	a2,zero,-1
    4130:	00040593          	addi	a1,s0,0
    4134:	aadfe0ef          	jal	ra,2be0 <xQueueGenericSend>
    4138:	c0492783          	lw	a5,-1020(s2)
    413c:	00178793          	addi	a5,a5,1
    4140:	c0f92223          	sw	a5,-1020(s2)
    4144:	fadff06f          	jal	zero,40f0 <vMsgTask01+0x84>

00004148 <vMsgTask02>:
    4148:	fd010113          	addi	sp,sp,-48
    414c:	02112623          	sw	ra,44(sp)
    4150:	02812423          	sw	s0,40(sp)
    4154:	02912223          	sw	s1,36(sp)
    4158:	03212023          	sw	s2,32(sp)
    415c:	01312e23          	sw	s3,28(sp)
    4160:	01412c23          	sw	s4,24(sp)
    4164:	c0002473          	csrrs	s0,cycle,zero
    4168:	100059b7          	lui	s3,0x10005
    416c:	c149a503          	lw	a0,-1004(s3) # 10004c14 <xMsgQueue>
    4170:	fff00613          	addi	a2,zero,-1
    4174:	00010593          	addi	a1,sp,0
    4178:	c75fe0ef          	jal	ra,2dec <xQueueReceive>
    417c:	c00027f3          	csrrs	a5,cycle,zero
    4180:	10005937          	lui	s2,0x10005
    4184:	408787b3          	sub	a5,a5,s0
    4188:	c0f92423          	sw	a5,-1016(s2) # 10004c08 <msg_receive_overhead>
    418c:	c0002a73          	csrrs	s4,cycle,zero
    4190:	10005437          	lui	s0,0x10005
    4194:	0000c4b7          	lui	s1,0xc
    4198:	c0042223          	sw	zero,-1020(s0) # 10004c04 <msg_count>
    419c:	34e48493          	addi	s1,s1,846 # c34e <_data_load+0x6116>
    41a0:	c0442783          	lw	a5,-1020(s0)
    41a4:	0af4f463          	bgeu	s1,a5,424c <vMsgTask02+0x104>
    41a8:	c00027f3          	csrrs	a5,cycle,zero
    41ac:	10005737          	lui	a4,0x10005
    41b0:	414787b3          	sub	a5,a5,s4
    41b4:	c0f72823          	sw	a5,-1008(a4) # 10004c10 <msg_elapsed>
    41b8:	c1072783          	lw	a5,-1008(a4)
    41bc:	10005737          	lui	a4,0x10005
    41c0:	c0c72703          	lw	a4,-1012(a4) # 10004c0c <msg_loop_overhead>
    41c4:	c0892683          	lw	a3,-1016(s2)
    41c8:	00000413          	addi	s0,zero,0
    41cc:	00f77e63          	bgeu	a4,a5,41e8 <vMsgTask02+0xa0>
    41d0:	40e787b3          	sub	a5,a5,a4
    41d4:	0000c737          	lui	a4,0xc
    41d8:	34f70713          	addi	a4,a4,847 # c34f <_data_load+0x6117>
    41dc:	02e7d7b3          	divu	a5,a5,a4
    41e0:	00f6f463          	bgeu	a3,a5,41e8 <vMsgTask02+0xa0>
    41e4:	40d78433          	sub	s0,a5,a3
    41e8:	00006537          	lui	a0,0x6
    41ec:	ee850513          	addi	a0,a0,-280 # 5ee8 <__umoddi3+0xd10>
    41f0:	93cfd0ef          	jal	ra,132c <shell_puts>
    41f4:	00006537          	lui	a0,0x6
    41f8:	e2050513          	addi	a0,a0,-480 # 5e20 <__umoddi3+0xc48>
    41fc:	930fd0ef          	jal	ra,132c <shell_puts>
    4200:	00000593          	addi	a1,zero,0
    4204:	00040513          	addi	a0,s0,0
    4208:	928fd0ef          	jal	ra,1330 <shell_put_u64>
    420c:	00006537          	lui	a0,0x6
    4210:	e2450513          	addi	a0,a0,-476 # 5e24 <__umoddi3+0xc4c>
    4214:	918fd0ef          	jal	ra,132c <shell_puts>
    4218:	100057b7          	lui	a5,0x10005
    421c:	c1c7a503          	lw	a0,-996(a5) # 10004c1c <xMsgTask01Handle>
    4220:	fdcfd0ef          	jal	ra,19fc <vTaskDelete>
    4224:	00000513          	addi	a0,zero,0
    4228:	fd4fd0ef          	jal	ra,19fc <vTaskDelete>
    422c:	02c12083          	lw	ra,44(sp)
    4230:	02812403          	lw	s0,40(sp)
    4234:	02412483          	lw	s1,36(sp)
    4238:	02012903          	lw	s2,32(sp)
    423c:	01c12983          	lw	s3,28(sp)
    4240:	01812a03          	lw	s4,24(sp)
    4244:	03010113          	addi	sp,sp,48
    4248:	00008067          	jalr	zero,0(ra)
    424c:	c149a503          	lw	a0,-1004(s3)
    4250:	fff00613          	addi	a2,zero,-1
    4254:	00010593          	addi	a1,sp,0
    4258:	b95fe0ef          	jal	ra,2dec <xQueueReceive>
    425c:	c0442783          	lw	a5,-1020(s0)
    4260:	00178793          	addi	a5,a5,1
    4264:	c0f42223          	sw	a5,-1020(s0)
    4268:	f39ff06f          	jal	zero,41a0 <vMsgTask02+0x58>

0000426c <rhealstone_message_latency_start>:
    426c:	00006537          	lui	a0,0x6
    4270:	ff010113          	addi	sp,sp,-16
    4274:	e3050513          	addi	a0,a0,-464 # 5e30 <__umoddi3+0xc58>
    4278:	00112623          	sw	ra,12(sp)
    427c:	00812423          	sw	s0,8(sp)
    4280:	8acfd0ef          	jal	ra,132c <shell_puts>
    4284:	00006537          	lui	a0,0x6
    4288:	f1050513          	addi	a0,a0,-240 # 5f10 <__umoddi3+0xd38>
    428c:	8a0fd0ef          	jal	ra,132c <shell_puts>
    4290:	00006537          	lui	a0,0x6
    4294:	a9050513          	addi	a0,a0,-1392 # 5a90 <__umoddi3+0x8b8>
    4298:	894fd0ef          	jal	ra,132c <shell_puts>
    429c:	00006437          	lui	s0,0x6
    42a0:	00004537          	lui	a0,0x4
    42a4:	00000793          	addi	a5,zero,0
    42a8:	00400713          	addi	a4,zero,4
    42ac:	00000693          	addi	a3,zero,0
    42b0:	20000613          	addi	a2,zero,512
    42b4:	f2040593          	addi	a1,s0,-224 # 5f20 <__umoddi3+0xd48>
    42b8:	f8050513          	addi	a0,a0,-128 # 3f80 <vMsgBenchmarkInit>
    42bc:	ca0fd0ef          	jal	ra,175c <xTaskCreate>
    42c0:	00100793          	addi	a5,zero,1
    42c4:	00f50c63          	beq	a0,a5,42dc <rhealstone_message_latency_start+0x70>
    42c8:	f2040513          	addi	a0,s0,-224
    42cc:	00812403          	lw	s0,8(sp)
    42d0:	00c12083          	lw	ra,12(sp)
    42d4:	01010113          	addi	sp,sp,16
    42d8:	c6dff06f          	jal	zero,3f44 <rheal_print_create_failed>
    42dc:	00c12083          	lw	ra,12(sp)
    42e0:	00812403          	lw	s0,8(sp)
    42e4:	01010113          	addi	sp,sp,16
    42e8:	00008067          	jalr	zero,0(ra)

000042ec <vSemTask01>:
    42ec:	ff010113          	addi	sp,sp,-16
    42f0:	00812423          	sw	s0,8(sp)
    42f4:	00912223          	sw	s1,4(sp)
    42f8:	01212023          	sw	s2,0(sp)
    42fc:	00112623          	sw	ra,12(sp)
    4300:	10005437          	lui	s0,0x10005
    4304:	00100493          	addi	s1,zero,1
    4308:	10005937          	lui	s2,0x10005
    430c:	c2042783          	lw	a5,-992(s0) # 10004c20 <sem_exe>
    4310:	00979863          	bne	a5,s1,4320 <vSemTask01+0x34>
    4314:	c3092503          	lw	a0,-976(s2) # 10004c30 <xSemSemaphore>
    4318:	fff00593          	addi	a1,zero,-1
    431c:	c71fe0ef          	jal	ra,2f8c <xQueueSemaphoreTake>
    4320:	00000073          	ecall
    4324:	c2042783          	lw	a5,-992(s0)
    4328:	00979c63          	bne	a5,s1,4340 <vSemTask01+0x54>
    432c:	c3092503          	lw	a0,-976(s2)
    4330:	00000693          	addi	a3,zero,0
    4334:	00000613          	addi	a2,zero,0
    4338:	00000593          	addi	a1,zero,0
    433c:	8a5fe0ef          	jal	ra,2be0 <xQueueGenericSend>
    4340:	00000073          	ecall
    4344:	fc9ff06f          	jal	zero,430c <vSemTask01+0x20>

00004348 <rheal_print_create_failed>:
    4348:	ff010113          	addi	sp,sp,-16
    434c:	00812423          	sw	s0,8(sp)
    4350:	00050413          	addi	s0,a0,0
    4354:	00006537          	lui	a0,0x6
    4358:	da850513          	addi	a0,a0,-600 # 5da8 <__umoddi3+0xbd0>
    435c:	00112623          	sw	ra,12(sp)
    4360:	fcdfc0ef          	jal	ra,132c <shell_puts>
    4364:	00040513          	addi	a0,s0,0
    4368:	fc5fc0ef          	jal	ra,132c <shell_puts>
    436c:	00812403          	lw	s0,8(sp)
    4370:	00c12083          	lw	ra,12(sp)
    4374:	00006537          	lui	a0,0x6
    4378:	a9050513          	addi	a0,a0,-1392 # 5a90 <__umoddi3+0x8b8>
    437c:	01010113          	addi	sp,sp,16
    4380:	fadfc06f          	jal	zero,132c <shell_puts>

00004384 <vSemBenchmarkInit>:
    4384:	100057b7          	lui	a5,0x10005
    4388:	ff010113          	addi	sp,sp,-16
    438c:	00300613          	addi	a2,zero,3
    4390:	c207a223          	sw	zero,-988(a5) # 10004c24 <sem_count>
    4394:	00000593          	addi	a1,zero,0
    4398:	100057b7          	lui	a5,0x10005
    439c:	00100513          	addi	a0,zero,1
    43a0:	00812423          	sw	s0,8(sp)
    43a4:	00112623          	sw	ra,12(sp)
    43a8:	c207a023          	sw	zero,-992(a5) # 10004c20 <sem_exe>
    43ac:	10005437          	lui	s0,0x10005
    43b0:	fa8fe0ef          	jal	ra,2b58 <xQueueGenericCreate>
    43b4:	c2a42823          	sw	a0,-976(s0) # 10004c30 <xSemSemaphore>
    43b8:	00051c63          	bne	a0,zero,43d0 <vSemBenchmarkInit+0x4c>
    43bc:	00006537          	lui	a0,0x6
    43c0:	f2850513          	addi	a0,a0,-216 # 5f28 <__umoddi3+0xd50>
    43c4:	f85ff0ef          	jal	ra,4348 <rheal_print_create_failed>
    43c8:	00000513          	addi	a0,zero,0
    43cc:	e30fd0ef          	jal	ra,19fc <vTaskDelete>
    43d0:	c3042503          	lw	a0,-976(s0)
    43d4:	00000693          	addi	a3,zero,0
    43d8:	00000613          	addi	a2,zero,0
    43dc:	00000593          	addi	a1,zero,0
    43e0:	801fe0ef          	jal	ra,2be0 <xQueueGenericSend>
    43e4:	100057b7          	lui	a5,0x10005
    43e8:	00006437          	lui	s0,0x6
    43ec:	00004537          	lui	a0,0x4
    43f0:	c3878793          	addi	a5,a5,-968 # 10004c38 <xSemTask01Handle>
    43f4:	00200713          	addi	a4,zero,2
    43f8:	00000693          	addi	a3,zero,0
    43fc:	10000613          	addi	a2,zero,256
    4400:	f3040593          	addi	a1,s0,-208 # 5f30 <__umoddi3+0xd58>
    4404:	2ec50513          	addi	a0,a0,748 # 42ec <vSemTask01>
    4408:	b54fd0ef          	jal	ra,175c <xTaskCreate>
    440c:	00100793          	addi	a5,zero,1
    4410:	00f50a63          	beq	a0,a5,4424 <vSemBenchmarkInit+0xa0>
    4414:	f3040513          	addi	a0,s0,-208
    4418:	f31ff0ef          	jal	ra,4348 <rheal_print_create_failed>
    441c:	00000513          	addi	a0,zero,0
    4420:	ddcfd0ef          	jal	ra,19fc <vTaskDelete>
    4424:	100057b7          	lui	a5,0x10005
    4428:	00006437          	lui	s0,0x6
    442c:	00004537          	lui	a0,0x4
    4430:	c3478793          	addi	a5,a5,-972 # 10004c34 <xSemTask02Handle>
    4434:	00200713          	addi	a4,zero,2
    4438:	00000693          	addi	a3,zero,0
    443c:	10000613          	addi	a2,zero,256
    4440:	f3840593          	addi	a1,s0,-200 # 5f38 <__umoddi3+0xd60>
    4444:	47050513          	addi	a0,a0,1136 # 4470 <vSemTask02>
    4448:	b14fd0ef          	jal	ra,175c <xTaskCreate>
    444c:	00100793          	addi	a5,zero,1
    4450:	00f50663          	beq	a0,a5,445c <vSemBenchmarkInit+0xd8>
    4454:	f3840513          	addi	a0,s0,-200
    4458:	ef1ff0ef          	jal	ra,4348 <rheal_print_create_failed>
    445c:	00812403          	lw	s0,8(sp)
    4460:	00c12083          	lw	ra,12(sp)
    4464:	00000513          	addi	a0,zero,0
    4468:	01010113          	addi	sp,sp,16
    446c:	d90fd06f          	jal	zero,19fc <vTaskDelete>

00004470 <vSemTask02>:
    4470:	fe010113          	addi	sp,sp,-32
    4474:	00112e23          	sw	ra,28(sp)
    4478:	00812c23          	sw	s0,24(sp)
    447c:	00912a23          	sw	s1,20(sp)
    4480:	01212823          	sw	s2,16(sp)
    4484:	01312623          	sw	s3,12(sp)
    4488:	01412423          	sw	s4,8(sp)
    448c:	01512223          	sw	s5,4(sp)
    4490:	01612023          	sw	s6,0(sp)
    4494:	c0002af3          	csrrs	s5,cycle,zero
    4498:	10005437          	lui	s0,0x10005
    449c:	0000c4b7          	lui	s1,0xc
    44a0:	c2042223          	sw	zero,-988(s0) # 10004c24 <sem_count>
    44a4:	34f48493          	addi	s1,s1,847 # c34f <_data_load+0x6117>
    44a8:	10005937          	lui	s2,0x10005
    44ac:	00100993          	addi	s3,zero,1
    44b0:	10005a37          	lui	s4,0x10005
    44b4:	c2442783          	lw	a5,-988(s0)
    44b8:	0ef4fc63          	bgeu	s1,a5,45b0 <vSemTask02+0x140>
    44bc:	c00027f3          	csrrs	a5,cycle,zero
    44c0:	100054b7          	lui	s1,0x10005
    44c4:	415787b3          	sub	a5,a5,s5
    44c8:	c2f4a623          	sw	a5,-980(s1) # 10004c2c <sem_elapsed>
    44cc:	c2c4a783          	lw	a5,-980(s1)
    44d0:	10005a37          	lui	s4,0x10005
    44d4:	c2fa2423          	sw	a5,-984(s4) # 10004c28 <sem_switch_overhead>
    44d8:	c2042223          	sw	zero,-988(s0)
    44dc:	00100793          	addi	a5,zero,1
    44e0:	c2f92023          	sw	a5,-992(s2) # 10004c20 <sem_exe>
    44e4:	10005937          	lui	s2,0x10005
    44e8:	c3892503          	lw	a0,-968(s2) # 10004c38 <xSemTask01Handle>
    44ec:	cadfd0ef          	jal	ra,2198 <vTaskSuspend>
    44f0:	c3892503          	lw	a0,-968(s2)
    44f4:	e5cfd0ef          	jal	ra,1b50 <vTaskResume>
    44f8:	c0002b73          	csrrs	s6,cycle,zero
    44fc:	0000c9b7          	lui	s3,0xc
    4500:	c2042223          	sw	zero,-988(s0)
    4504:	34f98993          	addi	s3,s3,847 # c34f <_data_load+0x6117>
    4508:	10005ab7          	lui	s5,0x10005
    450c:	c2442783          	lw	a5,-988(s0)
    4510:	0ef9f463          	bgeu	s3,a5,45f8 <vSemTask02+0x188>
    4514:	c00027f3          	csrrs	a5,cycle,zero
    4518:	416787b3          	sub	a5,a5,s6
    451c:	c2f4a623          	sw	a5,-980(s1)
    4520:	c2c4a783          	lw	a5,-980(s1)
    4524:	c28a2703          	lw	a4,-984(s4)
    4528:	00000413          	addi	s0,zero,0
    452c:	02f77063          	bgeu	a4,a5,454c <vSemTask02+0xdc>
    4530:	40e787b3          	sub	a5,a5,a4
    4534:	00018737          	lui	a4,0x18
    4538:	69f70713          	addi	a4,a4,1695 # 1869f <_data_load+0x12467>
    453c:	00f77863          	bgeu	a4,a5,454c <vSemTask02+0xdc>
    4540:	00018437          	lui	s0,0x18
    4544:	6a040413          	addi	s0,s0,1696 # 186a0 <_data_load+0x12468>
    4548:	0287d433          	divu	s0,a5,s0
    454c:	00006537          	lui	a0,0x6
    4550:	f4050513          	addi	a0,a0,-192 # 5f40 <__umoddi3+0xd68>
    4554:	dd9fc0ef          	jal	ra,132c <shell_puts>
    4558:	00006537          	lui	a0,0x6
    455c:	e2050513          	addi	a0,a0,-480 # 5e20 <__umoddi3+0xc48>
    4560:	dcdfc0ef          	jal	ra,132c <shell_puts>
    4564:	00040513          	addi	a0,s0,0
    4568:	00000593          	addi	a1,zero,0
    456c:	dc5fc0ef          	jal	ra,1330 <shell_put_u64>
    4570:	00006537          	lui	a0,0x6
    4574:	e2450513          	addi	a0,a0,-476 # 5e24 <__umoddi3+0xc4c>
    4578:	db5fc0ef          	jal	ra,132c <shell_puts>
    457c:	c3892503          	lw	a0,-968(s2)
    4580:	c7cfd0ef          	jal	ra,19fc <vTaskDelete>
    4584:	01812403          	lw	s0,24(sp)
    4588:	01c12083          	lw	ra,28(sp)
    458c:	01412483          	lw	s1,20(sp)
    4590:	01012903          	lw	s2,16(sp)
    4594:	00c12983          	lw	s3,12(sp)
    4598:	00812a03          	lw	s4,8(sp)
    459c:	00412a83          	lw	s5,4(sp)
    45a0:	00012b03          	lw	s6,0(sp)
    45a4:	00000513          	addi	a0,zero,0
    45a8:	02010113          	addi	sp,sp,32
    45ac:	c50fd06f          	jal	zero,19fc <vTaskDelete>
    45b0:	c2092783          	lw	a5,-992(s2)
    45b4:	01379863          	bne	a5,s3,45c4 <vSemTask02+0x154>
    45b8:	c30a2503          	lw	a0,-976(s4)
    45bc:	fff00593          	addi	a1,zero,-1
    45c0:	9cdfe0ef          	jal	ra,2f8c <xQueueSemaphoreTake>
    45c4:	00000073          	ecall
    45c8:	c2092783          	lw	a5,-992(s2)
    45cc:	01379c63          	bne	a5,s3,45e4 <vSemTask02+0x174>
    45d0:	c30a2503          	lw	a0,-976(s4)
    45d4:	00000693          	addi	a3,zero,0
    45d8:	00000613          	addi	a2,zero,0
    45dc:	00000593          	addi	a1,zero,0
    45e0:	e00fe0ef          	jal	ra,2be0 <xQueueGenericSend>
    45e4:	00000073          	ecall
    45e8:	c2442783          	lw	a5,-988(s0)
    45ec:	00178793          	addi	a5,a5,1
    45f0:	c2f42223          	sw	a5,-988(s0)
    45f4:	ec1ff06f          	jal	zero,44b4 <vSemTask02+0x44>
    45f8:	c30aa503          	lw	a0,-976(s5) # 10004c30 <xSemSemaphore>
    45fc:	fff00593          	addi	a1,zero,-1
    4600:	98dfe0ef          	jal	ra,2f8c <xQueueSemaphoreTake>
    4604:	00000073          	ecall
    4608:	c30aa503          	lw	a0,-976(s5)
    460c:	00000693          	addi	a3,zero,0
    4610:	00000613          	addi	a2,zero,0
    4614:	00000593          	addi	a1,zero,0
    4618:	dc8fe0ef          	jal	ra,2be0 <xQueueGenericSend>
    461c:	00000073          	ecall
    4620:	c2442783          	lw	a5,-988(s0)
    4624:	00178793          	addi	a5,a5,1
    4628:	c2f42223          	sw	a5,-988(s0)
    462c:	ee1ff06f          	jal	zero,450c <vSemTask02+0x9c>

00004630 <rhealstone_semaphore_shuffle_start>:
    4630:	00006537          	lui	a0,0x6
    4634:	ff010113          	addi	sp,sp,-16
    4638:	e3050513          	addi	a0,a0,-464 # 5e30 <__umoddi3+0xc58>
    463c:	00112623          	sw	ra,12(sp)
    4640:	00812423          	sw	s0,8(sp)
    4644:	ce9fc0ef          	jal	ra,132c <shell_puts>
    4648:	00006537          	lui	a0,0x6
    464c:	f6050513          	addi	a0,a0,-160 # 5f60 <__umoddi3+0xd88>
    4650:	cddfc0ef          	jal	ra,132c <shell_puts>
    4654:	00006537          	lui	a0,0x6
    4658:	a9050513          	addi	a0,a0,-1392 # 5a90 <__umoddi3+0x8b8>
    465c:	cd1fc0ef          	jal	ra,132c <shell_puts>
    4660:	00006437          	lui	s0,0x6
    4664:	00004537          	lui	a0,0x4
    4668:	00000793          	addi	a5,zero,0
    466c:	00300713          	addi	a4,zero,3
    4670:	00000693          	addi	a3,zero,0
    4674:	20000613          	addi	a2,zero,512
    4678:	f7440593          	addi	a1,s0,-140 # 5f74 <__umoddi3+0xd9c>
    467c:	38450513          	addi	a0,a0,900 # 4384 <vSemBenchmarkInit>
    4680:	8dcfd0ef          	jal	ra,175c <xTaskCreate>
    4684:	00100793          	addi	a5,zero,1
    4688:	00f50c63          	beq	a0,a5,46a0 <rhealstone_semaphore_shuffle_start+0x70>
    468c:	f7440513          	addi	a0,s0,-140
    4690:	00812403          	lw	s0,8(sp)
    4694:	00c12083          	lw	ra,12(sp)
    4698:	01010113          	addi	sp,sp,16
    469c:	cadff06f          	jal	zero,4348 <rheal_print_create_failed>
    46a0:	00c12083          	lw	ra,12(sp)
    46a4:	00812403          	lw	s0,8(sp)
    46a8:	01010113          	addi	sp,sp,16
    46ac:	00008067          	jalr	zero,0(ra)

000046b0 <vDeadTask03>:
    46b0:	fe010113          	addi	sp,sp,-32
    46b4:	00812c23          	sw	s0,24(sp)
    46b8:	00912a23          	sw	s1,20(sp)
    46bc:	01212823          	sw	s2,16(sp)
    46c0:	01412423          	sw	s4,8(sp)
    46c4:	01512223          	sw	s5,4(sp)
    46c8:	00112e23          	sw	ra,28(sp)
    46cc:	01312623          	sw	s3,12(sp)
    46d0:	10005437          	lui	s0,0x10005
    46d4:	00100493          	addi	s1,zero,1
    46d8:	10005937          	lui	s2,0x10005
    46dc:	10005a37          	lui	s4,0x10005
    46e0:	10005ab7          	lui	s5,0x10005
    46e4:	c3c42783          	lw	a5,-964(s0) # 10004c3c <dead_sem_exe>
    46e8:	00979863          	bne	a5,s1,46f8 <vDeadTask03+0x48>
    46ec:	c5092503          	lw	a0,-944(s2) # 10004c50 <xDeadMutex>
    46f0:	fff00593          	addi	a1,zero,-1
    46f4:	899fe0ef          	jal	ra,2f8c <xQueueSemaphoreTake>
    46f8:	c58a2503          	lw	a0,-936(s4) # 10004c58 <xDeadTask02Handle>
    46fc:	000059b7          	lui	s3,0x5
    4700:	e1f98993          	addi	s3,s3,-481 # 4e1f <__udivdi3+0x33>
    4704:	c4cfd0ef          	jal	ra,1b50 <vTaskResume>
    4708:	c4caa783          	lw	a5,-948(s5) # 10004c4c <dead_count>
    470c:	fcf9ece3          	bltu	s3,a5,46e4 <vDeadTask03+0x34>
    4710:	c3c42783          	lw	a5,-964(s0)
    4714:	00979c63          	bne	a5,s1,472c <vDeadTask03+0x7c>
    4718:	c5092503          	lw	a0,-944(s2)
    471c:	00000693          	addi	a3,zero,0
    4720:	00000613          	addi	a2,zero,0
    4724:	00000593          	addi	a1,zero,0
    4728:	cb8fe0ef          	jal	ra,2be0 <xQueueGenericSend>
    472c:	c3c42783          	lw	a5,-964(s0)
    4730:	00979863          	bne	a5,s1,4740 <vDeadTask03+0x90>
    4734:	c5092503          	lw	a0,-944(s2)
    4738:	fff00593          	addi	a1,zero,-1
    473c:	851fe0ef          	jal	ra,2f8c <xQueueSemaphoreTake>
    4740:	c58a2503          	lw	a0,-936(s4)
    4744:	c0cfd0ef          	jal	ra,1b50 <vTaskResume>
    4748:	fc1ff06f          	jal	zero,4708 <vDeadTask03+0x58>

0000474c <vDeadTask02>:
    474c:	ff010113          	addi	sp,sp,-16
    4750:	00812423          	sw	s0,8(sp)
    4754:	00112623          	sw	ra,12(sp)
    4758:	10005437          	lui	s0,0x10005
    475c:	c5c42503          	lw	a0,-932(s0) # 10004c5c <xDeadTask01Handle>
    4760:	bf0fd0ef          	jal	ra,1b50 <vTaskResume>
    4764:	00000513          	addi	a0,zero,0
    4768:	a31fd0ef          	jal	ra,2198 <vTaskSuspend>
    476c:	ff1ff06f          	jal	zero,475c <vDeadTask02+0x10>

00004770 <rheal_print_create_failed>:
    4770:	ff010113          	addi	sp,sp,-16
    4774:	00812423          	sw	s0,8(sp)
    4778:	00050413          	addi	s0,a0,0
    477c:	00006537          	lui	a0,0x6
    4780:	da850513          	addi	a0,a0,-600 # 5da8 <__umoddi3+0xbd0>
    4784:	00112623          	sw	ra,12(sp)
    4788:	ba5fc0ef          	jal	ra,132c <shell_puts>
    478c:	00040513          	addi	a0,s0,0
    4790:	b9dfc0ef          	jal	ra,132c <shell_puts>
    4794:	00812403          	lw	s0,8(sp)
    4798:	00c12083          	lw	ra,12(sp)
    479c:	00006537          	lui	a0,0x6
    47a0:	a9050513          	addi	a0,a0,-1392 # 5a90 <__umoddi3+0x8b8>
    47a4:	01010113          	addi	sp,sp,16
    47a8:	b85fc06f          	jal	zero,132c <shell_puts>

000047ac <vDeadBenchmarkInit>:
    47ac:	100057b7          	lui	a5,0x10005
    47b0:	ff010113          	addi	sp,sp,-16
    47b4:	00100513          	addi	a0,zero,1
    47b8:	c407a623          	sw	zero,-948(a5) # 10004c4c <dead_count>
    47bc:	100057b7          	lui	a5,0x10005
    47c0:	00812423          	sw	s0,8(sp)
    47c4:	00112623          	sw	ra,12(sp)
    47c8:	00912223          	sw	s1,4(sp)
    47cc:	01212023          	sw	s2,0(sp)
    47d0:	c207ae23          	sw	zero,-964(a5) # 10004c3c <dead_sem_exe>
    47d4:	10005437          	lui	s0,0x10005
    47d8:	dc0fe0ef          	jal	ra,2d98 <xQueueCreateMutex>
    47dc:	c4a42823          	sw	a0,-944(s0) # 10004c50 <xDeadMutex>
    47e0:	00051c63          	bne	a0,zero,47f8 <vDeadBenchmarkInit+0x4c>
    47e4:	00006537          	lui	a0,0x6
    47e8:	f7c50513          	addi	a0,a0,-132 # 5f7c <__umoddi3+0xda4>
    47ec:	f85ff0ef          	jal	ra,4770 <rheal_print_create_failed>
    47f0:	00000513          	addi	a0,zero,0
    47f4:	a08fd0ef          	jal	ra,19fc <vTaskDelete>
    47f8:	c00024f3          	csrrs	s1,cycle,zero
    47fc:	c5042503          	lw	a0,-944(s0)
    4800:	fff00593          	addi	a1,zero,-1
    4804:	f88fe0ef          	jal	ra,2f8c <xQueueSemaphoreTake>
    4808:	c00027f3          	csrrs	a5,cycle,zero
    480c:	c5042503          	lw	a0,-944(s0)
    4810:	409787b3          	sub	a5,a5,s1
    4814:	10005737          	lui	a4,0x10005
    4818:	00000693          	addi	a3,zero,0
    481c:	00000613          	addi	a2,zero,0
    4820:	00000593          	addi	a1,zero,0
    4824:	c4f72023          	sw	a5,-960(a4) # 10004c40 <dead_obtain_overhead>
    4828:	bb8fe0ef          	jal	ra,2be0 <xQueueGenericSend>
    482c:	100054b7          	lui	s1,0x10005
    4830:	00006437          	lui	s0,0x6
    4834:	00005537          	lui	a0,0x5
    4838:	c5c48793          	addi	a5,s1,-932 # 10004c5c <xDeadTask01Handle>
    483c:	00400713          	addi	a4,zero,4
    4840:	00000693          	addi	a3,zero,0
    4844:	10000613          	addi	a2,zero,256
    4848:	f8440593          	addi	a1,s0,-124 # 5f84 <__umoddi3+0xdac>
    484c:	91850513          	addi	a0,a0,-1768 # 4918 <vDeadTask01>
    4850:	f0dfc0ef          	jal	ra,175c <xTaskCreate>
    4854:	00100793          	addi	a5,zero,1
    4858:	00f50a63          	beq	a0,a5,486c <vDeadBenchmarkInit+0xc0>
    485c:	f8440513          	addi	a0,s0,-124
    4860:	f11ff0ef          	jal	ra,4770 <rheal_print_create_failed>
    4864:	00000513          	addi	a0,zero,0
    4868:	994fd0ef          	jal	ra,19fc <vTaskDelete>
    486c:	10005437          	lui	s0,0x10005
    4870:	00006937          	lui	s2,0x6
    4874:	00004537          	lui	a0,0x4
    4878:	c5840793          	addi	a5,s0,-936 # 10004c58 <xDeadTask02Handle>
    487c:	00300713          	addi	a4,zero,3
    4880:	00000693          	addi	a3,zero,0
    4884:	10000613          	addi	a2,zero,256
    4888:	f8c90593          	addi	a1,s2,-116 # 5f8c <__umoddi3+0xdb4>
    488c:	74c50513          	addi	a0,a0,1868 # 474c <vDeadTask02>
    4890:	ecdfc0ef          	jal	ra,175c <xTaskCreate>
    4894:	00100793          	addi	a5,zero,1
    4898:	00f50a63          	beq	a0,a5,48ac <vDeadBenchmarkInit+0x100>
    489c:	f8c90513          	addi	a0,s2,-116
    48a0:	ed1ff0ef          	jal	ra,4770 <rheal_print_create_failed>
    48a4:	00000513          	addi	a0,zero,0
    48a8:	954fd0ef          	jal	ra,19fc <vTaskDelete>
    48ac:	100057b7          	lui	a5,0x10005
    48b0:	00006937          	lui	s2,0x6
    48b4:	00004537          	lui	a0,0x4
    48b8:	c5478793          	addi	a5,a5,-940 # 10004c54 <xDeadTask03Handle>
    48bc:	00200713          	addi	a4,zero,2
    48c0:	00000693          	addi	a3,zero,0
    48c4:	10000613          	addi	a2,zero,256
    48c8:	f9490593          	addi	a1,s2,-108 # 5f94 <__umoddi3+0xdbc>
    48cc:	6b050513          	addi	a0,a0,1712 # 46b0 <vDeadTask03>
    48d0:	e8dfc0ef          	jal	ra,175c <xTaskCreate>
    48d4:	00100793          	addi	a5,zero,1
    48d8:	00f50a63          	beq	a0,a5,48ec <vDeadBenchmarkInit+0x140>
    48dc:	f9490513          	addi	a0,s2,-108
    48e0:	e91ff0ef          	jal	ra,4770 <rheal_print_create_failed>
    48e4:	00000513          	addi	a0,zero,0
    48e8:	914fd0ef          	jal	ra,19fc <vTaskDelete>
    48ec:	c5c4a503          	lw	a0,-932(s1)
    48f0:	8a9fd0ef          	jal	ra,2198 <vTaskSuspend>
    48f4:	c5842503          	lw	a0,-936(s0)
    48f8:	8a1fd0ef          	jal	ra,2198 <vTaskSuspend>
    48fc:	00812403          	lw	s0,8(sp)
    4900:	00c12083          	lw	ra,12(sp)
    4904:	00412483          	lw	s1,4(sp)
    4908:	00012903          	lw	s2,0(sp)
    490c:	00000513          	addi	a0,zero,0
    4910:	01010113          	addi	sp,sp,16
    4914:	8e8fd06f          	jal	zero,19fc <vTaskDelete>

00004918 <vDeadTask01>:
    4918:	fe010113          	addi	sp,sp,-32
    491c:	00112e23          	sw	ra,28(sp)
    4920:	00812c23          	sw	s0,24(sp)
    4924:	00912a23          	sw	s1,20(sp)
    4928:	01212823          	sw	s2,16(sp)
    492c:	01312623          	sw	s3,12(sp)
    4930:	01412423          	sw	s4,8(sp)
    4934:	01512223          	sw	s5,4(sp)
    4938:	c0002af3          	csrrs	s5,cycle,zero
    493c:	10005437          	lui	s0,0x10005
    4940:	00005937          	lui	s2,0x5
    4944:	c4042623          	sw	zero,-948(s0) # 10004c4c <dead_count>
    4948:	e1f90913          	addi	s2,s2,-481 # 4e1f <__udivdi3+0x33>
    494c:	100054b7          	lui	s1,0x10005
    4950:	00100993          	addi	s3,zero,1
    4954:	10005a37          	lui	s4,0x10005
    4958:	c4c42783          	lw	a5,-948(s0)
    495c:	06f97e63          	bgeu	s2,a5,49d8 <vDeadTask01+0xc0>
    4960:	c0002773          	csrrs	a4,cycle,zero
    4964:	100057b7          	lui	a5,0x10005
    4968:	41570733          	sub	a4,a4,s5
    496c:	c4e7a423          	sw	a4,-952(a5) # 10004c48 <dead_elapsed>
    4970:	c3c4a683          	lw	a3,-964(s1) # 10004c3c <dead_sem_exe>
    4974:	c487a783          	lw	a5,-952(a5)
    4978:	10005737          	lui	a4,0x10005
    497c:	100059b7          	lui	s3,0x10005
    4980:	10005937          	lui	s2,0x10005
    4984:	08069e63          	bne	a3,zero,4a20 <vDeadTask01+0x108>
    4988:	c589a503          	lw	a0,-936(s3) # 10004c58 <xDeadTask02Handle>
    498c:	c4f72223          	sw	a5,-956(a4) # 10004c44 <dead_switch_overhead>
    4990:	00100793          	addi	a5,zero,1
    4994:	c2f4ae23          	sw	a5,-964(s1)
    4998:	c4042623          	sw	zero,-948(s0)
    499c:	ffcfd0ef          	jal	ra,2198 <vTaskSuspend>
    49a0:	c5492503          	lw	a0,-940(s2) # 10004c54 <xDeadTask03Handle>
    49a4:	ff4fd0ef          	jal	ra,2198 <vTaskSuspend>
    49a8:	c5492503          	lw	a0,-940(s2)
    49ac:	9a4fd0ef          	jal	ra,1b50 <vTaskResume>
    49b0:	01812403          	lw	s0,24(sp)
    49b4:	01c12083          	lw	ra,28(sp)
    49b8:	01412483          	lw	s1,20(sp)
    49bc:	01012903          	lw	s2,16(sp)
    49c0:	00c12983          	lw	s3,12(sp)
    49c4:	00812a03          	lw	s4,8(sp)
    49c8:	00412a83          	lw	s5,4(sp)
    49cc:	00000513          	addi	a0,zero,0
    49d0:	02010113          	addi	sp,sp,32
    49d4:	fc4fd06f          	jal	zero,2198 <vTaskSuspend>
    49d8:	c3c4a783          	lw	a5,-964(s1)
    49dc:	01379863          	bne	a5,s3,49ec <vDeadTask01+0xd4>
    49e0:	c50a2503          	lw	a0,-944(s4) # 10004c50 <xDeadMutex>
    49e4:	fff00593          	addi	a1,zero,-1
    49e8:	da4fe0ef          	jal	ra,2f8c <xQueueSemaphoreTake>
    49ec:	c3c4a783          	lw	a5,-964(s1)
    49f0:	01379c63          	bne	a5,s3,4a08 <vDeadTask01+0xf0>
    49f4:	c50a2503          	lw	a0,-944(s4)
    49f8:	00000693          	addi	a3,zero,0
    49fc:	00000613          	addi	a2,zero,0
    4a00:	00000593          	addi	a1,zero,0
    4a04:	9dcfe0ef          	jal	ra,2be0 <xQueueGenericSend>
    4a08:	00000513          	addi	a0,zero,0
    4a0c:	f8cfd0ef          	jal	ra,2198 <vTaskSuspend>
    4a10:	c4c42783          	lw	a5,-948(s0)
    4a14:	00178793          	addi	a5,a5,1
    4a18:	c4f42623          	sw	a5,-948(s0)
    4a1c:	f3dff06f          	jal	zero,4958 <vDeadTask01+0x40>
    4a20:	c4472703          	lw	a4,-956(a4)
    4a24:	100056b7          	lui	a3,0x10005
    4a28:	c406a683          	lw	a3,-960(a3) # 10004c40 <dead_obtain_overhead>
    4a2c:	00000413          	addi	s0,zero,0
    4a30:	00f77e63          	bgeu	a4,a5,4a4c <vDeadTask01+0x134>
    4a34:	40e787b3          	sub	a5,a5,a4
    4a38:	00005737          	lui	a4,0x5
    4a3c:	e2070713          	addi	a4,a4,-480 # 4e20 <__udivdi3+0x34>
    4a40:	02e7d7b3          	divu	a5,a5,a4
    4a44:	00f6f463          	bgeu	a3,a5,4a4c <vDeadTask01+0x134>
    4a48:	40d78433          	sub	s0,a5,a3
    4a4c:	00006537          	lui	a0,0x6
    4a50:	f9c50513          	addi	a0,a0,-100 # 5f9c <__umoddi3+0xdc4>
    4a54:	8d9fc0ef          	jal	ra,132c <shell_puts>
    4a58:	00006537          	lui	a0,0x6
    4a5c:	e2050513          	addi	a0,a0,-480 # 5e20 <__umoddi3+0xc48>
    4a60:	8cdfc0ef          	jal	ra,132c <shell_puts>
    4a64:	00000593          	addi	a1,zero,0
    4a68:	00040513          	addi	a0,s0,0
    4a6c:	8c5fc0ef          	jal	ra,1330 <shell_put_u64>
    4a70:	00006537          	lui	a0,0x6
    4a74:	e2450513          	addi	a0,a0,-476 # 5e24 <__umoddi3+0xc4c>
    4a78:	8b5fc0ef          	jal	ra,132c <shell_puts>
    4a7c:	c589a503          	lw	a0,-936(s3)
    4a80:	f7dfc0ef          	jal	ra,19fc <vTaskDelete>
    4a84:	c5492503          	lw	a0,-940(s2)
    4a88:	f75fc0ef          	jal	ra,19fc <vTaskDelete>
    4a8c:	01812403          	lw	s0,24(sp)
    4a90:	01c12083          	lw	ra,28(sp)
    4a94:	01412483          	lw	s1,20(sp)
    4a98:	01012903          	lw	s2,16(sp)
    4a9c:	00c12983          	lw	s3,12(sp)
    4aa0:	00812a03          	lw	s4,8(sp)
    4aa4:	00412a83          	lw	s5,4(sp)
    4aa8:	00000513          	addi	a0,zero,0
    4aac:	02010113          	addi	sp,sp,32
    4ab0:	f4dfc06f          	jal	zero,19fc <vTaskDelete>

00004ab4 <rhealstone_deadlock_break_start>:
    4ab4:	00006537          	lui	a0,0x6
    4ab8:	ff010113          	addi	sp,sp,-16
    4abc:	e3050513          	addi	a0,a0,-464 # 5e30 <__umoddi3+0xc58>
    4ac0:	00112623          	sw	ra,12(sp)
    4ac4:	00812423          	sw	s0,8(sp)
    4ac8:	865fc0ef          	jal	ra,132c <shell_puts>
    4acc:	00006537          	lui	a0,0x6
    4ad0:	fb850513          	addi	a0,a0,-72 # 5fb8 <__umoddi3+0xde0>
    4ad4:	859fc0ef          	jal	ra,132c <shell_puts>
    4ad8:	00006537          	lui	a0,0x6
    4adc:	a9050513          	addi	a0,a0,-1392 # 5a90 <__umoddi3+0x8b8>
    4ae0:	84dfc0ef          	jal	ra,132c <shell_puts>
    4ae4:	00006437          	lui	s0,0x6
    4ae8:	00004537          	lui	a0,0x4
    4aec:	00000793          	addi	a5,zero,0
    4af0:	00400713          	addi	a4,zero,4
    4af4:	00000693          	addi	a3,zero,0
    4af8:	20000613          	addi	a2,zero,512
    4afc:	fc840593          	addi	a1,s0,-56 # 5fc8 <__umoddi3+0xdf0>
    4b00:	7ac50513          	addi	a0,a0,1964 # 47ac <vDeadBenchmarkInit>
    4b04:	c59fc0ef          	jal	ra,175c <xTaskCreate>
    4b08:	00100793          	addi	a5,zero,1
    4b0c:	00f50c63          	beq	a0,a5,4b24 <rhealstone_deadlock_break_start+0x70>
    4b10:	fc840513          	addi	a0,s0,-56
    4b14:	00812403          	lw	s0,8(sp)
    4b18:	00c12083          	lw	ra,12(sp)
    4b1c:	01010113          	addi	sp,sp,16
    4b20:	c51ff06f          	jal	zero,4770 <rheal_print_create_failed>
    4b24:	00c12083          	lw	ra,12(sp)
    4b28:	00812403          	lw	s0,8(sp)
    4b2c:	01010113          	addi	sp,sp,16
    4b30:	00008067          	jalr	zero,0(ra)

00004b34 <vIntrLatencyTask>:
    4b34:	fd010113          	addi	sp,sp,-48
    4b38:	02112623          	sw	ra,44(sp)
    4b3c:	02812423          	sw	s0,40(sp)
    4b40:	02912223          	sw	s1,36(sp)
    4b44:	03212023          	sw	s2,32(sp)
    4b48:	01312e23          	sw	s3,28(sp)
    4b4c:	01412c23          	sw	s4,24(sp)
    4b50:	01512a23          	sw	s5,20(sp)
    4b54:	01612823          	sw	s6,16(sp)
    4b58:	01712623          	sw	s7,12(sp)
    4b5c:	01812423          	sw	s8,8(sp)
    4b60:	c0002773          	csrrs	a4,cycle,zero
    4b64:	c00027f3          	csrrs	a5,cycle,zero
    4b68:	100059b7          	lui	s3,0x10005
    4b6c:	40e787b3          	sub	a5,a5,a4
    4b70:	c6f9a023          	sw	a5,-928(s3) # 10004c60 <intr_timer_overhead>
    4b74:	10005a37          	lui	s4,0x10005
    4b78:	c60a2223          	sw	zero,-924(s4) # 10004c64 <intr_total_latency>
    4b7c:	10005ab7          	lui	s5,0x10005
    4b80:	c60aa623          	sw	zero,-916(s5) # 10004c6c <intr_count>
    4b84:	10005437          	lui	s0,0x10005
    4b88:	00100b13          	addi	s6,zero,1
    4b8c:	000f4937          	lui	s2,0xf4
    4b90:	000067b7          	lui	a5,0x6
    4b94:	c7642a23          	sw	s6,-908(s0) # 10004c74 <intr_active>
    4b98:	100054b7          	lui	s1,0x10005
    4b9c:	24090913          	addi	s2,s2,576 # f4240 <_data_load+0xee008>
    4ba0:	fd078c13          	addi	s8,a5,-48 # 5fd0 <__umoddi3+0xdf8>
    4ba4:	c6caa783          	lw	a5,-916(s5)
    4ba8:	000016b7          	lui	a3,0x1
    4bac:	38768693          	addi	a3,a3,903 # 1387 <shell_put_u64+0x57>
    4bb0:	08f6fa63          	bgeu	a3,a5,4c44 <vIntrLatencyTask+0x110>
    4bb4:	c6042a23          	sw	zero,-908(s0)
    4bb8:	c64a2783          	lw	a5,-924(s4)
    4bbc:	c609a603          	lw	a2,-928(s3)
    4bc0:	00001737          	lui	a4,0x1
    4bc4:	38870713          	addi	a4,a4,904 # 1388 <shell_put_u64+0x58>
    4bc8:	02e60633          	mul	a2,a2,a4
    4bcc:	00000413          	addi	s0,zero,0
    4bd0:	00f67863          	bgeu	a2,a5,4be0 <vIntrLatencyTask+0xac>
    4bd4:	40c787b3          	sub	a5,a5,a2
    4bd8:	00f6f463          	bgeu	a3,a5,4be0 <vIntrLatencyTask+0xac>
    4bdc:	02e7d433          	divu	s0,a5,a4
    4be0:	00006537          	lui	a0,0x6
    4be4:	01c50513          	addi	a0,a0,28 # 601c <__umoddi3+0xe44>
    4be8:	f44fc0ef          	jal	ra,132c <shell_puts>
    4bec:	00006537          	lui	a0,0x6
    4bf0:	e2050513          	addi	a0,a0,-480 # 5e20 <__umoddi3+0xc48>
    4bf4:	f38fc0ef          	jal	ra,132c <shell_puts>
    4bf8:	00040513          	addi	a0,s0,0
    4bfc:	00000593          	addi	a1,zero,0
    4c00:	f30fc0ef          	jal	ra,1330 <shell_put_u64>
    4c04:	00006537          	lui	a0,0x6
    4c08:	e2450513          	addi	a0,a0,-476 # 5e24 <__umoddi3+0xc4c>
    4c0c:	f20fc0ef          	jal	ra,132c <shell_puts>
    4c10:	02812403          	lw	s0,40(sp)
    4c14:	02c12083          	lw	ra,44(sp)
    4c18:	02412483          	lw	s1,36(sp)
    4c1c:	02012903          	lw	s2,32(sp)
    4c20:	01c12983          	lw	s3,28(sp)
    4c24:	01812a03          	lw	s4,24(sp)
    4c28:	01412a83          	lw	s5,20(sp)
    4c2c:	01012b03          	lw	s6,16(sp)
    4c30:	00c12b83          	lw	s7,12(sp)
    4c34:	00812c03          	lw	s8,8(sp)
    4c38:	00000513          	addi	a0,zero,0
    4c3c:	03010113          	addi	sp,sp,48
    4c40:	dbdfc06f          	jal	zero,19fc <vTaskDelete>
    4c44:	c764a823          	sw	s6,-912(s1) # 10004c70 <intr_waiting>
    4c48:	020007b7          	lui	a5,0x2000
    4c4c:	0007a803          	lw	a6,0(a5) # 2000000 <_data_load+0x1ff9dc8>
    4c50:	0047a883          	lw	a7,4(a5)
    4c54:	020006b7          	lui	a3,0x2000
    4c58:	00180593          	addi	a1,a6,1
    4c5c:	0105b633          	sltu	a2,a1,a6
    4c60:	011607b3          	add	a5,a2,a7
    4c64:	00b6a423          	sw	a1,8(a3) # 2000008 <_data_load+0x1ff9dd0>
    4c68:	00f6a623          	sw	a5,12(a3)
    4c6c:	c0002773          	csrrs	a4,cycle,zero
    4c70:	100057b7          	lui	a5,0x10005
    4c74:	c6e7a423          	sw	a4,-920(a5) # 10004c68 <intr_trigger_time>
    4c78:	c687ab83          	lw	s7,-920(a5)
    4c7c:	c704a783          	lw	a5,-912(s1)
    4c80:	f20782e3          	beq	a5,zero,4ba4 <vIntrLatencyTask+0x70>
    4c84:	c00027f3          	csrrs	a5,cycle,zero
    4c88:	417787b3          	sub	a5,a5,s7
    4c8c:	00f97e63          	bgeu	s2,a5,4ca8 <vIntrLatencyTask+0x174>
    4c90:	c6042a23          	sw	zero,-908(s0)
    4c94:	000c0513          	addi	a0,s8,0
    4c98:	c604a823          	sw	zero,-912(s1)
    4c9c:	e90fc0ef          	jal	ra,132c <shell_puts>
    4ca0:	00000513          	addi	a0,zero,0
    4ca4:	d59fc0ef          	jal	ra,19fc <vTaskDelete>
    4ca8:	00000073          	ecall
    4cac:	fd1ff06f          	jal	zero,4c7c <vIntrLatencyTask+0x148>

00004cb0 <vApplicationTickHook>:
    4cb0:	100057b7          	lui	a5,0x10005
    4cb4:	c747a783          	lw	a5,-908(a5) # 10004c74 <intr_active>
    4cb8:	04078263          	beq	a5,zero,4cfc <vApplicationTickHook+0x4c>
    4cbc:	10005737          	lui	a4,0x10005
    4cc0:	c7072783          	lw	a5,-912(a4) # 10004c70 <intr_waiting>
    4cc4:	02078c63          	beq	a5,zero,4cfc <vApplicationTickHook+0x4c>
    4cc8:	c0002673          	csrrs	a2,cycle,zero
    4ccc:	100056b7          	lui	a3,0x10005
    4cd0:	100057b7          	lui	a5,0x10005
    4cd4:	c687a583          	lw	a1,-920(a5) # 10004c68 <intr_trigger_time>
    4cd8:	c646a783          	lw	a5,-924(a3) # 10004c64 <intr_total_latency>
    4cdc:	40b787b3          	sub	a5,a5,a1
    4ce0:	00c787b3          	add	a5,a5,a2
    4ce4:	c6f6a223          	sw	a5,-924(a3)
    4ce8:	100056b7          	lui	a3,0x10005
    4cec:	c6c6a783          	lw	a5,-916(a3) # 10004c6c <intr_count>
    4cf0:	00178793          	addi	a5,a5,1
    4cf4:	c6f6a623          	sw	a5,-916(a3)
    4cf8:	c6072823          	sw	zero,-912(a4)
    4cfc:	00008067          	jalr	zero,0(ra)

00004d00 <rhealstone_interrupt_latency_start>:
    4d00:	00006537          	lui	a0,0x6
    4d04:	ff010113          	addi	sp,sp,-16
    4d08:	e3050513          	addi	a0,a0,-464 # 5e30 <__umoddi3+0xc58>
    4d0c:	00112623          	sw	ra,12(sp)
    4d10:	00812423          	sw	s0,8(sp)
    4d14:	00912223          	sw	s1,4(sp)
    4d18:	e14fc0ef          	jal	ra,132c <shell_puts>
    4d1c:	00006537          	lui	a0,0x6
    4d20:	03c50513          	addi	a0,a0,60 # 603c <__umoddi3+0xe64>
    4d24:	e08fc0ef          	jal	ra,132c <shell_puts>
    4d28:	00006437          	lui	s0,0x6
    4d2c:	a9040513          	addi	a0,s0,-1392 # 5a90 <__umoddi3+0x8b8>
    4d30:	dfcfc0ef          	jal	ra,132c <shell_puts>
    4d34:	000064b7          	lui	s1,0x6
    4d38:	00005537          	lui	a0,0x5
    4d3c:	00000793          	addi	a5,zero,0
    4d40:	00300713          	addi	a4,zero,3
    4d44:	00000693          	addi	a3,zero,0
    4d48:	20000613          	addi	a2,zero,512
    4d4c:	05048593          	addi	a1,s1,80 # 6050 <__umoddi3+0xe78>
    4d50:	b3450513          	addi	a0,a0,-1228 # 4b34 <vIntrLatencyTask>
    4d54:	a09fc0ef          	jal	ra,175c <xTaskCreate>
    4d58:	00100793          	addi	a5,zero,1
    4d5c:	02f50863          	beq	a0,a5,4d8c <rhealstone_interrupt_latency_start+0x8c>
    4d60:	00006537          	lui	a0,0x6
    4d64:	da850513          	addi	a0,a0,-600 # 5da8 <__umoddi3+0xbd0>
    4d68:	dc4fc0ef          	jal	ra,132c <shell_puts>
    4d6c:	05048513          	addi	a0,s1,80
    4d70:	dbcfc0ef          	jal	ra,132c <shell_puts>
    4d74:	a9040513          	addi	a0,s0,-1392
    4d78:	00812403          	lw	s0,8(sp)
    4d7c:	00c12083          	lw	ra,12(sp)
    4d80:	00412483          	lw	s1,4(sp)
    4d84:	01010113          	addi	sp,sp,16
    4d88:	da4fc06f          	jal	zero,132c <shell_puts>
    4d8c:	00c12083          	lw	ra,12(sp)
    4d90:	00812403          	lw	s0,8(sp)
    4d94:	00412483          	lw	s1,4(sp)
    4d98:	01010113          	addi	sp,sp,16
    4d9c:	00008067          	jalr	zero,0(ra)

00004da0 <__clzsi2>:
    4da0:	000107b7          	lui	a5,0x10
    4da4:	02f57a63          	bgeu	a0,a5,4dd8 <__clzsi2+0x38>
    4da8:	10053793          	sltiu	a5,a0,256
    4dac:	0017b793          	sltiu	a5,a5,1
    4db0:	00379793          	slli	a5,a5,0x3
    4db4:	00006737          	lui	a4,0x6
    4db8:	00f55533          	srl	a0,a0,a5
    4dbc:	12c70713          	addi	a4,a4,300 # 612c <__clz_tab>
    4dc0:	00a70733          	add	a4,a4,a0
    4dc4:	00074503          	lbu	a0,0(a4)
    4dc8:	02000693          	addi	a3,zero,32
    4dcc:	40f686b3          	sub	a3,a3,a5
    4dd0:	40a68533          	sub	a0,a3,a0
    4dd4:	00008067          	jalr	zero,0(ra)
    4dd8:	01000737          	lui	a4,0x1000
    4ddc:	01800793          	addi	a5,zero,24
    4de0:	fce57ae3          	bgeu	a0,a4,4db4 <__clzsi2+0x14>
    4de4:	01000793          	addi	a5,zero,16
    4de8:	fcdff06f          	jal	zero,4db4 <__clzsi2+0x14>

00004dec <__udivdi3>:
    4dec:	00060713          	addi	a4,a2,0
    4df0:	00068893          	addi	a7,a3,0
    4df4:	00050813          	addi	a6,a0,0
    4df8:	00058313          	addi	t1,a1,0
    4dfc:	24069463          	bne	a3,zero,5044 <__udivdi3+0x258>
    4e00:	000067b7          	lui	a5,0x6
    4e04:	12c78793          	addi	a5,a5,300 # 612c <__clz_tab>
    4e08:	0ec5f463          	bgeu	a1,a2,4ef0 <__udivdi3+0x104>
    4e0c:	000106b7          	lui	a3,0x10
    4e10:	0cd67063          	bgeu	a2,a3,4ed0 <__udivdi3+0xe4>
    4e14:	10063693          	sltiu	a3,a2,256
    4e18:	0016b693          	sltiu	a3,a3,1
    4e1c:	00369693          	slli	a3,a3,0x3
    4e20:	00d65e33          	srl	t3,a2,a3
    4e24:	01c787b3          	add	a5,a5,t3
    4e28:	0007c783          	lbu	a5,0(a5)
    4e2c:	00d787b3          	add	a5,a5,a3
    4e30:	02000693          	addi	a3,zero,32
    4e34:	00d78e63          	beq	a5,a3,4e50 <__udivdi3+0x64>
    4e38:	40f686b3          	sub	a3,a3,a5
    4e3c:	00d59333          	sll	t1,a1,a3
    4e40:	00f557b3          	srl	a5,a0,a5
    4e44:	00d61733          	sll	a4,a2,a3
    4e48:	0067e333          	or	t1,a5,t1
    4e4c:	00d51833          	sll	a6,a0,a3
    4e50:	01075513          	srli	a0,a4,0x10
    4e54:	02a357b3          	divu	a5,t1,a0
    4e58:	01071593          	slli	a1,a4,0x10
    4e5c:	0105d593          	srli	a1,a1,0x10
    4e60:	01085693          	srli	a3,a6,0x10
    4e64:	02a37333          	remu	t1,t1,a0
    4e68:	02f58633          	mul	a2,a1,a5
    4e6c:	01031313          	slli	t1,t1,0x10
    4e70:	0066e6b3          	or	a3,a3,t1
    4e74:	00c6fa63          	bgeu	a3,a2,4e88 <__udivdi3+0x9c>
    4e78:	00d706b3          	add	a3,a4,a3
    4e7c:	00c6f463          	bgeu	a3,a2,4e84 <__udivdi3+0x98>
    4e80:	06e6f263          	bgeu	a3,a4,4ee4 <__udivdi3+0xf8>
    4e84:	fff78793          	addi	a5,a5,-1
    4e88:	40c686b3          	sub	a3,a3,a2
    4e8c:	02a6d633          	divu	a2,a3,a0
    4e90:	01081813          	slli	a6,a6,0x10
    4e94:	01085813          	srli	a6,a6,0x10
    4e98:	02a6f6b3          	remu	a3,a3,a0
    4e9c:	02c585b3          	mul	a1,a1,a2
    4ea0:	01069693          	slli	a3,a3,0x10
    4ea4:	00d86833          	or	a6,a6,a3
    4ea8:	00b87a63          	bgeu	a6,a1,4ebc <__udivdi3+0xd0>
    4eac:	01070833          	add	a6,a4,a6
    4eb0:	00b87463          	bgeu	a6,a1,4eb8 <__udivdi3+0xcc>
    4eb4:	18e87463          	bgeu	a6,a4,503c <__udivdi3+0x250>
    4eb8:	fff60613          	addi	a2,a2,-1
    4ebc:	01079793          	slli	a5,a5,0x10
    4ec0:	00c7e7b3          	or	a5,a5,a2
    4ec4:	00078513          	addi	a0,a5,0
    4ec8:	00088593          	addi	a1,a7,0
    4ecc:	00008067          	jalr	zero,0(ra)
    4ed0:	01000e37          	lui	t3,0x1000
    4ed4:	01800693          	addi	a3,zero,24
    4ed8:	f5c674e3          	bgeu	a2,t3,4e20 <__udivdi3+0x34>
    4edc:	01000693          	addi	a3,zero,16
    4ee0:	f41ff06f          	jal	zero,4e20 <__udivdi3+0x34>
    4ee4:	ffe78793          	addi	a5,a5,-2
    4ee8:	00e686b3          	add	a3,a3,a4
    4eec:	f9dff06f          	jal	zero,4e88 <__udivdi3+0x9c>
    4ef0:	00000693          	addi	a3,zero,0
    4ef4:	00060c63          	beq	a2,zero,4f0c <__udivdi3+0x120>
    4ef8:	000106b7          	lui	a3,0x10
    4efc:	06d67863          	bgeu	a2,a3,4f6c <__udivdi3+0x180>
    4f00:	10063693          	sltiu	a3,a2,256
    4f04:	0016b693          	sltiu	a3,a3,1
    4f08:	00369693          	slli	a3,a3,0x3
    4f0c:	00d658b3          	srl	a7,a2,a3
    4f10:	011787b3          	add	a5,a5,a7
    4f14:	0007c783          	lbu	a5,0(a5)
    4f18:	00d787b3          	add	a5,a5,a3
    4f1c:	02000693          	addi	a3,zero,32
    4f20:	06d79063          	bne	a5,a3,4f80 <__udivdi3+0x194>
    4f24:	40c58633          	sub	a2,a1,a2
    4f28:	00100893          	addi	a7,zero,1
    4f2c:	01075513          	srli	a0,a4,0x10
    4f30:	02a657b3          	divu	a5,a2,a0
    4f34:	01071593          	slli	a1,a4,0x10
    4f38:	0105d593          	srli	a1,a1,0x10
    4f3c:	01085693          	srli	a3,a6,0x10
    4f40:	02a67633          	remu	a2,a2,a0
    4f44:	02f58333          	mul	t1,a1,a5
    4f48:	01061613          	slli	a2,a2,0x10
    4f4c:	00c6e6b3          	or	a3,a3,a2
    4f50:	0066fa63          	bgeu	a3,t1,4f64 <__udivdi3+0x178>
    4f54:	00d706b3          	add	a3,a4,a3
    4f58:	0066f463          	bgeu	a3,t1,4f60 <__udivdi3+0x174>
    4f5c:	0ce6fa63          	bgeu	a3,a4,5030 <__udivdi3+0x244>
    4f60:	fff78793          	addi	a5,a5,-1
    4f64:	406686b3          	sub	a3,a3,t1
    4f68:	f25ff06f          	jal	zero,4e8c <__udivdi3+0xa0>
    4f6c:	010008b7          	lui	a7,0x1000
    4f70:	01800693          	addi	a3,zero,24
    4f74:	f9167ce3          	bgeu	a2,a7,4f0c <__udivdi3+0x120>
    4f78:	01000693          	addi	a3,zero,16
    4f7c:	f91ff06f          	jal	zero,4f0c <__udivdi3+0x120>
    4f80:	40f68833          	sub	a6,a3,a5
    4f84:	01061733          	sll	a4,a2,a6
    4f88:	00f5d6b3          	srl	a3,a1,a5
    4f8c:	010595b3          	sll	a1,a1,a6
    4f90:	00f557b3          	srl	a5,a0,a5
    4f94:	01051833          	sll	a6,a0,a6
    4f98:	01075513          	srli	a0,a4,0x10
    4f9c:	02a6d8b3          	divu	a7,a3,a0
    4fa0:	01071613          	slli	a2,a4,0x10
    4fa4:	01065613          	srli	a2,a2,0x10
    4fa8:	00b7e7b3          	or	a5,a5,a1
    4fac:	02a6f6b3          	remu	a3,a3,a0
    4fb0:	03160333          	mul	t1,a2,a7
    4fb4:	01069593          	slli	a1,a3,0x10
    4fb8:	0107d693          	srli	a3,a5,0x10
    4fbc:	00b6e6b3          	or	a3,a3,a1
    4fc0:	0066fa63          	bgeu	a3,t1,4fd4 <__udivdi3+0x1e8>
    4fc4:	00d706b3          	add	a3,a4,a3
    4fc8:	0066f463          	bgeu	a3,t1,4fd0 <__udivdi3+0x1e4>
    4fcc:	04e6f663          	bgeu	a3,a4,5018 <__udivdi3+0x22c>
    4fd0:	fff88893          	addi	a7,a7,-1 # ffffff <_data_load+0xff9dc7>
    4fd4:	406686b3          	sub	a3,a3,t1
    4fd8:	02a6d5b3          	divu	a1,a3,a0
    4fdc:	01079793          	slli	a5,a5,0x10
    4fe0:	0107d793          	srli	a5,a5,0x10
    4fe4:	02a6f6b3          	remu	a3,a3,a0
    4fe8:	02b60633          	mul	a2,a2,a1
    4fec:	01069693          	slli	a3,a3,0x10
    4ff0:	00d7e7b3          	or	a5,a5,a3
    4ff4:	00c7fa63          	bgeu	a5,a2,5008 <__udivdi3+0x21c>
    4ff8:	00f707b3          	add	a5,a4,a5
    4ffc:	00c7f463          	bgeu	a5,a2,5004 <__udivdi3+0x218>
    5000:	02e7f263          	bgeu	a5,a4,5024 <__udivdi3+0x238>
    5004:	fff58593          	addi	a1,a1,-1
    5008:	01089893          	slli	a7,a7,0x10
    500c:	40c78633          	sub	a2,a5,a2
    5010:	00b8e8b3          	or	a7,a7,a1
    5014:	f19ff06f          	jal	zero,4f2c <__udivdi3+0x140>
    5018:	ffe88893          	addi	a7,a7,-2
    501c:	00e686b3          	add	a3,a3,a4
    5020:	fb5ff06f          	jal	zero,4fd4 <__udivdi3+0x1e8>
    5024:	ffe58593          	addi	a1,a1,-2
    5028:	00e787b3          	add	a5,a5,a4
    502c:	fddff06f          	jal	zero,5008 <__udivdi3+0x21c>
    5030:	ffe78793          	addi	a5,a5,-2
    5034:	00e686b3          	add	a3,a3,a4
    5038:	f2dff06f          	jal	zero,4f64 <__udivdi3+0x178>
    503c:	ffe60613          	addi	a2,a2,-2
    5040:	e7dff06f          	jal	zero,4ebc <__udivdi3+0xd0>
    5044:	18d5e463          	bltu	a1,a3,51cc <__udivdi3+0x3e0>
    5048:	000107b7          	lui	a5,0x10
    504c:	04f6f463          	bgeu	a3,a5,5094 <__udivdi3+0x2a8>
    5050:	1006b793          	sltiu	a5,a3,256
    5054:	0017b793          	sltiu	a5,a5,1
    5058:	00379793          	slli	a5,a5,0x3
    505c:	00006737          	lui	a4,0x6
    5060:	00f6d833          	srl	a6,a3,a5
    5064:	12c70713          	addi	a4,a4,300 # 612c <__clz_tab>
    5068:	01070733          	add	a4,a4,a6
    506c:	00074703          	lbu	a4,0(a4)
    5070:	02000813          	addi	a6,zero,32
    5074:	00f70733          	add	a4,a4,a5
    5078:	03071863          	bne	a4,a6,50a8 <__udivdi3+0x2bc>
    507c:	00c537b3          	sltu	a5,a0,a2
    5080:	0017b793          	sltiu	a5,a5,1
    5084:	00b6b6b3          	sltu	a3,a3,a1
    5088:	00d7e7b3          	or	a5,a5,a3
    508c:	00000893          	addi	a7,zero,0
    5090:	e35ff06f          	jal	zero,4ec4 <__udivdi3+0xd8>
    5094:	01000737          	lui	a4,0x1000
    5098:	01800793          	addi	a5,zero,24
    509c:	fce6f0e3          	bgeu	a3,a4,505c <__udivdi3+0x270>
    50a0:	01000793          	addi	a5,zero,16
    50a4:	fb9ff06f          	jal	zero,505c <__udivdi3+0x270>
    50a8:	40e80833          	sub	a6,a6,a4
    50ac:	00e658b3          	srl	a7,a2,a4
    50b0:	010696b3          	sll	a3,a3,a6
    50b4:	00d8e8b3          	or	a7,a7,a3
    50b8:	0108de13          	srli	t3,a7,0x10
    50bc:	00e5d6b3          	srl	a3,a1,a4
    50c0:	03c6d7b3          	divu	a5,a3,t3
    50c4:	01089313          	slli	t1,a7,0x10
    50c8:	01035313          	srli	t1,t1,0x10
    50cc:	010595b3          	sll	a1,a1,a6
    50d0:	00e55733          	srl	a4,a0,a4
    50d4:	00b76733          	or	a4,a4,a1
    50d8:	01061633          	sll	a2,a2,a6
    50dc:	03c6f6b3          	remu	a3,a3,t3
    50e0:	02f30eb3          	mul	t4,t1,a5
    50e4:	01069593          	slli	a1,a3,0x10
    50e8:	01075693          	srli	a3,a4,0x10
    50ec:	00b6e6b3          	or	a3,a3,a1
    50f0:	01d6fa63          	bgeu	a3,t4,5104 <__udivdi3+0x318>
    50f4:	00d886b3          	add	a3,a7,a3
    50f8:	01d6f463          	bgeu	a3,t4,5100 <__udivdi3+0x314>
    50fc:	0b16fc63          	bgeu	a3,a7,51b4 <__udivdi3+0x3c8>
    5100:	fff78793          	addi	a5,a5,-1 # ffff <_data_load+0x9dc7>
    5104:	41d686b3          	sub	a3,a3,t4
    5108:	03c6d5b3          	divu	a1,a3,t3
    510c:	01071713          	slli	a4,a4,0x10
    5110:	01075713          	srli	a4,a4,0x10
    5114:	03c6f6b3          	remu	a3,a3,t3
    5118:	02b30333          	mul	t1,t1,a1
    511c:	01069693          	slli	a3,a3,0x10
    5120:	00d76733          	or	a4,a4,a3
    5124:	00677a63          	bgeu	a4,t1,5138 <__udivdi3+0x34c>
    5128:	00e88733          	add	a4,a7,a4
    512c:	00677463          	bgeu	a4,t1,5134 <__udivdi3+0x348>
    5130:	09177863          	bgeu	a4,a7,51c0 <__udivdi3+0x3d4>
    5134:	fff58593          	addi	a1,a1,-1
    5138:	01079793          	slli	a5,a5,0x10
    513c:	00b7e7b3          	or	a5,a5,a1
    5140:	40670733          	sub	a4,a4,t1
    5144:	01059593          	slli	a1,a1,0x10
    5148:	01061313          	slli	t1,a2,0x10
    514c:	0105d593          	srli	a1,a1,0x10
    5150:	0107d893          	srli	a7,a5,0x10
    5154:	01035313          	srli	t1,t1,0x10
    5158:	01065613          	srli	a2,a2,0x10
    515c:	02658e33          	mul	t3,a1,t1
    5160:	02688333          	mul	t1,a7,t1
    5164:	010e5693          	srli	a3,t3,0x10
    5168:	02c585b3          	mul	a1,a1,a2
    516c:	006585b3          	add	a1,a1,t1
    5170:	00b686b3          	add	a3,a3,a1
    5174:	02c888b3          	mul	a7,a7,a2
    5178:	0066f663          	bgeu	a3,t1,5184 <__udivdi3+0x398>
    517c:	00010637          	lui	a2,0x10
    5180:	00c888b3          	add	a7,a7,a2
    5184:	0106d613          	srli	a2,a3,0x10
    5188:	01160633          	add	a2,a2,a7
    518c:	02c76063          	bltu	a4,a2,51ac <__udivdi3+0x3c0>
    5190:	010e1e13          	slli	t3,t3,0x10
    5194:	01069693          	slli	a3,a3,0x10
    5198:	010e5e13          	srli	t3,t3,0x10
    519c:	01051533          	sll	a0,a0,a6
    51a0:	01c686b3          	add	a3,a3,t3
    51a4:	eed574e3          	bgeu	a0,a3,508c <__udivdi3+0x2a0>
    51a8:	eec712e3          	bne	a4,a2,508c <__udivdi3+0x2a0>
    51ac:	fff78793          	addi	a5,a5,-1
    51b0:	eddff06f          	jal	zero,508c <__udivdi3+0x2a0>
    51b4:	ffe78793          	addi	a5,a5,-2
    51b8:	011686b3          	add	a3,a3,a7
    51bc:	f49ff06f          	jal	zero,5104 <__udivdi3+0x318>
    51c0:	ffe58593          	addi	a1,a1,-2
    51c4:	01170733          	add	a4,a4,a7
    51c8:	f71ff06f          	jal	zero,5138 <__udivdi3+0x34c>
    51cc:	00000893          	addi	a7,zero,0
    51d0:	00000793          	addi	a5,zero,0
    51d4:	cf1ff06f          	jal	zero,4ec4 <__udivdi3+0xd8>

000051d8 <__umoddi3>:
    51d8:	00060813          	addi	a6,a2,0 # 10000 <_data_load+0x9dc8>
    51dc:	00050793          	addi	a5,a0,0
    51e0:	00058713          	addi	a4,a1,0
    51e4:	24069463          	bne	a3,zero,542c <__umoddi3+0x254>
    51e8:	000066b7          	lui	a3,0x6
    51ec:	12c68693          	addi	a3,a3,300 # 612c <__clz_tab>
    51f0:	0ec5f863          	bgeu	a1,a2,52e0 <__umoddi3+0x108>
    51f4:	000108b7          	lui	a7,0x10
    51f8:	0d167a63          	bgeu	a2,a7,52cc <__umoddi3+0xf4>
    51fc:	10063893          	sltiu	a7,a2,256
    5200:	0018b893          	sltiu	a7,a7,1
    5204:	00389893          	slli	a7,a7,0x3
    5208:	01165333          	srl	t1,a2,a7
    520c:	006686b3          	add	a3,a3,t1
    5210:	0006c683          	lbu	a3,0(a3)
    5214:	02000313          	addi	t1,zero,32
    5218:	011686b3          	add	a3,a3,a7
    521c:	40d308b3          	sub	a7,t1,a3
    5220:	00668c63          	beq	a3,t1,5238 <__umoddi3+0x60>
    5224:	01159733          	sll	a4,a1,a7
    5228:	00d556b3          	srl	a3,a0,a3
    522c:	01161833          	sll	a6,a2,a7
    5230:	00e6e733          	or	a4,a3,a4
    5234:	011517b3          	sll	a5,a0,a7
    5238:	01085513          	srli	a0,a6,0x10
    523c:	02a756b3          	divu	a3,a4,a0
    5240:	01081313          	slli	t1,a6,0x10
    5244:	01035313          	srli	t1,t1,0x10
    5248:	02a77733          	remu	a4,a4,a0
    524c:	026686b3          	mul	a3,a3,t1
    5250:	01071593          	slli	a1,a4,0x10
    5254:	0107d713          	srli	a4,a5,0x10
    5258:	00b76733          	or	a4,a4,a1
    525c:	02d77063          	bgeu	a4,a3,527c <__umoddi3+0xa4>
    5260:	00e80733          	add	a4,a6,a4
    5264:	010735b3          	sltu	a1,a4,a6
    5268:	00d73633          	sltu	a2,a4,a3
    526c:	0015b593          	sltiu	a1,a1,1
    5270:	00b67633          	and	a2,a2,a1
    5274:	03060633          	mul	a2,a2,a6
    5278:	00e60733          	add	a4,a2,a4
    527c:	40d70733          	sub	a4,a4,a3
    5280:	02a756b3          	divu	a3,a4,a0
    5284:	02a77733          	remu	a4,a4,a0
    5288:	026686b3          	mul	a3,a3,t1
    528c:	01079513          	slli	a0,a5,0x10
    5290:	01071713          	slli	a4,a4,0x10
    5294:	01055513          	srli	a0,a0,0x10
    5298:	00e56533          	or	a0,a0,a4
    529c:	02d57063          	bgeu	a0,a3,52bc <__umoddi3+0xe4>
    52a0:	00a80533          	add	a0,a6,a0
    52a4:	01053733          	sltu	a4,a0,a6
    52a8:	00d537b3          	sltu	a5,a0,a3
    52ac:	00173713          	sltiu	a4,a4,1
    52b0:	00e7f7b3          	and	a5,a5,a4
    52b4:	030787b3          	mul	a5,a5,a6
    52b8:	00a78533          	add	a0,a5,a0
    52bc:	40d50533          	sub	a0,a0,a3
    52c0:	01155533          	srl	a0,a0,a7
    52c4:	00000593          	addi	a1,zero,0
    52c8:	00008067          	jalr	zero,0(ra)
    52cc:	01000337          	lui	t1,0x1000
    52d0:	01800893          	addi	a7,zero,24
    52d4:	f2667ae3          	bgeu	a2,t1,5208 <__umoddi3+0x30>
    52d8:	01000893          	addi	a7,zero,16
    52dc:	f2dff06f          	jal	zero,5208 <__umoddi3+0x30>
    52e0:	00000713          	addi	a4,zero,0
    52e4:	00060c63          	beq	a2,zero,52fc <__umoddi3+0x124>
    52e8:	00010737          	lui	a4,0x10
    52ec:	08e67463          	bgeu	a2,a4,5374 <__umoddi3+0x19c>
    52f0:	10063713          	sltiu	a4,a2,256
    52f4:	00173713          	sltiu	a4,a4,1
    52f8:	00371713          	slli	a4,a4,0x3
    52fc:	00e658b3          	srl	a7,a2,a4
    5300:	011686b3          	add	a3,a3,a7
    5304:	0006c683          	lbu	a3,0(a3)
    5308:	00e686b3          	add	a3,a3,a4
    530c:	02000713          	addi	a4,zero,32
    5310:	40d708b3          	sub	a7,a4,a3
    5314:	06e69a63          	bne	a3,a4,5388 <__umoddi3+0x1b0>
    5318:	40c586b3          	sub	a3,a1,a2
    531c:	01085593          	srli	a1,a6,0x10
    5320:	02b6d633          	divu	a2,a3,a1
    5324:	01081313          	slli	t1,a6,0x10
    5328:	01035313          	srli	t1,t1,0x10
    532c:	0107d713          	srli	a4,a5,0x10
    5330:	02b6f6b3          	remu	a3,a3,a1
    5334:	02660633          	mul	a2,a2,t1
    5338:	01069693          	slli	a3,a3,0x10
    533c:	00d76733          	or	a4,a4,a3
    5340:	02c77063          	bgeu	a4,a2,5360 <__umoddi3+0x188>
    5344:	00e80733          	add	a4,a6,a4
    5348:	01073533          	sltu	a0,a4,a6
    534c:	00c736b3          	sltu	a3,a4,a2
    5350:	00153513          	sltiu	a0,a0,1
    5354:	00a6f6b3          	and	a3,a3,a0
    5358:	030686b3          	mul	a3,a3,a6
    535c:	00e68733          	add	a4,a3,a4
    5360:	40c70733          	sub	a4,a4,a2
    5364:	02b756b3          	divu	a3,a4,a1
    5368:	02b77733          	remu	a4,a4,a1
    536c:	026686b3          	mul	a3,a3,t1
    5370:	f1dff06f          	jal	zero,528c <__umoddi3+0xb4>
    5374:	010008b7          	lui	a7,0x1000
    5378:	01800713          	addi	a4,zero,24
    537c:	f91670e3          	bgeu	a2,a7,52fc <__umoddi3+0x124>
    5380:	01000713          	addi	a4,zero,16
    5384:	f79ff06f          	jal	zero,52fc <__umoddi3+0x124>
    5388:	01161833          	sll	a6,a2,a7
    538c:	00d5d733          	srl	a4,a1,a3
    5390:	011517b3          	sll	a5,a0,a7
    5394:	011595b3          	sll	a1,a1,a7
    5398:	00d556b3          	srl	a3,a0,a3
    539c:	01085513          	srli	a0,a6,0x10
    53a0:	00b6e6b3          	or	a3,a3,a1
    53a4:	02a755b3          	divu	a1,a4,a0
    53a8:	01081e13          	slli	t3,a6,0x10
    53ac:	010e5e13          	srli	t3,t3,0x10
    53b0:	02a77733          	remu	a4,a4,a0
    53b4:	03c585b3          	mul	a1,a1,t3
    53b8:	01071613          	slli	a2,a4,0x10
    53bc:	0106d713          	srli	a4,a3,0x10
    53c0:	00c76733          	or	a4,a4,a2
    53c4:	02b77063          	bgeu	a4,a1,53e4 <__umoddi3+0x20c>
    53c8:	00e80733          	add	a4,a6,a4
    53cc:	01073333          	sltu	t1,a4,a6
    53d0:	00b73633          	sltu	a2,a4,a1
    53d4:	00133313          	sltiu	t1,t1,1
    53d8:	00667633          	and	a2,a2,t1
    53dc:	03060633          	mul	a2,a2,a6
    53e0:	00e60733          	add	a4,a2,a4
    53e4:	40b70733          	sub	a4,a4,a1
    53e8:	02a75633          	divu	a2,a4,a0
    53ec:	01069693          	slli	a3,a3,0x10
    53f0:	0106d693          	srli	a3,a3,0x10
    53f4:	02a77733          	remu	a4,a4,a0
    53f8:	03c60633          	mul	a2,a2,t3
    53fc:	01071713          	slli	a4,a4,0x10
    5400:	00e6e6b3          	or	a3,a3,a4
    5404:	02c6f063          	bgeu	a3,a2,5424 <__umoddi3+0x24c>
    5408:	00d806b3          	add	a3,a6,a3
    540c:	0106b5b3          	sltu	a1,a3,a6
    5410:	00c6b733          	sltu	a4,a3,a2
    5414:	0015b593          	sltiu	a1,a1,1
    5418:	00b77733          	and	a4,a4,a1
    541c:	03070733          	mul	a4,a4,a6
    5420:	00d706b3          	add	a3,a4,a3
    5424:	40c686b3          	sub	a3,a3,a2
    5428:	ef5ff06f          	jal	zero,531c <__umoddi3+0x144>
    542c:	1ad5e663          	bltu	a1,a3,55d8 <__umoddi3+0x400>
    5430:	00010837          	lui	a6,0x10
    5434:	0506fc63          	bgeu	a3,a6,548c <__umoddi3+0x2b4>
    5438:	1006b893          	sltiu	a7,a3,256
    543c:	0018b893          	sltiu	a7,a7,1
    5440:	00389893          	slli	a7,a7,0x3
    5444:	00006837          	lui	a6,0x6
    5448:	0116d333          	srl	t1,a3,a7
    544c:	12c80813          	addi	a6,a6,300 # 612c <__clz_tab>
    5450:	00680833          	add	a6,a6,t1
    5454:	00084803          	lbu	a6,0(a6)
    5458:	01180833          	add	a6,a6,a7
    545c:	02000893          	addi	a7,zero,32
    5460:	05181063          	bne	a6,a7,54a0 <__umoddi3+0x2c8>
    5464:	00c57463          	bgeu	a0,a2,546c <__umoddi3+0x294>
    5468:	00b6fc63          	bgeu	a3,a1,5480 <__umoddi3+0x2a8>
    546c:	40c50733          	sub	a4,a0,a2
    5470:	00070793          	addi	a5,a4,0 # 10000 <_data_load+0x9dc8>
    5474:	40d586b3          	sub	a3,a1,a3
    5478:	00e53733          	sltu	a4,a0,a4
    547c:	40e68733          	sub	a4,a3,a4
    5480:	00078513          	addi	a0,a5,0
    5484:	00070593          	addi	a1,a4,0
    5488:	00008067          	jalr	zero,0(ra)
    548c:	01000837          	lui	a6,0x1000
    5490:	01800893          	addi	a7,zero,24
    5494:	fb06f8e3          	bgeu	a3,a6,5444 <__umoddi3+0x26c>
    5498:	01000893          	addi	a7,zero,16
    549c:	fa9ff06f          	jal	zero,5444 <__umoddi3+0x26c>
    54a0:	410888b3          	sub	a7,a7,a6
    54a4:	011696b3          	sll	a3,a3,a7
    54a8:	01065333          	srl	t1,a2,a6
    54ac:	00d36333          	or	t1,t1,a3
    54b0:	0105d733          	srl	a4,a1,a6
    54b4:	01035e93          	srli	t4,t1,0x10
    54b8:	03d756b3          	divu	a3,a4,t4
    54bc:	01031e13          	slli	t3,t1,0x10
    54c0:	010e5e13          	srli	t3,t3,0x10
    54c4:	011597b3          	sll	a5,a1,a7
    54c8:	010555b3          	srl	a1,a0,a6
    54cc:	00f5e5b3          	or	a1,a1,a5
    54d0:	0105d793          	srli	a5,a1,0x10
    54d4:	01161633          	sll	a2,a2,a7
    54d8:	01151533          	sll	a0,a0,a7
    54dc:	03d77733          	remu	a4,a4,t4
    54e0:	02de0f33          	mul	t5,t3,a3
    54e4:	01071713          	slli	a4,a4,0x10
    54e8:	00e7e7b3          	or	a5,a5,a4
    54ec:	01e7fa63          	bgeu	a5,t5,5500 <__umoddi3+0x328>
    54f0:	00f307b3          	add	a5,t1,a5
    54f4:	01e7f463          	bgeu	a5,t5,54fc <__umoddi3+0x324>
    54f8:	0e67f263          	bgeu	a5,t1,55dc <__umoddi3+0x404>
    54fc:	fff68693          	addi	a3,a3,-1
    5500:	41e787b3          	sub	a5,a5,t5
    5504:	03d7d733          	divu	a4,a5,t4
    5508:	01059593          	slli	a1,a1,0x10
    550c:	0105d593          	srli	a1,a1,0x10
    5510:	03d7f7b3          	remu	a5,a5,t4
    5514:	02ee0e33          	mul	t3,t3,a4
    5518:	01079793          	slli	a5,a5,0x10
    551c:	00f5e5b3          	or	a1,a1,a5
    5520:	01c5fa63          	bgeu	a1,t3,5534 <__umoddi3+0x35c>
    5524:	00b305b3          	add	a1,t1,a1
    5528:	01c5f463          	bgeu	a1,t3,5530 <__umoddi3+0x358>
    552c:	0a65fe63          	bgeu	a1,t1,55e8 <__umoddi3+0x410>
    5530:	fff70713          	addi	a4,a4,-1
    5534:	01069693          	slli	a3,a3,0x10
    5538:	00e6e6b3          	or	a3,a3,a4
    553c:	41c585b3          	sub	a1,a1,t3
    5540:	01071713          	slli	a4,a4,0x10
    5544:	01061e13          	slli	t3,a2,0x10
    5548:	01065793          	srli	a5,a2,0x10
    554c:	01075713          	srli	a4,a4,0x10
    5550:	0106d693          	srli	a3,a3,0x10
    5554:	010e5e13          	srli	t3,t3,0x10
    5558:	03c70eb3          	mul	t4,a4,t3
    555c:	03c68e33          	mul	t3,a3,t3
    5560:	02f70733          	mul	a4,a4,a5
    5564:	02f686b3          	mul	a3,a3,a5
    5568:	01c707b3          	add	a5,a4,t3
    556c:	010ed713          	srli	a4,t4,0x10
    5570:	00f70733          	add	a4,a4,a5
    5574:	01c77663          	bgeu	a4,t3,5580 <__umoddi3+0x3a8>
    5578:	000107b7          	lui	a5,0x10
    557c:	00f686b3          	add	a3,a3,a5
    5580:	01075793          	srli	a5,a4,0x10
    5584:	010e9e93          	slli	t4,t4,0x10
    5588:	01071713          	slli	a4,a4,0x10
    558c:	010ede93          	srli	t4,t4,0x10
    5590:	00d787b3          	add	a5,a5,a3
    5594:	01d70733          	add	a4,a4,t4
    5598:	00f5e663          	bltu	a1,a5,55a4 <__umoddi3+0x3cc>
    559c:	00e57e63          	bgeu	a0,a4,55b8 <__umoddi3+0x3e0>
    55a0:	00f59c63          	bne	a1,a5,55b8 <__umoddi3+0x3e0>
    55a4:	40c70633          	sub	a2,a4,a2
    55a8:	00c736b3          	sltu	a3,a4,a2
    55ac:	006686b3          	add	a3,a3,t1
    55b0:	00060713          	addi	a4,a2,0
    55b4:	40d787b3          	sub	a5,a5,a3
    55b8:	40e50733          	sub	a4,a0,a4
    55bc:	00e53533          	sltu	a0,a0,a4
    55c0:	40f585b3          	sub	a1,a1,a5
    55c4:	40a585b3          	sub	a1,a1,a0
    55c8:	01059833          	sll	a6,a1,a6
    55cc:	01175733          	srl	a4,a4,a7
    55d0:	00e86533          	or	a0,a6,a4
    55d4:	0115d5b3          	srl	a1,a1,a7
    55d8:	00008067          	jalr	zero,0(ra)
    55dc:	ffe68693          	addi	a3,a3,-2
    55e0:	006787b3          	add	a5,a5,t1
    55e4:	f1dff06f          	jal	zero,5500 <__umoddi3+0x328>
    55e8:	ffe70713          	addi	a4,a4,-2
    55ec:	006585b3          	add	a1,a1,t1
    55f0:	f45ff06f          	jal	zero,5534 <__umoddi3+0x35c>
